track_name,artist_name,album_name,duration_ms,popularity
Shape of You,Billie Eilish,Midnights,248305,20
Believer,Adele,Scorpion,220605,43
Levitating,Drake,Anti,295109,64
Blinding Lights,Drake,25,274240,75
Bad Guy,Justin Bieber,Evolve,257077,83
Someone Like You,Imagine Dragons,Midnights,306386,32
Perfect,Ed Sheeran,Justice,194216,15
Hello,Imagine Dragons,25,252292,21
Stay,Drake,Anti,132057,63
Senorita,Rihanna,Scorpion,230984,36
Shape of You,Dua Lipa,When We All Fall Asleep,286456,79
Believer,The Weeknd,Midnights,178522,42
Levitating,Ed Sheeran,25,223764,42
Blinding Lights,Rihanna,Midnights,137227,66
Bad Guy,Drake,Midnights,282542,36
Someone Like You,Ed Sheeran,Evolve,215277,50
Perfect,Dua Lipa,Scorpion,144835,46
Hello,Rihanna,Midnights,308526,5
Stay,Justin Bieber,Midnights,187611,16
Senorita,Drake,When We All Fall Asleep,269853,98
Shape of You,Drake,25,147532,19
Believer,Taylor Swift,After Hours,306383,87
Levitating,Dua Lipa,Anti,242935,3
Blinding Lights,The Weeknd,Anti,243491,55
Bad Guy,Ed Sheeran,After Hours,147437,82
Someone Like You,Rihanna,When We All Fall Asleep,206297,64
Perfect,Dua Lipa,After Hours,179351,41
Hello,The Weeknd,25,199532,5
Stay,Ed Sheeran,Midnights,147218,45
Senorita,Billie Eilish,Midnights,227733,53
Shape of You,The Weeknd,Future Nostalgia,289400,26
Believer,Rihanna,Justice,301967,16
Levitating,Rihanna,Justice,194166,25
Blinding Lights,Adele,25,149376,70
Bad Guy,Taylor Swift,When We All Fall Asleep,225497,11
Someone Like You,Drake,Justice,204929,99
Perfect,Imagine Dragons,When We All Fall Asleep,225890,57
Hello,Billie Eilish,Evolve,281330,42
Stay,Imagine Dragons,Divide,284334,1
Senorita,Taylor Swift,Scorpion,153149,9
Shape of You,Adele,Midnights,157337,16
Believer,Dua Lipa,When We All Fall Asleep,283631,75
Levitating,Dua Lipa,Divide,287071,56
Blinding Lights,Taylor Swift,Midnights,306782,71
Bad Guy,Adele,After Hours,274138,25
Someone Like You,Billie Eilish,After Hours,185390,79
Perfect,Dua Lipa,Divide,207941,15
Hello,Drake,Anti,199399,2
Stay,Justin Bieber,Justice,279562,55
Senorita,Billie Eilish,Evolve,181082,77
Shape of You,Imagine Dragons,Evolve,204566,31
Believer,Ed Sheeran,Evolve,221542,58
Levitating,Drake,When We All Fall Asleep,195435,37
Blinding Lights,Ed Sheeran,Anti,271374,77
Bad Guy,Ed Sheeran,Future Nostalgia,248512,47
Someone Like You,Justin Bieber,25,295027,1
Perfect,Drake,25,309066,49
Hello,Rihanna,Future Nostalgia,166625,62
Stay,Billie Eilish,Future Nostalgia,130924,37
Senorita,Justin Bieber,Justice,290858,53
Shape of You,Rihanna,After Hours,239896,8
Believer,Adele,Anti,267819,6
Levitating,Taylor Swift,Scorpion,248154,55
Blinding Lights,Drake,Scorpion,305599,26
Bad Guy,Drake,Anti,227714,56
Someone Like You,Adele,Justice,132361,30
Perfect,The Weeknd,Justice,162578,1
Hello,Ed Sheeran,Scorpion,277777,22
Stay,Drake,Evolve,230666,3
Senorita,Ed Sheeran,25,244687,9
Shape of You,The Weeknd,Anti,201595,83
Believer,Dua Lipa,Anti,286890,2
Levitating,Rihanna,After Hours,210259,42
Blinding Lights,Billie Eilish,After Hours,300043,63
Bad Guy,Taylor Swift,Justice,159633,94
Someone Like You,Ed Sheeran,Divide,134397,73
Perfect,Dua Lipa,After Hours,279261,91
Hello,Taylor Swift,Scorpion,147129,3
Stay,Drake,25,125307,27
Senorita,Taylor Swift,Justice,172511,71
Shape of You,Taylor Swift,Anti,134086,82
Believer,Rihanna,Justice,298598,36
Levitating,Drake,Midnights,308964,16
Blinding Lights,The Weeknd,When We All Fall Asleep,239203,31
Bad Guy,Rihanna,Future Nostalgia,141761,68
Someone Like You,Billie Eilish,Future Nostalgia,257334,65
Perfect,Rihanna,Anti,238278,13
Hello,Justin Bieber,Divide,201492,30
Stay,Billie Eilish,Scorpion,173656,7
Senorita,The Weeknd,Divide,155635,2
Shape of You,Justin Bieber,Anti,242897,32
Believer,Billie Eilish,Midnights,246313,77
Levitating,Drake,Evolve,196670,52
Blinding Lights,Imagine Dragons,Future Nostalgia,143225,83
Bad Guy,Adele,After Hours,286080,50
Someone Like You,Imagine Dragons,Divide,191283,49
Perfect,Ed Sheeran,Justice,230376,24
Hello,Ed Sheeran,Future Nostalgia,244382,24
Stay,Rihanna,Justice,302020,36
Senorita,Rihanna,After Hours,137282,26
Shape of You,Imagine Dragons,Evolve,274746,84
Believer,Adele,Scorpion,194297,58
Levitating,Dua Lipa,Scorpion,136855,16
Blinding Lights,Adele,Justice,193535,68
Bad Guy,Billie Eilish,Future Nostalgia,234056,9
Someone Like You,Billie Eilish,Divide,164843,48
Perfect,Billie Eilish,When We All Fall Asleep,296597,84
Hello,The Weeknd,Future Nostalgia,126754,92
Stay,Dua Lipa,Divide,223403,71
Senorita,Dua Lipa,Midnights,200163,26
Shape of You,Justin Bieber,Future Nostalgia,205313,22
Believer,Ed Sheeran,After Hours,291578,71
Levitating,Imagine Dragons,Evolve,188399,82
Blinding Lights,Drake,Anti,201646,4
Bad Guy,Drake,After Hours,158380,28
Someone Like You,Dua Lipa,Justice,136440,19
Perfect,Rihanna,25,246825,67
Hello,Drake,25,232808,90
Stay,Imagine Dragons,After Hours,142065,36
Senorita,Adele,Justice,260255,19
Shape of You,Taylor Swift,Midnights,245417,24
Believer,Justin Bieber,After Hours,142018,17
Levitating,Dua Lipa,After Hours,134971,77
Blinding Lights,Justin Bieber,Evolve,189556,11
Bad Guy,Justin Bieber,When We All Fall Asleep,295350,3
Someone Like You,Drake,Evolve,171174,63
Perfect,Dua Lipa,Evolve,158891,96
Hello,Dua Lipa,Divide,238108,6
Stay,Taylor Swift,When We All Fall Asleep,305358,13
Senorita,The Weeknd,Scorpion,142627,36
Shape of You,Imagine Dragons,When We All Fall Asleep,286785,67
Believer,Imagine Dragons,Midnights,214885,49
Levitating,Adele,After Hours,207745,82
Blinding Lights,Drake,Future Nostalgia,141251,3
Bad Guy,The Weeknd,Justice,181315,73
Someone Like You,Rihanna,After Hours,184949,82
Perfect,Ed Sheeran,Anti,232986,86
Hello,Billie Eilish,After Hours,157447,79
Stay,Taylor Swift,Divide,195960,41
Senorita,Drake,Justice,311463,6
Shape of You,Ed Sheeran,Future Nostalgia,255074,4
Believer,The Weeknd,Evolve,203813,87
Levitating,Dua Lipa,Justice,264304,97
Blinding Lights,Drake,When We All Fall Asleep,171137,87
Bad Guy,Taylor Swift,When We All Fall Asleep,145421,100
Someone Like You,Taylor Swift,Future Nostalgia,260474,22
Perfect,Justin Bieber,Midnights,191710,2
Hello,Justin Bieber,25,309468,5
Stay,Taylor Swift,Scorpion,196277,42
Senorita,Rihanna,Anti,206845,79
Shape of You,Justin Bieber,Divide,272822,95
Believer,Adele,When We All Fall Asleep,316454,12
Levitating,Justin Bieber,After Hours,281934,56
Blinding Lights,Adele,Midnights,134733,23
Bad Guy,Justin Bieber,Evolve,250593,81
Someone Like You,Ed Sheeran,Divide,198801,74
Perfect,The Weeknd,When We All Fall Asleep,268031,4
Hello,The Weeknd,Scorpion,263974,36
Stay,Drake,Future Nostalgia,191282,2
Senorita,Taylor Swift,Future Nostalgia,129697,99
Shape of You,Rihanna,Future Nostalgia,150582,36
Believer,Dua Lipa,Scorpion,188473,65
Levitating,Ed Sheeran,Future Nostalgia,280524,14
Blinding Lights,Rihanna,Midnights,167530,8
Bad Guy,Adele,Anti,247699,48
Someone Like You,The Weeknd,25,162653,81
Perfect,Drake,Future Nostalgia,313778,13
Hello,Justin Bieber,When We All Fall Asleep,199434,41
Stay,Rihanna,Divide,219729,25
Senorita,Adele,Midnights,161641,88
Shape of You,Justin Bieber,When We All Fall Asleep,130513,8
Believer,Imagine Dragons,Midnights,231254,84
Levitating,The Weeknd,25,254738,93
Blinding Lights,Ed Sheeran,Midnights,306362,43
Bad Guy,Imagine Dragons,Midnights,246444,20
Someone Like You,The Weeknd,After Hours,274018,11
Perfect,Drake,Divide,155131,43
Hello,Rihanna,Midnights,314309,59
Stay,Taylor Swift,Midnights,213680,11
Senorita,Drake,When We All Fall Asleep,183006,72
Shape of You,Ed Sheeran,Divide,271579,25
Believer,Adele,After Hours,260518,84
Levitating,Taylor Swift,Future Nostalgia,232573,55
Blinding Lights,Dua Lipa,Divide,223446,99
Bad Guy,Justin Bieber,Anti,142121,88
Someone Like You,Justin Bieber,Evolve,314112,42
Perfect,Ed Sheeran,When We All Fall Asleep,319608,29
Hello,Adele,Justice,256198,81
Stay,Dua Lipa,25,295409,78
Senorita,Dua Lipa,Divide,222148,60
Shape of You,Adele,Evolve,269159,19
Believer,Dua Lipa,Evolve,218178,25
Levitating,Justin Bieber,Justice,133368,35
Blinding Lights,Billie Eilish,Future Nostalgia,305190,93
Bad Guy,Billie Eilish,25,212869,80
Someone Like You,The Weeknd,After Hours,179013,18
Perfect,Billie Eilish,Divide,146176,18
Hello,Rihanna,25,317945,74
Stay,Imagine Dragons,Midnights,287835,54
Senorita,Drake,Midnights,178863,25
Shape of You,Adele,Anti,268120,22
Believer,Drake,Midnights,291534,90
Levitating,Adele,Midnights,189797,28
Blinding Lights,Dua Lipa,When We All Fall Asleep,129353,100
Bad Guy,Rihanna,Evolve,167126,70
Someone Like You,Rihanna,Future Nostalgia,315145,3
Perfect,Ed Sheeran,25,267114,18
Hello,Drake,Scorpion,139216,30
Stay,Billie Eilish,Justice,182966,75
Senorita,Drake,Anti,181444,49
Shape of You,Taylor Swift,Midnights,192620,96
Believer,Ed Sheeran,Future Nostalgia,141625,42
Levitating,Justin Bieber,Scorpion,153165,29
Blinding Lights,Taylor Swift,Justice,180639,20
Bad Guy,Rihanna,Scorpion,199085,46
Someone Like You,Dua Lipa,Justice,187061,40
Perfect,Taylor Swift,Midnights,201277,54
Hello,Rihanna,When We All Fall Asleep,270697,86
Stay,Taylor Swift,Future Nostalgia,242397,42
Senorita,The Weeknd,Scorpion,253636,2
Shape of You,The Weeknd,Future Nostalgia,160336,25
Believer,Rihanna,Evolve,280958,9
Levitating,Adele,Scorpion,137303,36
Blinding Lights,Taylor Swift,Evolve,276208,27
Bad Guy,Adele,Midnights,286816,55
Someone Like You,Justin Bieber,25,252428,23
Perfect,Dua Lipa,Anti,268375,79
Hello,Adele,After Hours,188701,84
Stay,Ed Sheeran,Anti,239868,35
Senorita,Dua Lipa,25,175805,37
Shape of You,Imagine Dragons,Midnights,306675,30
Believer,Justin Bieber,Midnights,272385,9
Levitating,Adele,Anti,236898,18
Blinding Lights,Dua Lipa,Justice,158985,26
Bad Guy,Ed Sheeran,Justice,152237,73
Someone Like You,Imagine Dragons,After Hours,123956,27
Perfect,Dua Lipa,Divide,197606,57
Hello,Rihanna,Divide,310885,62
Stay,Billie Eilish,Justice,167726,22
Senorita,Billie Eilish,Midnights,216092,78
Shape of You,Imagine Dragons,Justice,133524,50
Believer,Dua Lipa,Scorpion,246352,98
Levitating,Adele,After Hours,289892,43
Blinding Lights,Adele,Justice,272296,77
Bad Guy,Rihanna,When We All Fall Asleep,252542,81
Someone Like You,Ed Sheeran,Justice,219677,48
Perfect,The Weeknd,25,171718,56
Hello,Imagine Dragons,Justice,254258,67
Stay,Imagine Dragons,When We All Fall Asleep,131825,37
Senorita,Ed Sheeran,When We All Fall Asleep,146105,79
Shape of You,The Weeknd,Divide,301306,35
Believer,Billie Eilish,Scorpion,229621,21
Levitating,Drake,Anti,256393,44
Blinding Lights,Taylor Swift,Justice,297354,7
Bad Guy,Dua Lipa,Justice,309037,36
Someone Like You,Ed Sheeran,25,276323,58
Perfect,Taylor Swift,Justice,226343,27
Hello,Billie Eilish,Justice,312232,90
Stay,Imagine Dragons,Justice,131300,31
Senorita,Rihanna,Divide,199323,10
Shape of You,Imagine Dragons,Midnights,316958,24
Believer,Ed Sheeran,Divide,300772,45
Levitating,Justin Bieber,Divide,291052,18
Blinding Lights,Rihanna,Future Nostalgia,174906,42
Bad Guy,Drake,Justice,278489,89
Someone Like You,The Weeknd,After Hours,158132,3
Perfect,Dua Lipa,When We All Fall Asleep,186564,87
Hello,Taylor Swift,Anti,159867,64
Stay,Adele,When We All Fall Asleep,237845,33
Senorita,Justin Bieber,25,293142,56
Shape of You,Ed Sheeran,After Hours,240669,20
Believer,Ed Sheeran,Anti,195551,38
Levitating,Billie Eilish,Justice,147172,67
Blinding Lights,The Weeknd,When We All Fall Asleep,150708,25
Bad Guy,Taylor Swift,Evolve,131364,42
Someone Like You,The Weeknd,Future Nostalgia,188220,1
Perfect,Adele,After Hours,173254,42
Hello,The Weeknd,Justice,131247,92
Stay,Justin Bieber,Evolve,213059,52
Senorita,Billie Eilish,Evolve,301285,80
Shape of You,Billie Eilish,Divide,128438,97
Believer,Adele,Midnights,312404,100
Levitating,Adele,Future Nostalgia,213209,84
Blinding Lights,The Weeknd,When We All Fall Asleep,197931,32
Bad Guy,Adele,Anti,150663,27
Someone Like You,Ed Sheeran,After Hours,306597,68
Perfect,Billie Eilish,25,156954,41
Hello,Ed Sheeran,Divide,211472,98
Stay,Rihanna,Justice,164262,64
Senorita,Rihanna,After Hours,267187,34
Shape of You,Justin Bieber,Divide,257926,72
Believer,Ed Sheeran,25,269904,92
Levitating,Ed Sheeran,Scorpion,146238,17
Blinding Lights,Drake,When We All Fall Asleep,239930,2
Bad Guy,Imagine Dragons,After Hours,313588,79
Someone Like You,Ed Sheeran,Future Nostalgia,234679,60
Perfect,The Weeknd,Evolve,133117,24
Hello,The Weeknd,After Hours,240891,23
Stay,Ed Sheeran,Justice,212872,61
Senorita,Billie Eilish,Justice,313775,12
Shape of You,Imagine Dragons,Scorpion,284789,65
Believer,Dua Lipa,25,290776,23
Levitating,Ed Sheeran,Midnights,141589,82
Blinding Lights,Taylor Swift,After Hours,151706,23
Bad Guy,Drake,Evolve,260390,18
Someone Like You,Justin Bieber,After Hours,213822,78
Perfect,Adele,When We All Fall Asleep,143457,74
Hello,Drake,Future Nostalgia,303240,46
Stay,Adele,Midnights,129033,1
Senorita,The Weeknd,Divide,172749,84
Shape of You,Ed Sheeran,Scorpion,121983,18
Believer,Adele,Anti,254671,58
Levitating,Imagine Dragons,After Hours,196622,46
Blinding Lights,Imagine Dragons,Evolve,203064,13
Bad Guy,Dua Lipa,Divide,170680,40
Someone Like You,Billie Eilish,Divide,197427,30
Perfect,Ed Sheeran,Justice,166044,44
Hello,Billie Eilish,Justice,296772,76
Stay,Ed Sheeran,When We All Fall Asleep,247019,16
Senorita,Taylor Swift,After Hours,228967,10
Shape of You,Imagine Dragons,Evolve,195063,28
Believer,Dua Lipa,Anti,226937,82
Levitating,The Weeknd,Midnights,165300,68
Blinding Lights,Rihanna,Midnights,301899,35
Bad Guy,Taylor Swift,Anti,144061,84
Someone Like You,Ed Sheeran,Justice,252559,80
Perfect,Billie Eilish,After Hours,310521,11
Hello,Adele,Future Nostalgia,185647,24
Stay,Billie Eilish,Divide,182517,79
Senorita,Billie Eilish,Midnights,265874,89
Shape of You,Taylor Swift,Anti,188000,61
Believer,Justin Bieber,Future Nostalgia,223836,53
Levitating,Billie Eilish,Divide,241489,95
Blinding Lights,Adele,Anti,253404,79
Bad Guy,Imagine Dragons,Midnights,251059,11
Someone Like You,Ed Sheeran,Divide,258120,70
Perfect,Rihanna,Future Nostalgia,251859,61
Hello,Imagine Dragons,Divide,189761,63
Stay,The Weeknd,Scorpion,177377,40
Senorita,Billie Eilish,Scorpion,234882,69
Shape of You,Dua Lipa,Midnights,303825,56
Believer,Imagine Dragons,Scorpion,141754,23
Levitating,Justin Bieber,Divide,233942,51
Blinding Lights,Ed Sheeran,After Hours,272369,29
Bad Guy,The Weeknd,Future Nostalgia,259961,82
Someone Like You,Adele,25,230016,27
Perfect,Adele,Divide,259771,76
Hello,Taylor Swift,After Hours,253593,45
Stay,Billie Eilish,Divide,169084,14
Senorita,Billie Eilish,Anti,227505,16
Shape of You,Adele,Divide,313841,31
Believer,Rihanna,Scorpion,259265,98
Levitating,The Weeknd,When We All Fall Asleep,141215,26
Blinding Lights,Taylor Swift,Evolve,220350,99
Bad Guy,Adele,25,250006,69
Someone Like You,Justin Bieber,Evolve,245296,11
Perfect,Ed Sheeran,When We All Fall Asleep,199158,70
Hello,Imagine Dragons,After Hours,203115,7
Stay,Drake,Future Nostalgia,127288,31
Senorita,Imagine Dragons,When We All Fall Asleep,228523,88
Shape of You,Dua Lipa,When We All Fall Asleep,264686,1
Believer,The Weeknd,25,120111,83
Levitating,Adele,25,248050,40
Blinding Lights,Justin Bieber,Future Nostalgia,221191,45
Bad Guy,Rihanna,25,142937,9
Someone Like You,Dua Lipa,Anti,137851,93
Perfect,Drake,Future Nostalgia,237296,71
Hello,Dua Lipa,25,288470,29
Stay,Dua Lipa,Evolve,265438,9
Senorita,The Weeknd,When We All Fall Asleep,316527,58
Shape of You,Dua Lipa,Future Nostalgia,162144,97
Believer,Adele,Midnights,299052,43
Levitating,Dua Lipa,Anti,263672,38
Blinding Lights,Dua Lipa,Anti,222300,47
Bad Guy,Ed Sheeran,25,221976,15
Someone Like You,Ed Sheeran,Future Nostalgia,303978,85
Perfect,Rihanna,Divide,182546,48
Hello,Rihanna,Evolve,319738,27
Stay,Imagine Dragons,Evolve,213426,58
Senorita,Rihanna,Evolve,307058,24
Shape of You,Drake,After Hours,128764,80
Believer,Adele,Scorpion,144820,61
Levitating,Ed Sheeran,25,315030,12
Blinding Lights,Justin Bieber,25,267871,59
Bad Guy,Billie Eilish,Midnights,175874,48
Someone Like You,Justin Bieber,After Hours,291839,16
Perfect,Justin Bieber,Anti,204789,22
Hello,Ed Sheeran,After Hours,315442,23
Stay,Drake,When We All Fall Asleep,251427,37
Senorita,Justin Bieber,Evolve,153558,43
Shape of You,Ed Sheeran,Divide,196511,74
Believer,Rihanna,After Hours,275868,100
Levitating,Justin Bieber,Scorpion,277287,22
Blinding Lights,The Weeknd,25,314800,71
Bad Guy,Imagine Dragons,After Hours,270322,83
Someone Like You,Adele,Evolve,268869,55
Perfect,Dua Lipa,Anti,237523,10
Hello,Drake,Justice,174795,46
Stay,Imagine Dragons,Midnights,177761,2
Senorita,Drake,Anti,209843,75
Shape of You,Billie Eilish,Anti,258271,32
Believer,The Weeknd,Justice,131182,52
Levitating,Billie Eilish,When We All Fall Asleep,136357,9
Blinding Lights,Billie Eilish,Divide,276967,55
Bad Guy,Taylor Swift,Evolve,225873,95
Someone Like You,Billie Eilish,Divide,236491,37
Perfect,Adele,Divide,135262,64
Hello,Dua Lipa,Scorpion,287959,27
Stay,Drake,Divide,300019,31
Senorita,Adele,Future Nostalgia,187797,84
Shape of You,Dua Lipa,When We All Fall Asleep,247006,23
Believer,Justin Bieber,Scorpion,135862,80
Levitating,Drake,Scorpion,230412,62
Blinding Lights,Justin Bieber,Future Nostalgia,228029,59
Bad Guy,Imagine Dragons,After Hours,122481,46
Someone Like You,Rihanna,Future Nostalgia,183330,16
Perfect,Adele,Future Nostalgia,285961,92
Hello,Imagine Dragons,Evolve,185117,15
Stay,The Weeknd,Divide,227831,24
Senorita,The Weeknd,Scorpion,219808,15
Shape of You,The Weeknd,Midnights,247577,5
Believer,Billie Eilish,When We All Fall Asleep,272971,73
Levitating,Drake,Evolve,124036,47
Blinding Lights,Adele,Justice,307734,56
Bad Guy,Ed Sheeran,Evolve,248723,99
Someone Like You,Billie Eilish,25,206812,18
Perfect,Justin Bieber,Justice,268784,37
Hello,Imagine Dragons,Future Nostalgia,204231,45
Stay,Taylor Swift,Divide,307781,37
Senorita,Adele,Justice,246884,53
Shape of You,Billie Eilish,25,195949,44
Believer,The Weeknd,Justice,283140,48
Levitating,Rihanna,Scorpion,269017,35
Blinding Lights,Imagine Dragons,Midnights,204987,27
Bad Guy,Justin Bieber,Evolve,161386,7
Someone Like You,The Weeknd,Scorpion,168763,91
Perfect,Rihanna,Future Nostalgia,191949,35
Hello,Justin Bieber,After Hours,147084,78
Stay,Imagine Dragons,When We All Fall Asleep,213843,40
Senorita,Adele,Anti,258004,15
Shape of You,Ed Sheeran,Scorpion,264610,42
Believer,Adele,Midnights,216397,89
Levitating,Rihanna,Future Nostalgia,149693,24
Blinding Lights,Justin Bieber,Midnights,171458,67
Bad Guy,Justin Bieber,When We All Fall Asleep,128123,53
Someone Like You,Billie Eilish,Scorpion,205529,34
Perfect,Adele,Justice,170787,46
Hello,Imagine Dragons,Divide,195102,48
Stay,Imagine Dragons,Justice,267844,85
Senorita,Taylor Swift,Scorpion,268211,100
Shape of You,Taylor Swift,Divide,281607,16
Believer,Taylor Swift,Divide,289801,81
Levitating,Justin Bieber,Evolve,149589,73
Blinding Lights,Billie Eilish,Justice,185966,54
Bad Guy,Taylor Swift,Midnights,307306,66
Someone Like You,Taylor Swift,When We All Fall Asleep,236093,60
Perfect,Adele,Anti,166244,39
Hello,Drake,Justice,311707,86
Stay,Imagine Dragons,25,317045,13
Senorita,Imagine Dragons,Future Nostalgia,295266,76
Shape of You,Adele,Scorpion,233991,99
Believer,Taylor Swift,Divide,190171,7
Levitating,Adele,Evolve,250975,6
Blinding Lights,Adele,Anti,173251,77
Bad Guy,Taylor Swift,Divide,274648,51
Someone Like You,Rihanna,Divide,282860,76
Perfect,Drake,When We All Fall Asleep,231445,91
Hello,Rihanna,Divide,222185,24
Stay,Taylor Swift,Justice,163809,67
Senorita,Billie Eilish,25,239189,99
Shape of You,Billie Eilish,Divide,283581,54
Believer,Ed Sheeran,Justice,216728,35
Levitating,Adele,When We All Fall Asleep,307917,23
Blinding Lights,Taylor Swift,25,261075,81
Bad Guy,Taylor Swift,Justice,289488,75
Someone Like You,The Weeknd,Midnights,212627,32
Perfect,Rihanna,Evolve,122605,33
Hello,Ed Sheeran,Divide,250487,33
Stay,Justin Bieber,Scorpion,140908,93
Senorita,Imagine Dragons,Evolve,255621,21
Shape of You,Billie Eilish,Divide,132255,47
Believer,Dua Lipa,25,128622,60
Levitating,Dua Lipa,Justice,180988,75
Blinding Lights,Drake,When We All Fall Asleep,208618,76
Bad Guy,Adele,Scorpion,289622,12
Someone Like You,Billie Eilish,Evolve,298467,42
Perfect,Billie Eilish,Divide,154563,49
Hello,Taylor Swift,25,125442,20
Stay,Dua Lipa,Scorpion,152113,87
Senorita,Imagine Dragons,Divide,264027,86
Shape of You,Justin Bieber,Midnights,176222,22
Believer,Ed Sheeran,Midnights,214787,70
Levitating,Adele,Evolve,314527,43
Blinding Lights,Adele,25,209661,74
Bad Guy,Dua Lipa,Divide,261969,13
Someone Like You,Ed Sheeran,Justice,230091,23
Perfect,Drake,Justice,209173,67
Hello,Billie Eilish,Scorpion,254835,45
Stay,Adele,Future Nostalgia,282037,75
Senorita,Taylor Swift,After Hours,188742,40
Song_0000500,Billie Eilish,25,205675,22
Song_0000501,Taylor Swift,Midnights,140817,37
Song_0000502,Drake,When We All Fall Asleep,252676,36
Song_0000503,Justin Bieber,When We All Fall Asleep,155356,31
Song_0000504,Drake,Midnights,243574,17
Song_0000505,Taylor Swift,Anti,209443,1
Song_0000506,Imagine Dragons,When We All Fall Asleep,201239,51
Song_0000507,Taylor Swift,Divide,305122,78
Song_0000508,Imagine Dragons,Scorpion,177127,45
Song_0000509,The Weeknd,Justice,231674,22
Song_0000510,Billie Eilish,Anti,154468,98
Song_0000511,Adele,Future Nostalgia,217675,11
Song_0000512,Justin Bieber,Divide,250492,83
Song_0000513,Justin Bieber,25,120671,82
Song_0000514,Rihanna,25,298049,16
Song_0000515,Ed Sheeran,After Hours,249488,75
Song_0000516,Ed Sheeran,Midnights,169323,80
Song_0000517,Adele,When We All Fall Asleep,306710,51
Song_0000518,Ed Sheeran,Future Nostalgia,244644,86
Song_0000519,The Weeknd,Midnights,274976,50
Song_0000520,Justin Bieber,25,160929,34
Song_0000521,Rihanna,Anti,307050,48
Song_0000522,Justin Bieber,After Hours,188833,75
Song_0000523,Imagine Dragons,Midnights,184773,1
Song_0000524,Ed Sheeran,Divide,276974,39
Song_0000525,Imagine Dragons,When We All Fall Asleep,169413,11
Song_0000526,Taylor Swift,Evolve,153258,20
Song_0000527,The Weeknd,Anti,120123,51
Song_0000528,Ed Sheeran,Anti,308704,36
Song_0000529,Ed Sheeran,When We All Fall Asleep,148024,31
Song_0000530,Drake,After Hours,272101,61
Song_0000531,The Weeknd,Scorpion,189914,1
Song_0000532,Taylor Swift,Future Nostalgia,235164,41
Song_0000533,The Weeknd,Future Nostalgia,271022,62
Song_0000534,Drake,Future Nostalgia,245921,78
Song_0000535,Adele,After Hours,312822,89
Song_0000536,Rihanna,When We All Fall Asleep,196052,43
Song_0000537,Justin Bieber,After Hours,257365,61
Song_0000538,Drake,Justice,222383,2
Song_0000539,Taylor Swift,When We All Fall Asleep,296267,20
Song_0000540,Ed Sheeran,Future Nostalgia,215789,6
Song_0000541,Billie Eilish,Evolve,178306,48
Song_0000542,Ed Sheeran,Evolve,234396,37
Song_0000543,Imagine Dragons,Evolve,208439,18
Song_0000544,Ed Sheeran,Midnights,161576,49
Song_0000545,Ed Sheeran,Midnights,247412,83
Song_0000546,Justin Bieber,Anti,223183,46
Song_0000547,Justin Bieber,Justice,197554,23
Song_0000548,Dua Lipa,Future Nostalgia,313764,53
Song_0000549,Drake,Justice,212759,96
Song_0000550,Adele,Anti,159198,13
Song_0000551,Drake,Divide,236747,11
Song_0000552,Ed Sheeran,Scorpion,169256,73
Song_0000553,Ed Sheeran,Anti,253647,7
Song_0000554,Imagine Dragons,When We All Fall Asleep,181984,85
Song_0000555,The Weeknd,When We All Fall Asleep,200092,16
Song_0000556,Adele,Midnights,220968,30
Song_0000557,Dua Lipa,25,189274,65
Song_0000558,Dua Lipa,25,306828,19
Song_0000559,Ed Sheeran,Midnights,180071,72
Song_0000560,Dua Lipa,After Hours,140257,59
Song_0000561,Drake,Future Nostalgia,146860,70
Song_0000562,Taylor Swift,When We All Fall Asleep,315302,11
Song_0000563,The Weeknd,Justice,181358,79
Song_0000564,Taylor Swift,25,246161,19
Song_0000565,Imagine Dragons,Anti,283306,31
Song_0000566,Imagine Dragons,Future Nostalgia,281255,31
Song_0000567,The Weeknd,Divide,264728,37
Song_0000568,Ed Sheeran,Justice,160384,3
Song_0000569,Adele,Evolve,138072,74
Song_0000570,Drake,25,254994,22
Song_0000571,Imagine Dragons,Divide,219723,10
Song_0000572,The Weeknd,Evolve,314933,78
Song_0000573,Billie Eilish,Divide,188556,55
Song_0000574,Taylor Swift,Midnights,150126,10
Song_0000575,Imagine Dragons,25,235890,87
Song_0000576,Dua Lipa,25,297049,97
Song_0000577,Imagine Dragons,Divide,255974,61
Song_0000578,Rihanna,Anti,293561,88
Song_0000579,The Weeknd,Evolve,313296,54
Song_0000580,Dua Lipa,25,303399,30
Song_0000581,Imagine Dragons,Scorpion,221478,49
Song_0000582,Rihanna,Anti,136437,85
Song_0000583,Adele,Scorpion,222555,62
Song_0000584,Ed Sheeran,After Hours,300528,73
Song_0000585,Drake,Future Nostalgia,213734,6
Song_0000586,Justin Bieber,Anti,215541,67
Song_0000587,Dua Lipa,Anti,213912,88
Song_0000588,Dua Lipa,25,135919,75
Song_0000589,Justin Bieber,Midnights,183693,81
Song_0000590,Rihanna,Anti,256575,81
Song_0000591,Imagine Dragons,Justice,156546,12
Song_0000592,Adele,After Hours,136642,81
Song_0000593,Dua Lipa,After Hours,164883,52
Song_0000594,Drake,Future Nostalgia,267410,90
Song_0000595,Rihanna,Future Nostalgia,190674,95
Song_0000596,Drake,After Hours,290038,52
Song_0000597,Imagine Dragons,25,152297,54
Song_0000598,Drake,Scorpion,214781,39
Song_0000599,Adele,When We All Fall Asleep,207184,53
Song_0000600,Ed Sheeran,Evolve,223650,55
Song_0000601,Dua Lipa,Future Nostalgia,127421,32
Song_0000602,Taylor Swift,Evolve,288479,64
Song_0000603,Dua Lipa,After Hours,218956,85
Song_0000604,Justin Bieber,Divide,189660,72
Song_0000605,Billie Eilish,Future Nostalgia,283083,83
Song_0000606,Taylor Swift,Justice,315251,31
Song_0000607,Adele,Justice,277597,2
Song_0000608,Imagine Dragons,Justice,263428,50
Song_0000609,Ed Sheeran,Justice,196005,49
Song_0000610,Dua Lipa,Scorpion,129890,2
Song_0000611,Billie Eilish,Midnights,258280,9
Song_0000612,Drake,Midnights,264050,5
Song_0000613,Rihanna,Future Nostalgia,127022,49
Song_0000614,Drake,Divide,202802,30
Song_0000615,The Weeknd,Justice,135919,98
Song_0000616,Adele,Anti,155387,76
Song_0000617,Adele,Justice,302674,20
Song_0000618,Taylor Swift,After Hours,297308,84
Song_0000619,Drake,Scorpion,268851,1
Song_0000620,Imagine Dragons,Midnights,208810,34
Song_0000621,Billie Eilish,Justice,205158,45
Song_0000622,Rihanna,Scorpion,175474,44
Song_0000623,Imagine Dragons,Divide,314329,49
Song_0000624,Adele,Anti,299670,77
Song_0000625,Imagine Dragons,Scorpion,297382,91
Song_0000626,Imagine Dragons,Divide,316214,41
Song_0000627,Taylor Swift,Evolve,315124,75
Song_0000628,Adele,Evolve,310190,100
Song_0000629,Billie Eilish,Divide,306392,43
Song_0000630,Dua Lipa,Justice,303077,54
Song_0000631,Ed Sheeran,Future Nostalgia,130685,92
Song_0000632,Dua Lipa,When We All Fall Asleep,187386,77
Song_0000633,Imagine Dragons,When We All Fall Asleep,229523,23
Song_0000634,Drake,Divide,124958,87
Song_0000635,Justin Bieber,Future Nostalgia,196878,38
Song_0000636,Ed Sheeran,Divide,230940,99
Song_0000637,The Weeknd,After Hours,180236,19
Song_0000638,Rihanna,Evolve,262560,35
Song_0000639,Rihanna,Justice,276845,64
Song_0000640,Rihanna,After Hours,160526,76
Song_0000641,Adele,Anti,303107,16
Song_0000642,Imagine Dragons,Scorpion,172554,34
Song_0000643,Taylor Swift,Justice,214357,65
Song_0000644,Taylor Swift,Midnights,218073,49
Song_0000645,Billie Eilish,When We All Fall Asleep,208359,69
Song_0000646,Taylor Swift,Future Nostalgia,135849,65
Song_0000647,Justin Bieber,When We All Fall Asleep,248694,44
Song_0000648,Dua Lipa,Justice,235187,27
Song_0000649,Billie Eilish,Midnights,139822,36
Song_0000650,Billie Eilish,Anti,205668,11
Song_0000651,Imagine Dragons,Anti,138316,25
Song_0000652,Rihanna,When We All Fall Asleep,312777,52
Song_0000653,Justin Bieber,Evolve,272776,16
Song_0000654,Taylor Swift,Scorpion,226005,78
Song_0000655,The Weeknd,When We All Fall Asleep,234425,46
Song_0000656,Dua Lipa,Justice,198851,69
Song_0000657,Taylor Swift,Justice,149783,2
Song_0000658,Taylor Swift,Divide,158302,59
Song_0000659,The Weeknd,Future Nostalgia,307131,87
Song_0000660,Ed Sheeran,Anti,282284,56
Song_0000661,Imagine Dragons,25,163815,99
Song_0000662,Dua Lipa,When We All Fall Asleep,261958,7
Song_0000663,Rihanna,Midnights,219754,29
Song_0000664,Imagine Dragons,Midnights,209219,69
Song_0000665,Ed Sheeran,Midnights,127909,16
Song_0000666,Billie Eilish,Divide,238960,37
Song_0000667,Imagine Dragons,Divide,284829,59
Song_0000668,Drake,When We All Fall Asleep,281697,88
Song_0000669,Imagine Dragons,When We All Fall Asleep,158899,83
Song_0000670,The Weeknd,Midnights,140462,32
Song_0000671,Ed Sheeran,Scorpion,138763,21
Song_0000672,Rihanna,Midnights,208976,34
Song_0000673,Imagine Dragons,Evolve,160956,7
Song_0000674,Ed Sheeran,Anti,165076,6
Song_0000675,Adele,25,248547,18
Song_0000676,Adele,Anti,306302,99
Song_0000677,Justin Bieber,Anti,170584,16
Song_0000678,Taylor Swift,25,233041,38
Song_0000679,Taylor Swift,Future Nostalgia,146884,95
Song_0000680,Rihanna,Scorpion,295004,38
Song_0000681,Taylor Swift,Divide,254017,20
Song_0000682,The Weeknd,Midnights,200662,31
Song_0000683,Taylor Swift,When We All Fall Asleep,249884,92
Song_0000684,Adele,Future Nostalgia,268584,45
Song_0000685,Imagine Dragons,Midnights,240702,60
Song_0000686,Adele,Scorpion,312046,53
Song_0000687,Adele,After Hours,258476,11
Song_0000688,Taylor Swift,After Hours,289764,82
Song_0000689,Justin Bieber,Justice,291101,71
Song_0000690,Imagine Dragons,Future Nostalgia,248682,50
Song_0000691,Taylor Swift,Justice,263842,86
Song_0000692,Justin Bieber,Midnights,215315,19
Song_0000693,Dua Lipa,Midnights,195725,81
Song_0000694,The Weeknd,After Hours,228550,99
Song_0000695,Drake,25,265782,31
Song_0000696,Imagine Dragons,Anti,255380,29
Song_0000697,Imagine Dragons,Future Nostalgia,255127,13
Song_0000698,Ed Sheeran,Divide,215357,19
Song_0000699,The Weeknd,Evolve,257528,36
Song_0000700,Imagine Dragons,25,251692,92
Song_0000701,Drake,After Hours,279031,62
Song_0000702,Justin Bieber,After Hours,126643,87
Song_0000703,Adele,Justice,215327,14
Song_0000704,Justin Bieber,25,123709,94
Song_0000705,Justin Bieber,Evolve,182145,77
Song_0000706,Taylor Swift,When We All Fall Asleep,223776,40
Song_0000707,Rihanna,25,217874,15
Song_0000708,Taylor Swift,Evolve,249371,27
Song_0000709,Ed Sheeran,Scorpion,187124,48
Song_0000710,Drake,When We All Fall Asleep,129714,70
Song_0000711,Ed Sheeran,Future Nostalgia,315643,76
Song_0000712,Taylor Swift,After Hours,260383,40
Song_0000713,The Weeknd,Scorpion,298923,100
Song_0000714,Rihanna,Justice,307153,34
Song_0000715,Dua Lipa,Scorpion,121449,54
Song_0000716,The Weeknd,Anti,253512,94
Song_0000717,Imagine Dragons,Future Nostalgia,231265,4
Song_0000718,Drake,Midnights,233875,15
Song_0000719,Rihanna,Scorpion,264644,40
Song_0000720,Drake,Evolve,155996,16
Song_0000721,Justin Bieber,Scorpion,207796,2
Song_0000722,Dua Lipa,After Hours,266429,60
Song_0000723,Rihanna,After Hours,152761,87
Song_0000724,Justin Bieber,When We All Fall Asleep,300775,99
Song_0000725,Drake,Scorpion,178415,91
Song_0000726,Taylor Swift,Anti,164092,70
Song_0000727,Imagine Dragons,When We All Fall Asleep,206569,28
Song_0000728,Dua Lipa,When We All Fall Asleep,188776,36
Song_0000729,Rihanna,When We All Fall Asleep,277819,71
Song_0000730,Justin Bieber,Anti,122620,35
Song_0000731,Justin Bieber,Divide,244592,25
Song_0000732,Dua Lipa,Divide,258066,30
Song_0000733,Ed Sheeran,When We All Fall Asleep,195217,100
Song_0000734,Justin Bieber,Anti,184491,1
Song_0000735,The Weeknd,Future Nostalgia,181639,16
Song_0000736,Billie Eilish,Midnights,267580,53
Song_0000737,Dua Lipa,When We All Fall Asleep,133850,20
Song_0000738,Imagine Dragons,Anti,218145,66
Song_0000739,Rihanna,Future Nostalgia,217799,27
Song_0000740,Taylor Swift,When We All Fall Asleep,228178,89
Song_0000741,Billie Eilish,Scorpion,188828,44
Song_0000742,Dua Lipa,Midnights,144917,51
Song_0000743,Billie Eilish,When We All Fall Asleep,210858,95
Song_0000744,Billie Eilish,Evolve,212244,23
Song_0000745,Rihanna,Scorpion,145699,40
Song_0000746,Justin Bieber,Midnights,233589,90
Song_0000747,Drake,Midnights,175677,16
Song_0000748,The Weeknd,Evolve,305306,17
Song_0000749,Billie Eilish,Justice,314990,29
Song_0000750,The Weeknd,Future Nostalgia,241694,14
Song_0000751,Justin Bieber,Divide,218244,34
Song_0000752,Adele,Divide,197479,38
Song_0000753,Justin Bieber,Justice,189417,84
Song_0000754,Justin Bieber,Divide,205867,37
Song_0000755,Taylor Swift,Scorpion,163509,80
Song_0000756,Adele,When We All Fall Asleep,303998,74
Song_0000757,Imagine Dragons,When We All Fall Asleep,240563,73
Song_0000758,Justin Bieber,Anti,248627,22
Song_0000759,Billie Eilish,Anti,301666,98
Song_0000760,Taylor Swift,When We All Fall Asleep,252521,61
Song_0000761,Adele,Evolve,142831,18
Song_0000762,Imagine Dragons,Divide,269277,1
Song_0000763,Drake,Evolve,262183,25
Song_0000764,Rihanna,After Hours,151654,67
Song_0000765,Dua Lipa,After Hours,165039,6
Song_0000766,The Weeknd,Future Nostalgia,258477,72
Song_0000767,Dua Lipa,When We All Fall Asleep,201546,31
Song_0000768,Ed Sheeran,Scorpion,142417,100
Song_0000769,Taylor Swift,When We All Fall Asleep,276288,13
Song_0000770,Billie Eilish,Justice,203472,98
Song_0000771,Adele,Anti,135045,34
Song_0000772,Justin Bieber,When We All Fall Asleep,205275,16
Song_0000773,Rihanna,Anti,240924,83
Song_0000774,Drake,Anti,316406,78
Song_0000775,Billie Eilish,Evolve,269727,89
Song_0000776,Taylor Swift,Justice,287366,77
Song_0000777,Taylor Swift,Scorpion,269357,47
Song_0000778,Rihanna,Scorpion,252851,17
Song_0000779,The Weeknd,Divide,204123,60
Song_0000780,Taylor Swift,Anti,232117,90
Song_0000781,Taylor Swift,25,154861,95
Song_0000782,The Weeknd,When We All Fall Asleep,276182,54
Song_0000783,Drake,Future Nostalgia,229119,49
Song_0000784,Drake,Anti,179720,2
Song_0000785,Dua Lipa,Future Nostalgia,275023,15
Song_0000786,Imagine Dragons,When We All Fall Asleep,145512,25
Song_0000787,Billie Eilish,Evolve,194844,20
Song_0000788,Adele,Midnights,289988,91
Song_0000789,Imagine Dragons,Evolve,236343,71
Song_0000790,Drake,Evolve,144334,81
Song_0000791,Ed Sheeran,Scorpion,173279,54
Song_0000792,The Weeknd,Divide,161654,47
Song_0000793,Billie Eilish,Anti,246120,99
Song_0000794,Ed Sheeran,Future Nostalgia,201388,63
Song_0000795,Taylor Swift,Midnights,206956,90
Song_0000796,Billie Eilish,Midnights,248333,51
Song_0000797,Dua Lipa,When We All Fall Asleep,149568,96
Song_0000798,Justin Bieber,Anti,153115,67
Song_0000799,Ed Sheeran,Evolve,196607,46
Song_0000800,Justin Bieber,Justice,143815,96
Song_0000801,Ed Sheeran,When We All Fall Asleep,250105,48
Song_0000802,Dua Lipa,After Hours,198733,36
Song_0000803,Imagine Dragons,Midnights,306391,34
Song_0000804,Dua Lipa,Evolve,247010,71
Song_0000805,Imagine Dragons,Divide,158163,46
Song_0000806,The Weeknd,25,146137,32
Song_0000807,Adele,After Hours,209133,63
Song_0000808,Rihanna,Anti,310877,21
Song_0000809,Imagine Dragons,Anti,297359,63
Song_0000810,Drake,Anti,293999,29
Song_0000811,Drake,25,295983,9
Song_0000812,Imagine Dragons,25,152224,68
Song_0000813,Adele,After Hours,131911,91
Song_0000814,The Weeknd,Divide,258019,12
Song_0000815,Ed Sheeran,Divide,255638,44
Song_0000816,Imagine Dragons,When We All Fall Asleep,199498,81
Song_0000817,Justin Bieber,25,249162,48
Song_0000818,Rihanna,When We All Fall Asleep,217637,69
Song_0000819,Drake,Future Nostalgia,209812,18
Song_0000820,Adele,25,185642,40
Song_0000821,Dua Lipa,Future Nostalgia,232359,88
Song_0000822,Rihanna,Divide,217595,91
Song_0000823,Dua Lipa,Scorpion,298884,68
Song_0000824,Ed Sheeran,Evolve,304105,71
Song_0000825,Drake,Justice,302608,67
Song_0000826,Imagine Dragons,Midnights,211212,71
Song_0000827,Adele,After Hours,161818,84
Song_0000828,Drake,Future Nostalgia,228537,39
Song_0000829,Dua Lipa,Evolve,196092,30
Song_0000830,Drake,After Hours,187059,5
Song_0000831,Dua Lipa,Midnights,174515,55
Song_0000832,Drake,Scorpion,263377,66
Song_0000833,Rihanna,Scorpion,134293,25
Song_0000834,Adele,Anti,180234,49
Song_0000835,Dua Lipa,25,244520,1
Song_0000836,Rihanna,Justice,124980,99
Song_0000837,Taylor Swift,Midnights,242693,90
Song_0000838,The Weeknd,Divide,248210,75
Song_0000839,Billie Eilish,25,251746,79
Song_0000840,Dua Lipa,Divide,189231,86
Song_0000841,Taylor Swift,Divide,278264,94
Song_0000842,Adele,Midnights,277702,12
Song_0000843,Justin Bieber,Divide,164551,71
Song_0000844,Rihanna,Justice,319900,64
Song_0000845,The Weeknd,Justice,218264,47
Song_0000846,Adele,Justice,256000,97
Song_0000847,Rihanna,Midnights,244751,43
Song_0000848,Rihanna,Future Nostalgia,276547,40
Song_0000849,Justin Bieber,Justice,292448,38
Song_0000850,Drake,Midnights,214415,76
Song_0000851,Taylor Swift,Evolve,123068,14
Song_0000852,The Weeknd,Divide,208646,11
Song_0000853,Billie Eilish,Anti,207157,90
Song_0000854,Ed Sheeran,When We All Fall Asleep,145068,49
Song_0000855,Taylor Swift,Evolve,186156,51
Song_0000856,Justin Bieber,When We All Fall Asleep,129290,34
Song_0000857,Taylor Swift,25,238491,66
Song_0000858,Billie Eilish,Evolve,140977,45
Song_0000859,Dua Lipa,Scorpion,217720,24
Song_0000860,Adele,When We All Fall Asleep,204169,57
Song_0000861,Taylor Swift,Evolve,221140,25
Song_0000862,Taylor Swift,Midnights,200101,81
Song_0000863,Billie Eilish,After Hours,207371,97
Song_0000864,Billie Eilish,Divide,281209,76
Song_0000865,Adele,Evolve,286752,50
Song_0000866,The Weeknd,Future Nostalgia,176367,96
Song_0000867,Rihanna,Midnights,137589,27
Song_0000868,Rihanna,When We All Fall Asleep,289088,59
Song_0000869,Drake,Anti,170234,96
Song_0000870,Adele,Justice,292173,61
Song_0000871,Ed Sheeran,After Hours,205325,98
Song_0000872,Billie Eilish,Anti,294863,35
Song_0000873,Taylor Swift,After Hours,280086,78
Song_0000874,Taylor Swift,Scorpion,152611,85
Song_0000875,Billie Eilish,Divide,212181,70
Song_0000876,Drake,After Hours,290870,81
Song_0000877,Adele,Divide,275686,1
Song_0000878,Ed Sheeran,Evolve,300442,41
Song_0000879,The Weeknd,Divide,301817,32
Song_0000880,Justin Bieber,Justice,178236,4
Song_0000881,Rihanna,Midnights,136319,29
Song_0000882,Drake,When We All Fall Asleep,174297,75
Song_0000883,The Weeknd,Divide,215154,6
Song_0000884,Drake,After Hours,191246,86
Song_0000885,Dua Lipa,Anti,160275,93
Song_0000886,The Weeknd,Divide,142820,98
Song_0000887,Billie Eilish,Scorpion,204706,48
Song_0000888,Billie Eilish,Justice,131637,86
Song_0000889,Ed Sheeran,Divide,226490,30
Song_0000890,Justin Bieber,Midnights,220793,61
Song_0000891,Rihanna,Anti,158564,4
Song_0000892,Adele,Anti,202211,89
Song_0000893,Rihanna,Anti,144347,24
Song_0000894,Rihanna,Divide,144339,41
Song_0000895,Adele,Evolve,258373,60
Song_0000896,Billie Eilish,After Hours,161631,33
Song_0000897,Adele,Anti,186382,68
Song_0000898,Adele,Justice,161045,82
Song_0000899,Rihanna,Justice,165733,32
Song_0000900,Imagine Dragons,Evolve,176447,25
Song_0000901,Dua Lipa,Midnights,152498,68
Song_0000902,Rihanna,After Hours,275920,72
Song_0000903,Drake,Midnights,217410,43
Song_0000904,Drake,After Hours,144681,6
Song_0000905,Ed Sheeran,25,162413,6
Song_0000906,Ed Sheeran,Midnights,290372,74
Song_0000907,Billie Eilish,Anti,291909,1
Song_0000908,Ed Sheeran,After Hours,250662,73
Song_0000909,Imagine Dragons,Justice,275350,96
Song_0000910,Ed Sheeran,Scorpion,125797,95
Song_0000911,Ed Sheeran,25,219598,42
Song_0000912,The Weeknd,Midnights,146658,89
Song_0000913,Imagine Dragons,Justice,290387,52
Song_0000914,Taylor Swift,When We All Fall Asleep,266818,62
Song_0000915,Ed Sheeran,After Hours,186352,100
Song_0000916,Imagine Dragons,Evolve,242204,23
Song_0000917,Justin Bieber,After Hours,262267,98
Song_0000918,Billie Eilish,Anti,151020,33
Song_0000919,Dua Lipa,After Hours,141444,13
Song_0000920,Drake,Justice,296389,71
Song_0000921,Taylor Swift,Justice,186487,52
Song_0000922,Rihanna,After Hours,132057,68
Song_0000923,Adele,25,147993,37
Song_0000924,Rihanna,Evolve,288633,60
Song_0000925,Drake,Evolve,145668,6
Song_0000926,Justin Bieber,Future Nostalgia,262665,73
Song_0000927,Adele,Future Nostalgia,126238,47
Song_0000928,Rihanna,Midnights,128302,23
Song_0000929,Adele,When We All Fall Asleep,304371,19
Song_0000930,Adele,When We All Fall Asleep,221170,3
Song_0000931,Drake,Evolve,120717,22
Song_0000932,Adele,Anti,184827,51
Song_0000933,Adele,Evolve,252108,46
Song_0000934,Dua Lipa,When We All Fall Asleep,283899,86
Song_0000935,The Weeknd,Evolve,169531,4
Song_0000936,Adele,Evolve,175751,74
Song_0000937,Taylor Swift,Justice,132366,77
Song_0000938,Taylor Swift,25,128776,32
Song_0000939,Drake,Evolve,309376,35
Song_0000940,Justin Bieber,Justice,302634,14
Song_0000941,Rihanna,Divide,295623,24
Song_0000942,Billie Eilish,Evolve,290489,25
Song_0000943,Billie Eilish,Divide,184940,24
Song_0000944,Taylor Swift,When We All Fall Asleep,144727,7
Song_0000945,Adele,After Hours,132943,49
Song_0000946,Drake,Future Nostalgia,281619,98
Song_0000947,Rihanna,Anti,173808,75
Song_0000948,Taylor Swift,Anti,170324,98
Song_0000949,Ed Sheeran,Midnights,169208,20
Song_0000950,Drake,Evolve,161442,23
Song_0000951,Imagine Dragons,Evolve,128732,61
Song_0000952,Ed Sheeran,Anti,275822,80
Song_0000953,The Weeknd,Justice,300048,21
Song_0000954,Adele,When We All Fall Asleep,241272,21
Song_0000955,Adele,Divide,311921,60
Song_0000956,Adele,Justice,274727,93
Song_0000957,Justin Bieber,Future Nostalgia,171120,75
Song_0000958,The Weeknd,After Hours,247619,66
Song_0000959,Rihanna,Future Nostalgia,179274,70
Song_0000960,Adele,Midnights,217301,93
Song_0000961,Dua Lipa,Scorpion,206636,30
Song_0000962,The Weeknd,Midnights,279038,5
Song_0000963,Drake,Scorpion,133521,29
Song_0000964,Rihanna,Future Nostalgia,271147,27
Song_0000965,Taylor Swift,When We All Fall Asleep,250083,54
Song_0000966,Billie Eilish,25,302532,58
Song_0000967,Billie Eilish,Justice,220936,73
Song_0000968,Imagine Dragons,Future Nostalgia,295348,57
Song_0000969,Ed Sheeran,Future Nostalgia,185905,35
Song_0000970,Adele,25,317974,42
Song_0000971,Billie Eilish,Future Nostalgia,193111,7
Song_0000972,Rihanna,Anti,261299,13
Song_0000973,Ed Sheeran,Divide,276029,39
Song_0000974,Drake,Anti,272777,90
Song_0000975,Dua Lipa,Divide,239012,19
Song_0000976,Justin Bieber,Evolve,179423,86
Song_0000977,Justin Bieber,Justice,271340,40
Song_0000978,Dua Lipa,After Hours,270038,25
Song_0000979,Dua Lipa,Future Nostalgia,263750,9
Song_0000980,Drake,Justice,262920,60
Song_0000981,Imagine Dragons,Justice,254967,66
Song_0000982,Adele,Justice,234635,25
Song_0000983,Dua Lipa,Future Nostalgia,252792,9
Song_0000984,Dua Lipa,Midnights,268230,70
Song_0000985,Justin Bieber,Future Nostalgia,138532,13
Song_0000986,Ed Sheeran,After Hours,261987,60
Song_0000987,Ed Sheeran,Midnights,270925,41
Song_0000988,Ed Sheeran,Scorpion,267493,7
Song_0000989,Drake,Anti,288909,19
Song_0000990,Ed Sheeran,When We All Fall Asleep,246040,99
Song_0000991,Imagine Dragons,After Hours,315503,27
Song_0000992,Dua Lipa,Future Nostalgia,233940,95
Song_0000993,Adele,Future Nostalgia,175476,75
Song_0000994,Ed Sheeran,Scorpion,307514,82
Song_0000995,Imagine Dragons,After Hours,126311,43
Song_0000996,Billie Eilish,25,298496,61
Song_0000997,Adele,Future Nostalgia,128230,76
Song_0000998,Drake,25,255049,77
Song_0000999,The Weeknd,Evolve,143274,7
Song_0001000,Ed Sheeran,Scorpion,235842,24
Song_0001001,Ed Sheeran,Future Nostalgia,131128,61
Song_0001002,Rihanna,25,162916,42
Song_0001003,Adele,Divide,165738,29
Song_0001004,Rihanna,Evolve,180836,82
Song_0001005,The Weeknd,Justice,208129,95
Song_0001006,Drake,After Hours,147800,41
Song_0001007,Billie Eilish,When We All Fall Asleep,235899,91
Song_0001008,Imagine Dragons,25,289948,37
Song_0001009,Adele,Evolve,288300,44
Song_0001010,Taylor Swift,Evolve,319122,28
Song_0001011,Billie Eilish,After Hours,255138,58
Song_0001012,The Weeknd,Justice,272732,49
Song_0001013,Adele,After Hours,305268,9
Song_0001014,The Weeknd,Evolve,173252,51
Song_0001015,Justin Bieber,Anti,140880,11
Song_0001016,Dua Lipa,Future Nostalgia,253379,64
Song_0001017,Imagine Dragons,Justice,152431,49
Song_0001018,Dua Lipa,Future Nostalgia,159076,91
Song_0001019,Taylor Swift,25,220869,3
Song_0001020,Billie Eilish,25,183126,71
Song_0001021,Rihanna,Anti,250625,37
Song_0001022,Billie Eilish,Justice,167844,3
Song_0001023,Dua Lipa,Evolve,250149,67
Song_0001024,Taylor Swift,Evolve,291577,95
Song_0001025,Imagine Dragons,Future Nostalgia,166732,93
Song_0001026,Adele,After Hours,155092,67
Song_0001027,Drake,Scorpion,139683,55
Song_0001028,The Weeknd,Divide,201154,88
Song_0001029,Justin Bieber,Anti,287169,2
Song_0001030,Imagine Dragons,Justice,280804,88
Song_0001031,Adele,Divide,158835,66
Song_0001032,Imagine Dragons,Scorpion,263778,11
Song_0001033,Dua Lipa,Midnights,220277,68
Song_0001034,Rihanna,Future Nostalgia,200865,68
Song_0001035,Adele,After Hours,313619,21
Song_0001036,Drake,Midnights,226826,27
Song_0001037,Taylor Swift,Evolve,143237,89
Song_0001038,Drake,Anti,132889,47
Song_0001039,Drake,25,189509,4
Song_0001040,Justin Bieber,Midnights,222740,30
Song_0001041,Justin Bieber,Scorpion,215254,25
Song_0001042,Rihanna,Anti,166216,63
Song_0001043,Taylor Swift,Scorpion,168049,28
Song_0001044,Drake,Future Nostalgia,279011,13
Song_0001045,The Weeknd,Divide,197699,74
Song_0001046,Justin Bieber,When We All Fall Asleep,210241,34
Song_0001047,Ed Sheeran,Evolve,225651,56
Song_0001048,Imagine Dragons,When We All Fall Asleep,196634,88
Song_0001049,Rihanna,Divide,168173,57
Song_0001050,Drake,Justice,275452,86
Song_0001051,Rihanna,When We All Fall Asleep,251147,97
Song_0001052,Imagine Dragons,Anti,259915,94
Song_0001053,Imagine Dragons,Midnights,161707,67
Song_0001054,Adele,Justice,139605,68
Song_0001055,Dua Lipa,When We All Fall Asleep,154939,71
Song_0001056,Justin Bieber,Scorpion,257465,78
Song_0001057,Dua Lipa,Scorpion,220146,16
Song_0001058,Ed Sheeran,When We All Fall Asleep,314029,70
Song_0001059,Imagine Dragons,Future Nostalgia,261774,71
Song_0001060,Adele,Future Nostalgia,178678,11
Song_0001061,Dua Lipa,25,248252,69
Song_0001062,Ed Sheeran,Future Nostalgia,172871,67
Song_0001063,Ed Sheeran,Justice,212833,82
Song_0001064,Drake,Divide,297984,83
Song_0001065,Dua Lipa,Divide,152826,80
Song_0001066,The Weeknd,Scorpion,204061,28
Song_0001067,Adele,Divide,255361,24
Song_0001068,Adele,Evolve,161680,15
Song_0001069,Imagine Dragons,Evolve,182126,19
Song_0001070,Rihanna,Future Nostalgia,134259,3
Song_0001071,The Weeknd,After Hours,211801,13
Song_0001072,The Weeknd,Evolve,246177,14
Song_0001073,Billie Eilish,When We All Fall Asleep,167709,22
Song_0001074,Drake,Future Nostalgia,172929,46
Song_0001075,Billie Eilish,Justice,162531,5
Song_0001076,Dua Lipa,Midnights,122931,96
Song_0001077,Adele,Midnights,151333,48
Song_0001078,Billie Eilish,When We All Fall Asleep,301607,92
Song_0001079,Rihanna,Divide,305230,37
Song_0001080,Adele,When We All Fall Asleep,231462,11
Song_0001081,Adele,Evolve,168010,31
Song_0001082,Billie Eilish,25,242286,78
Song_0001083,Taylor Swift,Anti,271326,96
Song_0001084,Adele,When We All Fall Asleep,186749,67
Song_0001085,Imagine Dragons,When We All Fall Asleep,216184,14
Song_0001086,Justin Bieber,Scorpion,172785,73
Song_0001087,Taylor Swift,When We All Fall Asleep,195990,69
Song_0001088,Taylor Swift,Scorpion,219177,57
Song_0001089,Rihanna,Midnights,217705,87
Song_0001090,Ed Sheeran,Anti,310686,2
Song_0001091,Adele,Justice,273114,96
Song_0001092,Justin Bieber,After Hours,175127,36
Song_0001093,Ed Sheeran,When We All Fall Asleep,254901,78
Song_0001094,Billie Eilish,25,191396,71
Song_0001095,Drake,Midnights,192747,53
Song_0001096,The Weeknd,Future Nostalgia,286753,52
Song_0001097,Ed Sheeran,Evolve,306478,28
Song_0001098,Drake,After Hours,252926,42
Song_0001099,Adele,Scorpion,211733,56
Song_0001100,Rihanna,When We All Fall Asleep,159160,19
Song_0001101,Billie Eilish,When We All Fall Asleep,285630,90
Song_0001102,Dua Lipa,Future Nostalgia,141702,83
Song_0001103,Justin Bieber,Justice,233221,80
Song_0001104,Billie Eilish,Divide,194320,36
Song_0001105,Imagine Dragons,25,258601,37
Song_0001106,Ed Sheeran,Scorpion,284861,62
Song_0001107,The Weeknd,25,218483,24
Song_0001108,Imagine Dragons,Anti,131869,73
Song_0001109,Rihanna,Evolve,178440,86
Song_0001110,Taylor Swift,After Hours,275873,88
Song_0001111,Taylor Swift,Evolve,270221,72
Song_0001112,Drake,Future Nostalgia,157811,61
Song_0001113,Justin Bieber,After Hours,297991,49
Song_0001114,Adele,Midnights,198186,56
Song_0001115,Billie Eilish,Justice,156176,54
Song_0001116,Imagine Dragons,When We All Fall Asleep,180611,36
Song_0001117,The Weeknd,Midnights,156105,69
Song_0001118,Billie Eilish,Future Nostalgia,164739,39
Song_0001119,Billie Eilish,Evolve,216312,31
Song_0001120,Justin Bieber,When We All Fall Asleep,199998,5
Song_0001121,Ed Sheeran,Evolve,185130,32
Song_0001122,Billie Eilish,Divide,231978,77
Song_0001123,The Weeknd,When We All Fall Asleep,229844,13
Song_0001124,Ed Sheeran,Evolve,165887,22
Song_0001125,The Weeknd,Future Nostalgia,297633,17
Song_0001126,Dua Lipa,Scorpion,284873,30
Song_0001127,Drake,Scorpion,268529,87
Song_0001128,Billie Eilish,Anti,135650,96
Song_0001129,The Weeknd,25,207501,81
Song_0001130,Ed Sheeran,Anti,268215,77
Song_0001131,Dua Lipa,Future Nostalgia,293901,5
Song_0001132,Dua Lipa,After Hours,249533,37
Song_0001133,Drake,When We All Fall Asleep,151232,17
Song_0001134,Justin Bieber,Divide,220211,90
Song_0001135,Imagine Dragons,25,136639,35
Song_0001136,Billie Eilish,25,169234,5
Song_0001137,Imagine Dragons,25,208630,22
Song_0001138,Dua Lipa,Evolve,254965,78
Song_0001139,Billie Eilish,After Hours,231106,64
Song_0001140,Drake,When We All Fall Asleep,175572,96
Song_0001141,The Weeknd,When We All Fall Asleep,287476,72
Song_0001142,The Weeknd,Future Nostalgia,294329,34
Song_0001143,Imagine Dragons,When We All Fall Asleep,134846,52
Song_0001144,Ed Sheeran,When We All Fall Asleep,265642,56
Song_0001145,Billie Eilish,Justice,244445,23
Song_0001146,The Weeknd,25,249103,64
Song_0001147,Imagine Dragons,Future Nostalgia,121337,64
Song_0001148,Adele,Future Nostalgia,124078,24
Song_0001149,Rihanna,Anti,123172,21
Song_0001150,Taylor Swift,When We All Fall Asleep,195136,65
Song_0001151,Dua Lipa,Anti,287109,90
Song_0001152,The Weeknd,After Hours,122212,81
Song_0001153,Justin Bieber,Evolve,199812,20
Song_0001154,Ed Sheeran,Midnights,138073,62
Song_0001155,Dua Lipa,Midnights,204860,34
Song_0001156,Taylor Swift,Anti,146164,55
Song_0001157,Adele,When We All Fall Asleep,159168,58
Song_0001158,Rihanna,Future Nostalgia,211022,69
Song_0001159,Drake,Evolve,177569,15
Song_0001160,Adele,Justice,200114,52
Song_0001161,Taylor Swift,Midnights,234275,37
Song_0001162,Taylor Swift,After Hours,288284,81
Song_0001163,Justin Bieber,25,150585,60
Song_0001164,Ed Sheeran,When We All Fall Asleep,274616,6
Song_0001165,Dua Lipa,Future Nostalgia,142239,93
Song_0001166,Taylor Swift,Evolve,316919,76
Song_0001167,Billie Eilish,Evolve,200613,54
Song_0001168,The Weeknd,When We All Fall Asleep,204976,74
Song_0001169,Dua Lipa,25,200745,84
Song_0001170,Adele,Midnights,260916,95
Song_0001171,Dua Lipa,When We All Fall Asleep,210156,58
Song_0001172,The Weeknd,25,266261,32
Song_0001173,Taylor Swift,25,198427,69
Song_0001174,Ed Sheeran,Anti,163210,13
Song_0001175,Rihanna,Future Nostalgia,223664,2
Song_0001176,Ed Sheeran,Justice,149796,71
Song_0001177,Adele,After Hours,206359,11
Song_0001178,Ed Sheeran,When We All Fall Asleep,307669,32
Song_0001179,Dua Lipa,Midnights,317450,45
Song_0001180,Justin Bieber,25,302334,59
Song_0001181,Drake,Anti,185934,31
Song_0001182,The Weeknd,Evolve,181145,39
Song_0001183,Adele,Anti,211115,13
Song_0001184,Dua Lipa,25,122055,4
Song_0001185,Rihanna,25,174170,17
Song_0001186,Imagine Dragons,When We All Fall Asleep,262130,96
Song_0001187,Imagine Dragons,25,196817,17
Song_0001188,Justin Bieber,Justice,220697,57
Song_0001189,Dua Lipa,Anti,225096,5
Song_0001190,Rihanna,Scorpion,148081,95
Song_0001191,Rihanna,After Hours,193500,91
Song_0001192,Adele,25,195521,46
Song_0001193,Justin Bieber,Anti,272425,86
Song_0001194,Drake,After Hours,290133,50
Song_0001195,Drake,Divide,153976,4
Song_0001196,Drake,Anti,166434,82
Song_0001197,Justin Bieber,After Hours,148018,77
Song_0001198,Justin Bieber,25,197339,54
Song_0001199,The Weeknd,After Hours,208229,41
Song_0001200,Rihanna,25,270066,90
Song_0001201,Imagine Dragons,Anti,239856,88
Song_0001202,Ed Sheeran,Anti,266262,29
Song_0001203,Drake,Evolve,177646,65
Song_0001204,Billie Eilish,Justice,303735,73
Song_0001205,Imagine Dragons,When We All Fall Asleep,133450,33
Song_0001206,Imagine Dragons,25,254500,47
Song_0001207,Dua Lipa,Scorpion,305598,69
Song_0001208,Justin Bieber,Anti,123542,99
Song_0001209,Ed Sheeran,25,309788,95
Song_0001210,Dua Lipa,After Hours,143128,54
Song_0001211,Adele,Justice,252959,12
Song_0001212,Ed Sheeran,After Hours,280395,34
Song_0001213,Rihanna,Divide,279142,12
Song_0001214,Drake,25,180824,7
Song_0001215,Dua Lipa,After Hours,162641,67
Song_0001216,Ed Sheeran,When We All Fall Asleep,135384,71
Song_0001217,Justin Bieber,Divide,140542,3
Song_0001218,Justin Bieber,Midnights,313654,31
Song_0001219,Rihanna,25,230633,86
Song_0001220,The Weeknd,Midnights,178655,16
Song_0001221,Taylor Swift,25,285679,9
Song_0001222,Imagine Dragons,Midnights,214768,9
Song_0001223,Dua Lipa,Divide,195269,80
Song_0001224,Drake,After Hours,251611,32
Song_0001225,Ed Sheeran,When We All Fall Asleep,214840,55
Song_0001226,The Weeknd,25,203741,90
Song_0001227,Billie Eilish,When We All Fall Asleep,145409,35
Song_0001228,Imagine Dragons,Justice,245599,100
Song_0001229,Taylor Swift,Anti,227557,100
Song_0001230,Drake,Justice,211772,55
Song_0001231,Justin Bieber,Evolve,197497,34
Song_0001232,Rihanna,Divide,175913,98
Song_0001233,Taylor Swift,Anti,209328,20
Song_0001234,Dua Lipa,Evolve,293526,89
Song_0001235,Billie Eilish,Divide,174154,20
Song_0001236,Drake,Divide,261265,63
Song_0001237,The Weeknd,Anti,167631,44
Song_0001238,Dua Lipa,Midnights,198423,8
Song_0001239,Rihanna,After Hours,190754,48
Song_0001240,The Weeknd,Midnights,228212,24
Song_0001241,Dua Lipa,After Hours,281958,6
Song_0001242,Imagine Dragons,Evolve,177850,48
Song_0001243,Justin Bieber,Anti,269781,2
Song_0001244,Dua Lipa,Scorpion,289836,58
Song_0001245,Rihanna,Evolve,229940,86
Song_0001246,Adele,After Hours,239106,42
Song_0001247,Taylor Swift,Future Nostalgia,254050,20
Song_0001248,The Weeknd,Justice,316376,45
Song_0001249,Taylor Swift,Scorpion,229137,3
Song_0001250,Rihanna,Justice,132138,31
Song_0001251,Taylor Swift,25,240593,93
Song_0001252,Adele,Scorpion,147109,65
Song_0001253,Ed Sheeran,Justice,300646,49
Song_0001254,Adele,Future Nostalgia,236650,38
Song_0001255,Dua Lipa,After Hours,294385,27
Song_0001256,Drake,Midnights,223345,60
Song_0001257,Rihanna,Evolve,163728,52
Song_0001258,Adele,After Hours,317407,40
Song_0001259,Ed Sheeran,After Hours,234538,88
Song_0001260,Drake,25,319804,5
Song_0001261,Dua Lipa,Evolve,121935,64
Song_0001262,Justin Bieber,After Hours,139830,41
Song_0001263,Taylor Swift,Scorpion,277703,79
Song_0001264,Ed Sheeran,25,299382,44
Song_0001265,Adele,When We All Fall Asleep,174926,13
Song_0001266,Billie Eilish,Anti,306103,46
Song_0001267,Justin Bieber,Midnights,138848,70
Song_0001268,Drake,Divide,318912,53
Song_0001269,Imagine Dragons,Divide,215676,65
Song_0001270,The Weeknd,Future Nostalgia,210069,51
Song_0001271,Drake,Anti,142054,46
Song_0001272,Ed Sheeran,Midnights,208433,4
Song_0001273,Dua Lipa,Justice,319075,47
Song_0001274,Rihanna,Midnights,152245,61
Song_0001275,Dua Lipa,Scorpion,124335,13
Song_0001276,Rihanna,Justice,125396,67
Song_0001277,The Weeknd,Justice,154495,43
Song_0001278,Ed Sheeran,Evolve,268717,60
Song_0001279,Dua Lipa,Midnights,221527,63
Song_0001280,Ed Sheeran,Midnights,169051,7
Song_0001281,Adele,Midnights,159896,37
Song_0001282,Justin Bieber,Anti,207162,51
Song_0001283,Imagine Dragons,Midnights,124922,59
Song_0001284,Billie Eilish,Anti,306184,95
Song_0001285,Drake,Divide,288756,26
Song_0001286,Adele,Evolve,202686,17
Song_0001287,Rihanna,Justice,219942,63
Song_0001288,Imagine Dragons,Future Nostalgia,129469,18
Song_0001289,The Weeknd,When We All Fall Asleep,197191,92
Song_0001290,Rihanna,Future Nostalgia,137190,33
Song_0001291,The Weeknd,Anti,264898,31
Song_0001292,Rihanna,Anti,224133,4
Song_0001293,Drake,After Hours,154620,90
Song_0001294,Dua Lipa,25,151976,71
Song_0001295,Justin Bieber,25,293656,59
Song_0001296,Imagine Dragons,Future Nostalgia,303153,83
Song_0001297,Rihanna,25,164104,71
Song_0001298,Taylor Swift,Anti,296093,99
Song_0001299,The Weeknd,When We All Fall Asleep,285555,76
Song_0001300,Imagine Dragons,When We All Fall Asleep,280089,10
Song_0001301,Imagine Dragons,25,181740,28
Song_0001302,Ed Sheeran,Future Nostalgia,187923,97
Song_0001303,Ed Sheeran,Future Nostalgia,219189,82
Song_0001304,Justin Bieber,Justice,308599,33
Song_0001305,Justin Bieber,Divide,228885,60
Song_0001306,Justin Bieber,25,138851,32
Song_0001307,Adele,Future Nostalgia,178602,19
Song_0001308,Rihanna,Justice,136992,31
Song_0001309,Imagine Dragons,After Hours,173401,8
Song_0001310,Rihanna,Divide,268144,88
Song_0001311,Ed Sheeran,When We All Fall Asleep,180782,72
Song_0001312,Dua Lipa,Divide,279684,20
Song_0001313,Justin Bieber,When We All Fall Asleep,171290,69
Song_0001314,Billie Eilish,Midnights,211573,100
Song_0001315,Adele,Divide,150752,19
Song_0001316,Taylor Swift,25,248701,14
Song_0001317,Ed Sheeran,Future Nostalgia,238280,38
Song_0001318,Imagine Dragons,Midnights,167829,67
Song_0001319,Rihanna,Future Nostalgia,165494,38
Song_0001320,The Weeknd,Divide,135653,9
Song_0001321,Taylor Swift,Scorpion,275576,100
Song_0001322,Ed Sheeran,25,316114,38
Song_0001323,Dua Lipa,Future Nostalgia,172012,27
Song_0001324,Ed Sheeran,25,260200,95
Song_0001325,Ed Sheeran,Scorpion,180316,43
Song_0001326,Billie Eilish,Scorpion,281580,56
Song_0001327,Ed Sheeran,Divide,139311,97
Song_0001328,Adele,After Hours,273478,19
Song_0001329,Billie Eilish,Evolve,316289,92
Song_0001330,Taylor Swift,Scorpion,197503,6
Song_0001331,Justin Bieber,Justice,225204,34
Song_0001332,Adele,Justice,297150,93
Song_0001333,Taylor Swift,After Hours,125679,91
Song_0001334,Billie Eilish,Evolve,248694,1
Song_0001335,Taylor Swift,Anti,313967,73
Song_0001336,Dua Lipa,After Hours,263235,16
Song_0001337,Taylor Swift,Justice,197393,76
Song_0001338,Dua Lipa,Evolve,207563,2
Song_0001339,Adele,Future Nostalgia,225554,89
Song_0001340,Justin Bieber,Midnights,184475,52
Song_0001341,Drake,Evolve,293936,63
Song_0001342,The Weeknd,Divide,149830,79
Song_0001343,Drake,25,135022,79
Song_0001344,Justin Bieber,Divide,226371,97
Song_0001345,Adele,Future Nostalgia,158538,91
Song_0001346,Ed Sheeran,Divide,289286,82
Song_0001347,Ed Sheeran,After Hours,317938,18
Song_0001348,Taylor Swift,Midnights,310900,87
Song_0001349,Justin Bieber,Evolve,260979,58
Song_0001350,Justin Bieber,Future Nostalgia,277134,68
Song_0001351,Ed Sheeran,Scorpion,253850,24
Song_0001352,Drake,When We All Fall Asleep,153624,63
Song_0001353,Drake,25,198951,69
Song_0001354,Drake,After Hours,256351,44
Song_0001355,Ed Sheeran,Justice,259077,86
Song_0001356,Billie Eilish,Justice,230042,85
Song_0001357,The Weeknd,When We All Fall Asleep,297611,42
Song_0001358,Dua Lipa,Anti,245758,82
Song_0001359,Dua Lipa,After Hours,266149,77
Song_0001360,Rihanna,Scorpion,169668,25
Song_0001361,Drake,Midnights,230383,29
Song_0001362,Ed Sheeran,Scorpion,297688,15
Song_0001363,Rihanna,Divide,296532,35
Song_0001364,Dua Lipa,Scorpion,248504,59
Song_0001365,Drake,Scorpion,221747,27
Song_0001366,Rihanna,Scorpion,245268,42
Song_0001367,Ed Sheeran,After Hours,253016,75
Song_0001368,Dua Lipa,After Hours,262892,68
Song_0001369,Ed Sheeran,Evolve,268959,33
Song_0001370,Drake,Anti,302990,36
Song_0001371,Adele,When We All Fall Asleep,228465,38
Song_0001372,Imagine Dragons,When We All Fall Asleep,172962,19
Song_0001373,Adele,Scorpion,255877,79
Song_0001374,Ed Sheeran,Justice,261596,8
Song_0001375,Ed Sheeran,When We All Fall Asleep,175587,88
Song_0001376,Billie Eilish,Anti,269165,78
Song_0001377,Adele,Scorpion,126942,48
Song_0001378,Ed Sheeran,Anti,272310,91
Song_0001379,Taylor Swift,Midnights,254870,16
Song_0001380,Adele,Anti,274611,51
Song_0001381,Justin Bieber,Divide,167828,21
Song_0001382,Dua Lipa,Justice,264802,41
Song_0001383,Rihanna,Anti,132870,6
Song_0001384,Ed Sheeran,Future Nostalgia,312368,69
Song_0001385,Dua Lipa,Midnights,227050,28
Song_0001386,Adele,After Hours,258222,38
Song_0001387,Adele,Scorpion,169661,55
Song_0001388,Rihanna,Anti,318084,97
Song_0001389,Rihanna,Justice,162047,97
Song_0001390,Billie Eilish,Divide,158764,100
Song_0001391,Justin Bieber,25,261205,20
Song_0001392,Billie Eilish,Midnights,193651,9
Song_0001393,The Weeknd,Scorpion,212412,35
Song_0001394,Imagine Dragons,Anti,296455,9
Song_0001395,Adele,Scorpion,260935,72
Song_0001396,Drake,Scorpion,300880,22
Song_0001397,Ed Sheeran,25,227459,89
Song_0001398,The Weeknd,25,268558,29
Song_0001399,Drake,25,147592,29
Song_0001400,Justin Bieber,Justice,271413,4
Song_0001401,Imagine Dragons,Midnights,172697,15
Song_0001402,Drake,Evolve,121097,22
Song_0001403,Imagine Dragons,After Hours,308194,78
Song_0001404,Rihanna,After Hours,153554,88
Song_0001405,Imagine Dragons,Evolve,177031,41
Song_0001406,Rihanna,Justice,162939,95
Song_0001407,Ed Sheeran,Anti,272886,58
Song_0001408,Adele,Future Nostalgia,196693,35
Song_0001409,Dua Lipa,When We All Fall Asleep,302612,65
Song_0001410,Rihanna,After Hours,260714,15
Song_0001411,Taylor Swift,Evolve,218211,50
Song_0001412,Imagine Dragons,Midnights,225840,38
Song_0001413,Taylor Swift,Scorpion,157744,30
Song_0001414,Imagine Dragons,Justice,289611,23
Song_0001415,The Weeknd,When We All Fall Asleep,276817,21
Song_0001416,Adele,Divide,241592,21
Song_0001417,Dua Lipa,Midnights,267798,34
Song_0001418,Imagine Dragons,Future Nostalgia,263336,29
Song_0001419,Taylor Swift,Future Nostalgia,182159,14
Song_0001420,The Weeknd,After Hours,246784,13
Song_0001421,Rihanna,Scorpion,247888,99
Song_0001422,Taylor Swift,Scorpion,184962,80
Song_0001423,Taylor Swift,When We All Fall Asleep,120689,82
Song_0001424,Taylor Swift,Evolve,178142,19
Song_0001425,Billie Eilish,Anti,313203,13
Song_0001426,Ed Sheeran,Justice,207648,5
Song_0001427,Rihanna,Justice,232351,92
Song_0001428,Billie Eilish,After Hours,211394,70
Song_0001429,Justin Bieber,Justice,270718,87
Song_0001430,Ed Sheeran,Midnights,312772,31
Song_0001431,Ed Sheeran,Justice,127048,6
Song_0001432,Dua Lipa,Evolve,222648,54
Song_0001433,Ed Sheeran,Justice,148978,22
Song_0001434,Drake,When We All Fall Asleep,278876,58
Song_0001435,Drake,When We All Fall Asleep,261557,69
Song_0001436,Imagine Dragons,Evolve,292903,26
Song_0001437,Billie Eilish,Justice,293176,50
Song_0001438,Adele,Evolve,264136,25
Song_0001439,Taylor Swift,Anti,304076,98
Song_0001440,Rihanna,Evolve,269852,48
Song_0001441,Ed Sheeran,25,244939,46
Song_0001442,Justin Bieber,Anti,122194,44
Song_0001443,Drake,Divide,163500,43
Song_0001444,Imagine Dragons,Evolve,175703,42
Song_0001445,Rihanna,Scorpion,245901,56
Song_0001446,Drake,Divide,212149,5
Song_0001447,Taylor Swift,Justice,135715,48
Song_0001448,The Weeknd,After Hours,159244,41
Song_0001449,Drake,Evolve,184872,46
Song_0001450,Billie Eilish,Evolve,270928,4
Song_0001451,Justin Bieber,After Hours,213156,43
Song_0001452,Taylor Swift,Midnights,296451,11
Song_0001453,Dua Lipa,Justice,267484,4
Song_0001454,Drake,Justice,287486,32
Song_0001455,Rihanna,Justice,229034,59
Song_0001456,Taylor Swift,Midnights,197130,75
Song_0001457,Dua Lipa,After Hours,314238,59
Song_0001458,Rihanna,After Hours,215404,18
Song_0001459,Ed Sheeran,Future Nostalgia,161575,47
Song_0001460,Justin Bieber,Midnights,180303,75
Song_0001461,Billie Eilish,Midnights,133407,79
Song_0001462,Drake,Divide,122559,68
Song_0001463,Adele,When We All Fall Asleep,245483,12
Song_0001464,Dua Lipa,Future Nostalgia,317504,45
Song_0001465,Ed Sheeran,25,166631,5
Song_0001466,Ed Sheeran,25,302709,59
Song_0001467,Rihanna,25,315667,71
Song_0001468,Rihanna,Divide,266476,26
Song_0001469,Rihanna,Evolve,171723,64
Song_0001470,Adele,Scorpion,223974,57
Song_0001471,Imagine Dragons,Divide,200986,71
Song_0001472,Billie Eilish,Anti,129809,59
Song_0001473,Imagine Dragons,When We All Fall Asleep,197596,32
Song_0001474,Justin Bieber,Future Nostalgia,172759,64
Song_0001475,Drake,After Hours,208778,43
Song_0001476,Taylor Swift,Evolve,130745,75
Song_0001477,Dua Lipa,25,144313,57
Song_0001478,Ed Sheeran,Scorpion,120632,59
Song_0001479,Adele,25,195003,99
Song_0001480,Drake,Midnights,132920,56
Song_0001481,Dua Lipa,Justice,192864,32
Song_0001482,Adele,When We All Fall Asleep,169941,46
Song_0001483,Rihanna,When We All Fall Asleep,150533,89
Song_0001484,Ed Sheeran,Justice,126155,65
Song_0001485,Justin Bieber,Evolve,308239,86
Song_0001486,Billie Eilish,Scorpion,129614,95
Song_0001487,Dua Lipa,When We All Fall Asleep,231781,73
Song_0001488,Justin Bieber,Divide,247773,85
Song_0001489,Dua Lipa,After Hours,263430,73
Song_0001490,Rihanna,25,279280,51
Song_0001491,Taylor Swift,When We All Fall Asleep,246645,85
Song_0001492,Imagine Dragons,Justice,208494,87
Song_0001493,Ed Sheeran,Scorpion,259094,20
Song_0001494,Justin Bieber,Scorpion,124482,97
Song_0001495,Adele,Midnights,262186,50
Song_0001496,Billie Eilish,When We All Fall Asleep,203786,2
Song_0001497,Taylor Swift,Future Nostalgia,283656,64
Song_0001498,Rihanna,Future Nostalgia,147931,93
Song_0001499,Justin Bieber,Anti,218141,44
Song_0001500,Taylor Swift,Justice,262908,78
Song_0001501,Taylor Swift,Midnights,251239,23
Song_0001502,Taylor Swift,Evolve,291020,71
Song_0001503,Rihanna,Justice,169166,14
Song_0001504,Drake,Justice,313734,79
Song_0001505,Dua Lipa,Divide,310028,20
Song_0001506,Imagine Dragons,Scorpion,284184,52
Song_0001507,Rihanna,After Hours,187534,22
Song_0001508,Drake,After Hours,303298,62
Song_0001509,Justin Bieber,Justice,162037,43
Song_0001510,The Weeknd,Future Nostalgia,131442,35
Song_0001511,Billie Eilish,Justice,156791,97
Song_0001512,The Weeknd,After Hours,256256,7
Song_0001513,Imagine Dragons,Evolve,214866,85
Song_0001514,Billie Eilish,Midnights,211462,92
Song_0001515,Imagine Dragons,Evolve,242419,53
Song_0001516,Billie Eilish,Evolve,224598,78
Song_0001517,Justin Bieber,After Hours,162368,12
Song_0001518,Rihanna,Divide,215776,10
Song_0001519,Billie Eilish,Justice,215191,12
Song_0001520,Justin Bieber,Future Nostalgia,139591,99
Song_0001521,Taylor Swift,Future Nostalgia,175381,18
Song_0001522,Billie Eilish,Justice,303983,11
Song_0001523,Justin Bieber,Divide,226262,15
Song_0001524,Taylor Swift,When We All Fall Asleep,292561,56
Song_0001525,Drake,Justice,302971,5
Song_0001526,Ed Sheeran,Future Nostalgia,276595,50
Song_0001527,Adele,When We All Fall Asleep,239464,3
Song_0001528,Adele,Scorpion,131760,27
Song_0001529,Taylor Swift,Anti,142685,7
Song_0001530,Taylor Swift,Future Nostalgia,216816,25
Song_0001531,Billie Eilish,After Hours,197128,89
Song_0001532,Dua Lipa,When We All Fall Asleep,299952,48
Song_0001533,Justin Bieber,Divide,134377,9
Song_0001534,Rihanna,Justice,221081,2
Song_0001535,Adele,Future Nostalgia,202317,12
Song_0001536,Drake,Justice,246989,89
Song_0001537,Justin Bieber,Anti,125077,71
Song_0001538,Imagine Dragons,Future Nostalgia,244071,27
Song_0001539,Billie Eilish,Scorpion,209356,36
Song_0001540,The Weeknd,Future Nostalgia,131441,72
Song_0001541,Dua Lipa,Justice,252431,57
Song_0001542,Ed Sheeran,After Hours,240904,31
Song_0001543,Dua Lipa,Justice,272494,10
Song_0001544,Justin Bieber,Divide,211502,55
Song_0001545,Dua Lipa,Anti,266512,20
Song_0001546,Rihanna,Midnights,228072,37
Song_0001547,Rihanna,25,315649,99
Song_0001548,Drake,When We All Fall Asleep,278763,69
Song_0001549,Drake,When We All Fall Asleep,288815,79
Song_0001550,Adele,Midnights,269010,84
Song_0001551,Imagine Dragons,Anti,259002,21
Song_0001552,Adele,When We All Fall Asleep,123487,28
Song_0001553,Drake,Justice,195213,5
Song_0001554,Imagine Dragons,Anti,283971,72
Song_0001555,Justin Bieber,When We All Fall Asleep,232252,9
Song_0001556,Billie Eilish,Future Nostalgia,299498,62
Song_0001557,The Weeknd,Scorpion,198477,3
Song_0001558,Dua Lipa,Scorpion,315999,33
Song_0001559,The Weeknd,Midnights,288483,6
Song_0001560,Rihanna,Anti,157494,25
Song_0001561,Taylor Swift,When We All Fall Asleep,222314,68
Song_0001562,Drake,Divide,142987,41
Song_0001563,Dua Lipa,25,213745,87
Song_0001564,Ed Sheeran,When We All Fall Asleep,290742,52
Song_0001565,Drake,When We All Fall Asleep,304418,19
Song_0001566,Ed Sheeran,Justice,160704,35
Song_0001567,Billie Eilish,Justice,131562,73
Song_0001568,Adele,Evolve,131008,19
Song_0001569,Taylor Swift,25,277695,92
Song_0001570,Justin Bieber,When We All Fall Asleep,199476,92
Song_0001571,Taylor Swift,Midnights,259392,47
Song_0001572,Billie Eilish,Anti,279942,68
Song_0001573,Adele,Justice,192498,2
Song_0001574,Rihanna,Scorpion,274943,40
Song_0001575,Adele,25,196905,22
Song_0001576,Adele,Justice,221311,6
Song_0001577,Drake,Divide,156856,36
Song_0001578,Ed Sheeran,Anti,315383,34
Song_0001579,Billie Eilish,25,140639,11
Song_0001580,Rihanna,When We All Fall Asleep,265057,77
Song_0001581,Rihanna,Anti,130480,94
Song_0001582,Taylor Swift,Future Nostalgia,263766,9
Song_0001583,Drake,Anti,205581,65
Song_0001584,Taylor Swift,Midnights,259446,21
Song_0001585,Dua Lipa,Scorpion,172816,77
Song_0001586,Adele,When We All Fall Asleep,167705,28
Song_0001587,The Weeknd,After Hours,309311,47
Song_0001588,Drake,Evolve,293124,48
Song_0001589,Imagine Dragons,After Hours,248427,80
Song_0001590,Taylor Swift,Scorpion,275301,72
Song_0001591,Adele,Justice,278595,27
Song_0001592,Justin Bieber,Scorpion,241409,55
Song_0001593,Imagine Dragons,Scorpion,229233,46
Song_0001594,Rihanna,After Hours,261311,10
Song_0001595,The Weeknd,Future Nostalgia,194296,36
Song_0001596,Justin Bieber,Divide,235579,61
Song_0001597,Ed Sheeran,When We All Fall Asleep,308937,12
Song_0001598,Dua Lipa,25,291498,61
Song_0001599,Rihanna,Anti,273928,17
Song_0001600,Rihanna,Scorpion,251980,35
Song_0001601,Taylor Swift,25,174622,38
Song_0001602,Rihanna,After Hours,176534,51
Song_0001603,The Weeknd,Future Nostalgia,307733,76
Song_0001604,Taylor Swift,25,309643,1
Song_0001605,Taylor Swift,Evolve,270939,28
Song_0001606,Rihanna,Anti,252426,96
Song_0001607,Ed Sheeran,Evolve,269074,69
Song_0001608,Adele,After Hours,126978,33
Song_0001609,Taylor Swift,Anti,152553,14
Song_0001610,Imagine Dragons,Future Nostalgia,179155,96
Song_0001611,Dua Lipa,Scorpion,207562,85
Song_0001612,Dua Lipa,After Hours,165483,40
Song_0001613,Billie Eilish,Future Nostalgia,204821,72
Song_0001614,Dua Lipa,Justice,153834,9
Song_0001615,Imagine Dragons,Scorpion,178138,10
Song_0001616,The Weeknd,Justice,308116,87
Song_0001617,Justin Bieber,Scorpion,240990,76
Song_0001618,Ed Sheeran,After Hours,242343,79
Song_0001619,The Weeknd,Midnights,206135,1
Song_0001620,Taylor Swift,Scorpion,183177,76
Song_0001621,Ed Sheeran,Justice,276357,63
Song_0001622,Dua Lipa,25,318451,40
Song_0001623,Taylor Swift,Future Nostalgia,260824,6
Song_0001624,Adele,Anti,197807,34
Song_0001625,Justin Bieber,When We All Fall Asleep,278614,19
Song_0001626,Dua Lipa,Future Nostalgia,148010,33
Song_0001627,Justin Bieber,Future Nostalgia,208558,31
Song_0001628,Justin Bieber,Evolve,257410,94
Song_0001629,Imagine Dragons,Justice,148159,21
Song_0001630,Adele,After Hours,129066,60
Song_0001631,Taylor Swift,Divide,291378,58
Song_0001632,Drake,Divide,147250,24
Song_0001633,Taylor Swift,Justice,255703,65
Song_0001634,The Weeknd,When We All Fall Asleep,146676,50
Song_0001635,Imagine Dragons,25,299786,94
Song_0001636,Taylor Swift,When We All Fall Asleep,210120,21
Song_0001637,Taylor Swift,Scorpion,210059,32
Song_0001638,Drake,25,318963,66
Song_0001639,Imagine Dragons,Anti,129210,44
Song_0001640,The Weeknd,Scorpion,307477,10
Song_0001641,The Weeknd,Scorpion,249560,81
Song_0001642,Rihanna,Evolve,311165,55
Song_0001643,Adele,Scorpion,200748,69
Song_0001644,Justin Bieber,Midnights,152550,14
Song_0001645,Ed Sheeran,Anti,274450,39
Song_0001646,Justin Bieber,After Hours,163553,16
Song_0001647,Billie Eilish,Evolve,177228,89
Song_0001648,Imagine Dragons,Midnights,127457,1
Song_0001649,Drake,Divide,277199,24
Song_0001650,Drake,Midnights,214599,13
Song_0001651,Adele,Divide,303376,16
Song_0001652,Ed Sheeran,25,274297,39
Song_0001653,Adele,After Hours,170860,45
Song_0001654,Ed Sheeran,Midnights,285739,72
Song_0001655,The Weeknd,Divide,125666,72
Song_0001656,Ed Sheeran,Justice,291272,13
Song_0001657,Imagine Dragons,After Hours,277525,53
Song_0001658,Billie Eilish,After Hours,243825,50
Song_0001659,Rihanna,When We All Fall Asleep,185896,91
Song_0001660,Rihanna,After Hours,162147,88
Song_0001661,Rihanna,Anti,166946,76
Song_0001662,Justin Bieber,Scorpion,139298,36
Song_0001663,Imagine Dragons,Midnights,200524,20
Song_0001664,Imagine Dragons,Anti,296158,57
Song_0001665,Justin Bieber,Future Nostalgia,212575,14
Song_0001666,Imagine Dragons,Future Nostalgia,232100,18
Song_0001667,Ed Sheeran,Anti,254049,32
Song_0001668,Dua Lipa,Divide,268229,18
Song_0001669,The Weeknd,Midnights,299494,53
Song_0001670,Dua Lipa,Anti,292123,80
Song_0001671,Billie Eilish,After Hours,291369,74
Song_0001672,Drake,Justice,128764,14
Song_0001673,The Weeknd,Anti,250634,78
Song_0001674,Imagine Dragons,Midnights,310423,64
Song_0001675,Imagine Dragons,Evolve,197448,28
Song_0001676,Imagine Dragons,Anti,223989,87
Song_0001677,Dua Lipa,Scorpion,162964,16
Song_0001678,Ed Sheeran,Scorpion,255760,26
Song_0001679,Imagine Dragons,Scorpion,255222,66
Song_0001680,The Weeknd,Future Nostalgia,262838,50
Song_0001681,Dua Lipa,After Hours,272402,29
Song_0001682,Ed Sheeran,Scorpion,281049,34
Song_0001683,Dua Lipa,Justice,290350,2
Song_0001684,Imagine Dragons,Evolve,307977,43
Song_0001685,Dua Lipa,Future Nostalgia,284266,36
Song_0001686,Taylor Swift,Anti,261435,28
Song_0001687,The Weeknd,When We All Fall Asleep,233214,51
Song_0001688,Ed Sheeran,Anti,241966,22
Song_0001689,Rihanna,25,155756,79
Song_0001690,Taylor Swift,When We All Fall Asleep,241924,18
Song_0001691,The Weeknd,Justice,228639,40
Song_0001692,Billie Eilish,Midnights,132282,26
Song_0001693,The Weeknd,Divide,196770,71
Song_0001694,Billie Eilish,Justice,253195,23
Song_0001695,Taylor Swift,When We All Fall Asleep,154587,23
Song_0001696,Billie Eilish,Scorpion,282851,94
Song_0001697,Ed Sheeran,Future Nostalgia,126329,92
Song_0001698,The Weeknd,Evolve,187294,75
Song_0001699,Ed Sheeran,Justice,174441,89
Song_0001700,Dua Lipa,Anti,289997,32
Song_0001701,Adele,Future Nostalgia,163097,39
Song_0001702,Rihanna,After Hours,144977,84
Song_0001703,Taylor Swift,Midnights,254306,47
Song_0001704,Rihanna,Future Nostalgia,155926,1
Song_0001705,The Weeknd,Justice,233469,3
Song_0001706,Drake,Evolve,140690,83
Song_0001707,Adele,Divide,152305,86
Song_0001708,Drake,After Hours,188635,70
Song_0001709,Justin Bieber,Midnights,204146,35
Song_0001710,Ed Sheeran,25,186338,15
Song_0001711,Dua Lipa,After Hours,314238,16
Song_0001712,Justin Bieber,Future Nostalgia,174954,11
Song_0001713,Taylor Swift,Evolve,275899,82
Song_0001714,The Weeknd,Future Nostalgia,147875,13
Song_0001715,Justin Bieber,After Hours,172239,43
Song_0001716,Ed Sheeran,Justice,279051,59
Song_0001717,Imagine Dragons,Scorpion,157056,26
Song_0001718,Drake,Future Nostalgia,282052,74
Song_0001719,Ed Sheeran,Anti,273170,70
Song_0001720,Dua Lipa,Divide,160902,19
Song_0001721,Imagine Dragons,Midnights,266413,44
Song_0001722,Billie Eilish,Midnights,280411,64
Song_0001723,Billie Eilish,When We All Fall Asleep,196442,26
Song_0001724,Dua Lipa,Future Nostalgia,287493,21
Song_0001725,Taylor Swift,Scorpion,248559,60
Song_0001726,Dua Lipa,Evolve,312507,60
Song_0001727,Billie Eilish,When We All Fall Asleep,238451,95
Song_0001728,Ed Sheeran,Evolve,306865,35
Song_0001729,Dua Lipa,After Hours,250264,55
Song_0001730,Taylor Swift,25,216789,84
Song_0001731,Taylor Swift,Future Nostalgia,256078,13
Song_0001732,Ed Sheeran,After Hours,200163,25
Song_0001733,Billie Eilish,Future Nostalgia,138455,47
Song_0001734,Dua Lipa,Future Nostalgia,155494,29
Song_0001735,Imagine Dragons,25,138142,89
Song_0001736,Billie Eilish,25,156017,71
Song_0001737,Drake,25,127256,7
Song_0001738,Billie Eilish,Divide,134408,19
Song_0001739,Rihanna,Midnights,177330,46
Song_0001740,Rihanna,Scorpion,281063,68
Song_0001741,The Weeknd,When We All Fall Asleep,208731,75
Song_0001742,Billie Eilish,Divide,205904,97
Song_0001743,Imagine Dragons,Midnights,307700,51
Song_0001744,Billie Eilish,Evolve,235905,15
Song_0001745,The Weeknd,When We All Fall Asleep,146993,22
Song_0001746,Imagine Dragons,Anti,250842,35
Song_0001747,Justin Bieber,Scorpion,239641,32
Song_0001748,Adele,Scorpion,192288,43
Song_0001749,Rihanna,After Hours,175288,56
Song_0001750,Ed Sheeran,Future Nostalgia,286022,11
Song_0001751,Dua Lipa,Justice,125158,41
Song_0001752,Adele,Divide,253649,95
Song_0001753,Justin Bieber,Justice,214975,20
Song_0001754,Dua Lipa,Divide,146713,68
Song_0001755,Ed Sheeran,When We All Fall Asleep,187825,14
Song_0001756,Billie Eilish,Divide,285662,65
Song_0001757,Billie Eilish,Divide,275045,79
Song_0001758,Billie Eilish,Future Nostalgia,135952,61
Song_0001759,Adele,Future Nostalgia,245419,87
Song_0001760,Taylor Swift,After Hours,294221,71
Song_0001761,Imagine Dragons,After Hours,137516,51
Song_0001762,Ed Sheeran,Scorpion,130123,17
Song_0001763,Justin Bieber,Evolve,310463,78
Song_0001764,Billie Eilish,Evolve,203944,89
Song_0001765,The Weeknd,Scorpion,126019,61
Song_0001766,Ed Sheeran,Scorpion,240179,39
Song_0001767,Ed Sheeran,Anti,284802,98
Song_0001768,Ed Sheeran,25,129668,21
Song_0001769,The Weeknd,After Hours,284402,96
Song_0001770,The Weeknd,Anti,266783,39
Song_0001771,Ed Sheeran,Scorpion,273780,51
Song_0001772,The Weeknd,Divide,309411,29
Song_0001773,Drake,After Hours,193080,40
Song_0001774,Drake,Justice,207039,63
Song_0001775,Billie Eilish,Justice,209279,72
Song_0001776,Rihanna,Evolve,289911,8
Song_0001777,Taylor Swift,After Hours,163449,1
Song_0001778,Taylor Swift,Anti,263246,40
Song_0001779,Dua Lipa,Anti,139569,26
Song_0001780,Adele,Justice,129723,77
Song_0001781,Dua Lipa,When We All Fall Asleep,276322,92
Song_0001782,Justin Bieber,Anti,292798,60
Song_0001783,Drake,Midnights,129870,35
Song_0001784,Dua Lipa,Future Nostalgia,307695,46
Song_0001785,Billie Eilish,After Hours,225798,45
Song_0001786,Justin Bieber,Justice,227768,52
Song_0001787,Taylor Swift,Scorpion,294281,70
Song_0001788,The Weeknd,Midnights,271512,3
Song_0001789,Rihanna,After Hours,129963,26
Song_0001790,Taylor Swift,Midnights,164227,37
Song_0001791,Dua Lipa,Divide,269200,43
Song_0001792,Dua Lipa,25,155739,3
Song_0001793,Rihanna,Anti,162700,36
Song_0001794,Ed Sheeran,Future Nostalgia,300319,7
Song_0001795,Imagine Dragons,Anti,188086,93
Song_0001796,Billie Eilish,After Hours,314500,33
Song_0001797,Adele,Justice,213686,13
Song_0001798,Drake,Anti,138406,54
Song_0001799,Billie Eilish,Divide,149379,12
Song_0001800,Imagine Dragons,25,252125,25
Song_0001801,Taylor Swift,Justice,183724,70
Song_0001802,Adele,Future Nostalgia,210807,31
Song_0001803,Drake,After Hours,259968,81
Song_0001804,Taylor Swift,Evolve,181049,15
Song_0001805,Justin Bieber,When We All Fall Asleep,261361,23
Song_0001806,Imagine Dragons,Scorpion,207491,76
Song_0001807,Taylor Swift,Midnights,168272,9
Song_0001808,Billie Eilish,Future Nostalgia,249690,89
Song_0001809,Justin Bieber,Justice,155266,77
Song_0001810,Adele,Scorpion,189789,41
Song_0001811,Adele,Evolve,263168,8
Song_0001812,The Weeknd,When We All Fall Asleep,294831,64
Song_0001813,Adele,When We All Fall Asleep,164508,79
Song_0001814,Rihanna,Justice,230567,97
Song_0001815,Justin Bieber,When We All Fall Asleep,223904,9
Song_0001816,Billie Eilish,Evolve,275796,12
Song_0001817,The Weeknd,After Hours,280409,2
Song_0001818,Drake,After Hours,147252,97
Song_0001819,Justin Bieber,When We All Fall Asleep,128233,30
Song_0001820,Ed Sheeran,Evolve,262533,88
Song_0001821,Taylor Swift,Justice,197719,65
Song_0001822,The Weeknd,25,216307,63
Song_0001823,Adele,After Hours,260336,5
Song_0001824,Imagine Dragons,25,288345,75
Song_0001825,Imagine Dragons,Evolve,262861,70
Song_0001826,Billie Eilish,Anti,308434,1
Song_0001827,Imagine Dragons,25,203988,21
Song_0001828,Rihanna,Future Nostalgia,298366,73
Song_0001829,Justin Bieber,Scorpion,277850,98
Song_0001830,Billie Eilish,Future Nostalgia,316299,52
Song_0001831,Justin Bieber,When We All Fall Asleep,128222,67
Song_0001832,Taylor Swift,25,163715,4
Song_0001833,Taylor Swift,Evolve,181701,7
Song_0001834,Drake,Justice,268738,7
Song_0001835,Rihanna,Midnights,214059,31
Song_0001836,Justin Bieber,Scorpion,309328,6
Song_0001837,The Weeknd,25,177599,80
Song_0001838,Imagine Dragons,Future Nostalgia,224284,4
Song_0001839,The Weeknd,Divide,155059,6
Song_0001840,Justin Bieber,Divide,225969,37
Song_0001841,Adele,Scorpion,253096,64
Song_0001842,Billie Eilish,Future Nostalgia,263818,51
Song_0001843,Imagine Dragons,Justice,253664,26
Song_0001844,Drake,Justice,276663,59
Song_0001845,Adele,Scorpion,260813,99
Song_0001846,Drake,Anti,306833,40
Song_0001847,Adele,Scorpion,170199,48
Song_0001848,Rihanna,Future Nostalgia,180542,50
Song_0001849,Justin Bieber,25,310543,27
Song_0001850,Adele,After Hours,124592,10
Song_0001851,Billie Eilish,25,305420,55
Song_0001852,Imagine Dragons,25,217827,47
Song_0001853,Taylor Swift,Future Nostalgia,311858,63
Song_0001854,Dua Lipa,Evolve,191691,94
Song_0001855,Billie Eilish,Scorpion,197665,38
Song_0001856,Imagine Dragons,Midnights,204002,1
Song_0001857,Imagine Dragons,Anti,190395,53
Song_0001858,Drake,Scorpion,165457,69
Song_0001859,Drake,Scorpion,300821,29
Song_0001860,Adele,After Hours,195206,13
Song_0001861,Dua Lipa,When We All Fall Asleep,279709,13
Song_0001862,Justin Bieber,After Hours,222437,37
Song_0001863,Justin Bieber,Evolve,283235,31
Song_0001864,Dua Lipa,Scorpion,157344,66
Song_0001865,Rihanna,25,254161,20
Song_0001866,Imagine Dragons,Justice,272280,31
Song_0001867,Drake,Evolve,213651,15
Song_0001868,Drake,Divide,307433,21
Song_0001869,Adele,Justice,153901,39
Song_0001870,Taylor Swift,Anti,205400,14
Song_0001871,Ed Sheeran,Divide,259035,22
Song_0001872,Dua Lipa,Justice,189890,74
Song_0001873,Imagine Dragons,Future Nostalgia,273158,100
Song_0001874,Billie Eilish,After Hours,176131,91
Song_0001875,Adele,Divide,232578,97
Song_0001876,Drake,25,263310,80
Song_0001877,Rihanna,When We All Fall Asleep,203549,49
Song_0001878,Drake,Justice,206344,74
Song_0001879,Dua Lipa,Justice,128565,77
Song_0001880,Imagine Dragons,Justice,146382,82
Song_0001881,Drake,Scorpion,221992,97
Song_0001882,Rihanna,Divide,229721,85
Song_0001883,Dua Lipa,Evolve,168040,4
Song_0001884,The Weeknd,Anti,139846,14
Song_0001885,Billie Eilish,After Hours,177357,44
Song_0001886,Rihanna,Divide,240199,19
Song_0001887,Adele,Anti,245761,28
Song_0001888,Billie Eilish,After Hours,198749,29
Song_0001889,Billie Eilish,Future Nostalgia,236199,75
Song_0001890,Imagine Dragons,Justice,210146,53
Song_0001891,Rihanna,Future Nostalgia,173882,78
Song_0001892,Taylor Swift,Divide,189154,18
Song_0001893,Billie Eilish,Midnights,158091,37
Song_0001894,Dua Lipa,Anti,251772,49
Song_0001895,Taylor Swift,25,246519,57
Song_0001896,Dua Lipa,Anti,214192,41
Song_0001897,Taylor Swift,Evolve,272429,80
Song_0001898,The Weeknd,Anti,244374,12
Song_0001899,Rihanna,Midnights,258142,84
Song_0001900,Dua Lipa,Anti,178637,67
Song_0001901,Ed Sheeran,Scorpion,142197,1
Song_0001902,Justin Bieber,When We All Fall Asleep,167227,46
Song_0001903,Ed Sheeran,Future Nostalgia,180974,53
Song_0001904,Dua Lipa,Justice,203051,99
Song_0001905,Justin Bieber,Scorpion,229263,100
Song_0001906,Adele,When We All Fall Asleep,236742,77
Song_0001907,Rihanna,Scorpion,129431,30
Song_0001908,Billie Eilish,Divide,219265,82
Song_0001909,The Weeknd,Anti,167660,86
Song_0001910,Imagine Dragons,Divide,214439,63
Song_0001911,Dua Lipa,Divide,219973,72
Song_0001912,Drake,Anti,261853,83
Song_0001913,Taylor Swift,After Hours,193085,23
Song_0001914,Imagine Dragons,Divide,257462,84
Song_0001915,Taylor Swift,Anti,145121,42
Song_0001916,Billie Eilish,Evolve,196251,19
Song_0001917,The Weeknd,Divide,278661,8
Song_0001918,Justin Bieber,Evolve,183422,3
Song_0001919,Billie Eilish,Justice,273206,78
Song_0001920,Drake,Divide,283333,98
Song_0001921,Adele,Midnights,183029,79
Song_0001922,Billie Eilish,25,303666,3
Song_0001923,Drake,Future Nostalgia,242847,11
Song_0001924,Drake,Scorpion,154752,48
Song_0001925,Drake,Future Nostalgia,276809,26
Song_0001926,Ed Sheeran,25,239790,6
Song_0001927,Drake,Midnights,191335,37
Song_0001928,Adele,Evolve,201857,33
Song_0001929,Justin Bieber,Scorpion,277009,84
Song_0001930,The Weeknd,Midnights,178664,66
Song_0001931,Taylor Swift,Evolve,162467,32
Song_0001932,Dua Lipa,Anti,166199,41
Song_0001933,Rihanna,Justice,297026,87
Song_0001934,Taylor Swift,When We All Fall Asleep,202391,99
Song_0001935,The Weeknd,Midnights,285393,87
Song_0001936,The Weeknd,Scorpion,165619,42
Song_0001937,Imagine Dragons,Divide,145422,39
Song_0001938,Rihanna,After Hours,149695,33
Song_0001939,Justin Bieber,Anti,213004,82
Song_0001940,Billie Eilish,Anti,259583,58
Song_0001941,Adele,After Hours,251904,63
Song_0001942,Adele,Evolve,316411,34
Song_0001943,Drake,25,293224,4
Song_0001944,Imagine Dragons,Scorpion,137919,3
Song_0001945,Adele,Justice,174804,90
Song_0001946,The Weeknd,After Hours,149480,32
Song_0001947,Rihanna,Evolve,174359,76
Song_0001948,Taylor Swift,Divide,257701,4
Song_0001949,Dua Lipa,Scorpion,230875,3
Song_0001950,Drake,Justice,317388,11
Song_0001951,Justin Bieber,25,189771,24
Song_0001952,Rihanna,Anti,215205,10
Song_0001953,Dua Lipa,When We All Fall Asleep,204331,11
Song_0001954,Ed Sheeran,When We All Fall Asleep,204084,95
Song_0001955,Rihanna,When We All Fall Asleep,215957,21
Song_0001956,Drake,Future Nostalgia,139658,82
Song_0001957,Ed Sheeran,Future Nostalgia,254713,66
Song_0001958,Taylor Swift,Justice,149069,65
Song_0001959,Ed Sheeran,Divide,278998,53
Song_0001960,Dua Lipa,Midnights,215678,62
Song_0001961,The Weeknd,Anti,247055,39
Song_0001962,Ed Sheeran,Scorpion,222972,64
Song_0001963,Billie Eilish,Divide,187740,43
Song_0001964,Imagine Dragons,Justice,267743,51
Song_0001965,Taylor Swift,Justice,272087,80
Song_0001966,Imagine Dragons,Divide,218393,36
Song_0001967,Ed Sheeran,When We All Fall Asleep,202073,28
Song_0001968,Justin Bieber,Justice,207487,32
Song_0001969,The Weeknd,Midnights,286327,11
Song_0001970,Justin Bieber,Scorpion,229579,12
Song_0001971,Billie Eilish,Scorpion,285696,22
Song_0001972,The Weeknd,After Hours,150185,59
Song_0001973,Drake,After Hours,159059,72
Song_0001974,Dua Lipa,Evolve,287571,3
Song_0001975,Adele,Midnights,300074,64
Song_0001976,Taylor Swift,Justice,125239,65
Song_0001977,Rihanna,Midnights,261416,16
Song_0001978,Dua Lipa,Divide,262533,77
Song_0001979,Taylor Swift,After Hours,217771,47
Song_0001980,Imagine Dragons,Evolve,156654,59
Song_0001981,Dua Lipa,When We All Fall Asleep,170805,91
Song_0001982,Ed Sheeran,Divide,249912,56
Song_0001983,Adele,Midnights,154081,47
Song_0001984,Taylor Swift,Midnights,120963,91
Song_0001985,Rihanna,Anti,260546,43
Song_0001986,Ed Sheeran,Scorpion,280813,17
Song_0001987,Ed Sheeran,Evolve,244135,70
Song_0001988,The Weeknd,Scorpion,272656,14
Song_0001989,Ed Sheeran,25,138773,48
Song_0001990,Taylor Swift,After Hours,312977,61
Song_0001991,Adele,When We All Fall Asleep,216772,79
Song_0001992,Imagine Dragons,When We All Fall Asleep,296803,68
Song_0001993,Rihanna,When We All Fall Asleep,268889,36
Song_0001994,Ed Sheeran,Scorpion,276240,25
Song_0001995,Dua Lipa,Midnights,120363,67
Song_0001996,Adele,Scorpion,224048,49
Song_0001997,Dua Lipa,After Hours,200681,13
Song_0001998,Adele,Justice,280086,66
Song_0001999,Justin Bieber,Anti,177475,62
Song_0002000,Justin Bieber,Evolve,184833,42
Song_0002001,Imagine Dragons,Anti,245616,57
Song_0002002,The Weeknd,Evolve,129997,93
Song_0002003,Ed Sheeran,After Hours,170985,85
Song_0002004,Drake,Midnights,189698,48
Song_0002005,Justin Bieber,Future Nostalgia,171573,86
Song_0002006,Rihanna,Justice,122633,67
Song_0002007,The Weeknd,Divide,157154,28
Song_0002008,Adele,Divide,208781,46
Song_0002009,Taylor Swift,Scorpion,278877,8
Song_0002010,Rihanna,Justice,272983,48
Song_0002011,Justin Bieber,After Hours,229295,37
Song_0002012,Drake,Anti,145983,75
Song_0002013,The Weeknd,When We All Fall Asleep,210746,21
Song_0002014,Ed Sheeran,Anti,243245,12
Song_0002015,Imagine Dragons,Scorpion,231938,12
Song_0002016,Justin Bieber,When We All Fall Asleep,230773,63
Song_0002017,The Weeknd,25,194267,57
Song_0002018,Billie Eilish,Midnights,123962,48
Song_0002019,Drake,Evolve,135803,15
Song_0002020,Rihanna,Justice,300624,36
Song_0002021,Rihanna,After Hours,171238,71
Song_0002022,Rihanna,Midnights,207260,46
Song_0002023,Justin Bieber,Future Nostalgia,251749,60
Song_0002024,Imagine Dragons,Divide,292820,43
Song_0002025,Justin Bieber,Justice,276578,96
Song_0002026,Rihanna,25,309125,17
Song_0002027,Taylor Swift,Future Nostalgia,300069,2
Song_0002028,Dua Lipa,When We All Fall Asleep,167664,4
Song_0002029,Adele,25,296019,93
Song_0002030,Dua Lipa,Evolve,267143,53
Song_0002031,Ed Sheeran,When We All Fall Asleep,137379,26
Song_0002032,Dua Lipa,Future Nostalgia,121080,39
Song_0002033,The Weeknd,Midnights,273473,9
Song_0002034,Justin Bieber,25,159713,20
Song_0002035,Ed Sheeran,Evolve,163140,44
Song_0002036,Drake,Divide,149880,75
Song_0002037,Rihanna,Future Nostalgia,275183,34
Song_0002038,Adele,Midnights,292165,30
Song_0002039,Ed Sheeran,Future Nostalgia,302082,52
Song_0002040,Taylor Swift,Midnights,177485,1
Song_0002041,Rihanna,Anti,214584,25
Song_0002042,Drake,Midnights,165212,30
Song_0002043,Ed Sheeran,After Hours,151950,48
Song_0002044,Rihanna,When We All Fall Asleep,260095,43
Song_0002045,Justin Bieber,After Hours,291902,90
Song_0002046,Ed Sheeran,When We All Fall Asleep,311865,36
Song_0002047,Rihanna,When We All Fall Asleep,198705,74
Song_0002048,Taylor Swift,Midnights,278672,34
Song_0002049,Rihanna,Evolve,233151,78
Song_0002050,Adele,Evolve,277359,87
Song_0002051,Ed Sheeran,Future Nostalgia,153708,31
Song_0002052,The Weeknd,Evolve,171654,86
Song_0002053,The Weeknd,Scorpion,145035,72
Song_0002054,Ed Sheeran,Justice,237307,21
Song_0002055,Justin Bieber,25,304034,78
Song_0002056,Taylor Swift,Justice,243047,91
Song_0002057,Imagine Dragons,After Hours,299937,70
Song_0002058,Drake,Midnights,184262,63
Song_0002059,The Weeknd,Scorpion,197925,15
Song_0002060,Taylor Swift,Scorpion,264859,58
Song_0002061,Adele,Justice,241042,7
Song_0002062,Imagine Dragons,When We All Fall Asleep,227999,22
Song_0002063,Imagine Dragons,Scorpion,278570,89
Song_0002064,Billie Eilish,Anti,257286,87
Song_0002065,Imagine Dragons,25,215668,30
Song_0002066,Billie Eilish,When We All Fall Asleep,207515,91
Song_0002067,Drake,Justice,187432,79
Song_0002068,The Weeknd,Evolve,319360,56
Song_0002069,Drake,25,256922,65
Song_0002070,Drake,When We All Fall Asleep,301151,25
Song_0002071,Billie Eilish,25,240537,8
Song_0002072,Taylor Swift,25,166911,94
Song_0002073,Ed Sheeran,Justice,160306,14
Song_0002074,Adele,Midnights,311922,8
Song_0002075,Taylor Swift,Midnights,181709,72
Song_0002076,Dua Lipa,After Hours,289569,28
Song_0002077,Taylor Swift,After Hours,198421,8
Song_0002078,The Weeknd,Midnights,230503,79
Song_0002079,Rihanna,25,212744,51
Song_0002080,Justin Bieber,Scorpion,250490,26
Song_0002081,Drake,Midnights,273042,19
Song_0002082,Billie Eilish,Evolve,244445,96
Song_0002083,Drake,25,211109,18
Song_0002084,Dua Lipa,Divide,215739,58
Song_0002085,Imagine Dragons,Divide,206086,15
Song_0002086,Rihanna,Future Nostalgia,289273,56
Song_0002087,The Weeknd,Evolve,217189,57
Song_0002088,Adele,Future Nostalgia,178577,59
Song_0002089,Drake,25,159206,83
Song_0002090,Ed Sheeran,Divide,221325,15
Song_0002091,Rihanna,When We All Fall Asleep,219761,14
Song_0002092,Billie Eilish,25,185854,7
Song_0002093,Billie Eilish,Future Nostalgia,278058,22
Song_0002094,Adele,Future Nostalgia,186520,63
Song_0002095,Justin Bieber,Justice,232924,43
Song_0002096,Rihanna,After Hours,269608,13
Song_0002097,Justin Bieber,Future Nostalgia,141444,88
Song_0002098,Dua Lipa,Midnights,266071,90
Song_0002099,Adele,When We All Fall Asleep,245128,64
Song_0002100,Drake,Justice,213622,19
Song_0002101,Drake,Future Nostalgia,276561,22
Song_0002102,Dua Lipa,Midnights,169969,27
Song_0002103,Imagine Dragons,After Hours,131995,11
Song_0002104,Adele,Justice,283173,52
Song_0002105,Taylor Swift,Midnights,265877,63
Song_0002106,Billie Eilish,When We All Fall Asleep,156685,94
Song_0002107,Justin Bieber,When We All Fall Asleep,150258,4
Song_0002108,Dua Lipa,Divide,305743,18
Song_0002109,Dua Lipa,Justice,196989,71
Song_0002110,Adele,Justice,133570,70
Song_0002111,Drake,After Hours,296922,23
Song_0002112,Justin Bieber,Divide,152705,73
Song_0002113,Taylor Swift,Scorpion,225176,89
Song_0002114,Justin Bieber,Anti,235730,78
Song_0002115,Drake,Divide,289356,86
Song_0002116,The Weeknd,When We All Fall Asleep,307986,26
Song_0002117,Drake,Future Nostalgia,175204,57
Song_0002118,Rihanna,Future Nostalgia,304288,41
Song_0002119,Billie Eilish,Divide,226583,96
Song_0002120,Imagine Dragons,Future Nostalgia,155587,75
Song_0002121,Rihanna,Justice,135528,32
Song_0002122,Dua Lipa,Anti,158160,86
Song_0002123,Drake,Evolve,180013,38
Song_0002124,Taylor Swift,25,227163,74
Song_0002125,Imagine Dragons,25,298152,92
Song_0002126,Dua Lipa,25,257127,38
Song_0002127,Justin Bieber,Evolve,245434,11
Song_0002128,Taylor Swift,Justice,267329,20
Song_0002129,Drake,Anti,200584,77
Song_0002130,Rihanna,Divide,193386,40
Song_0002131,Dua Lipa,Divide,230951,29
Song_0002132,Justin Bieber,After Hours,256314,18
Song_0002133,Billie Eilish,Evolve,258858,72
Song_0002134,Drake,When We All Fall Asleep,145186,38
Song_0002135,Adele,25,199652,37
Song_0002136,Rihanna,Midnights,168256,93
Song_0002137,The Weeknd,Anti,239867,17
Song_0002138,Billie Eilish,Anti,240199,17
Song_0002139,Adele,Midnights,227218,96
Song_0002140,Taylor Swift,Future Nostalgia,181067,24
Song_0002141,Billie Eilish,Divide,300713,11
Song_0002142,Imagine Dragons,When We All Fall Asleep,206688,23
Song_0002143,Taylor Swift,25,195962,28
Song_0002144,Justin Bieber,Midnights,160879,25
Song_0002145,Rihanna,Future Nostalgia,259614,64
Song_0002146,Ed Sheeran,When We All Fall Asleep,171012,94
Song_0002147,The Weeknd,Midnights,164080,65
Song_0002148,Ed Sheeran,Evolve,288977,23
Song_0002149,Taylor Swift,Midnights,228512,41
Song_0002150,Ed Sheeran,25,136029,32
Song_0002151,Taylor Swift,Future Nostalgia,144665,28
Song_0002152,Taylor Swift,Scorpion,131549,58
Song_0002153,Imagine Dragons,After Hours,288144,95
Song_0002154,The Weeknd,Scorpion,218231,67
Song_0002155,Drake,Future Nostalgia,316718,31
Song_0002156,The Weeknd,25,161587,40
Song_0002157,Dua Lipa,Future Nostalgia,276073,42
Song_0002158,Ed Sheeran,Evolve,236366,98
Song_0002159,Rihanna,Evolve,233675,91
Song_0002160,Adele,Midnights,242501,72
Song_0002161,Rihanna,Anti,304819,55
Song_0002162,Justin Bieber,Divide,188724,67
Song_0002163,Taylor Swift,Midnights,226560,8
Song_0002164,The Weeknd,Justice,203750,89
Song_0002165,Rihanna,Future Nostalgia,124184,44
Song_0002166,Billie Eilish,Anti,120868,48
Song_0002167,Ed Sheeran,When We All Fall Asleep,251389,75
Song_0002168,The Weeknd,Scorpion,226556,72
Song_0002169,Imagine Dragons,Anti,299705,66
Song_0002170,Adele,Justice,296514,34
Song_0002171,Adele,When We All Fall Asleep,308182,71
Song_0002172,Taylor Swift,Evolve,269736,82
Song_0002173,Billie Eilish,After Hours,218703,66
Song_0002174,Justin Bieber,Evolve,188477,65
Song_0002175,Justin Bieber,Midnights,149572,62
Song_0002176,Justin Bieber,Justice,311937,68
Song_0002177,Rihanna,Divide,216025,35
Song_0002178,Justin Bieber,Future Nostalgia,288708,84
Song_0002179,The Weeknd,Divide,123319,76
Song_0002180,Imagine Dragons,Midnights,312874,45
Song_0002181,Billie Eilish,Midnights,206211,10
Song_0002182,Billie Eilish,Future Nostalgia,238715,33
Song_0002183,Billie Eilish,Divide,129851,93
Song_0002184,Drake,Midnights,314774,56
Song_0002185,Ed Sheeran,Future Nostalgia,273929,98
Song_0002186,The Weeknd,Justice,316919,29
Song_0002187,The Weeknd,Future Nostalgia,200494,64
Song_0002188,Imagine Dragons,Future Nostalgia,258813,36
Song_0002189,The Weeknd,Midnights,195965,87
Song_0002190,The Weeknd,Midnights,168830,14
Song_0002191,Billie Eilish,Scorpion,281538,95
Song_0002192,Imagine Dragons,Future Nostalgia,287143,59
Song_0002193,Billie Eilish,Anti,194786,6
Song_0002194,Billie Eilish,Anti,224663,39
Song_0002195,Rihanna,Midnights,219759,25
Song_0002196,Adele,Evolve,200952,30
Song_0002197,Drake,After Hours,196928,28
Song_0002198,Adele,Midnights,157071,33
Song_0002199,Rihanna,25,268986,26
Song_0002200,Taylor Swift,Justice,245195,53
Song_0002201,Rihanna,Midnights,252990,41
Song_0002202,Justin Bieber,Anti,205778,37
Song_0002203,Taylor Swift,Divide,254542,87
Song_0002204,The Weeknd,Anti,264222,78
Song_0002205,Billie Eilish,After Hours,245374,80
Song_0002206,Imagine Dragons,Scorpion,158523,96
Song_0002207,Imagine Dragons,When We All Fall Asleep,285129,86
Song_0002208,Taylor Swift,Justice,153707,1
Song_0002209,Ed Sheeran,Anti,206463,46
Song_0002210,Justin Bieber,Scorpion,250576,69
Song_0002211,Justin Bieber,Evolve,269555,83
Song_0002212,Billie Eilish,When We All Fall Asleep,255194,72
Song_0002213,Drake,Anti,262320,22
Song_0002214,The Weeknd,Midnights,139796,77
Song_0002215,Adele,Midnights,165432,20
Song_0002216,Adele,Midnights,256509,35
Song_0002217,Dua Lipa,Future Nostalgia,266225,93
Song_0002218,The Weeknd,Justice,165200,33
Song_0002219,Rihanna,Scorpion,283902,32
Song_0002220,The Weeknd,Anti,136118,28
Song_0002221,Billie Eilish,After Hours,137431,93
Song_0002222,Dua Lipa,Future Nostalgia,239304,31
Song_0002223,Taylor Swift,Future Nostalgia,136079,65
Song_0002224,Justin Bieber,Divide,266923,74
Song_0002225,Billie Eilish,After Hours,264684,99
Song_0002226,Dua Lipa,Future Nostalgia,137195,22
Song_0002227,Adele,25,314648,20
Song_0002228,Dua Lipa,Justice,208772,57
Song_0002229,Adele,Anti,120680,53
Song_0002230,Rihanna,Anti,187446,77
Song_0002231,Drake,Evolve,189688,31
Song_0002232,Justin Bieber,Anti,221166,82
Song_0002233,Billie Eilish,Anti,264721,56
Song_0002234,Billie Eilish,25,132577,85
Song_0002235,Drake,Divide,159418,99
Song_0002236,Adele,25,186847,97
Song_0002237,Dua Lipa,Midnights,206956,74
Song_0002238,Rihanna,After Hours,165598,9
Song_0002239,Imagine Dragons,Justice,307055,32
Song_0002240,Dua Lipa,25,313330,21
Song_0002241,Rihanna,Evolve,299411,100
Song_0002242,Imagine Dragons,Future Nostalgia,306219,46
Song_0002243,Rihanna,25,286648,7
Song_0002244,Billie Eilish,After Hours,260942,70
Song_0002245,Billie Eilish,Midnights,136474,92
Song_0002246,Imagine Dragons,Anti,232157,56
Song_0002247,Adele,Evolve,120490,4
Song_0002248,Dua Lipa,25,230244,64
Song_0002249,Billie Eilish,Evolve,223911,98
Song_0002250,Rihanna,Future Nostalgia,304272,90
Song_0002251,The Weeknd,Future Nostalgia,213511,77
Song_0002252,The Weeknd,When We All Fall Asleep,273847,57
Song_0002253,Dua Lipa,After Hours,249249,21
Song_0002254,Adele,Evolve,161349,45
Song_0002255,Taylor Swift,Divide,182221,63
Song_0002256,Taylor Swift,Evolve,249568,100
Song_0002257,Taylor Swift,Future Nostalgia,148057,21
Song_0002258,The Weeknd,Scorpion,273058,81
Song_0002259,Billie Eilish,25,207658,69
Song_0002260,Adele,Future Nostalgia,161654,45
Song_0002261,Imagine Dragons,Midnights,224413,64
Song_0002262,Drake,Future Nostalgia,282225,62
Song_0002263,Rihanna,Justice,247208,5
Song_0002264,The Weeknd,25,189122,78
Song_0002265,Billie Eilish,When We All Fall Asleep,314074,56
Song_0002266,Imagine Dragons,When We All Fall Asleep,154425,87
Song_0002267,Taylor Swift,After Hours,182248,53
Song_0002268,The Weeknd,When We All Fall Asleep,281446,3
Song_0002269,Justin Bieber,Evolve,194884,23
Song_0002270,Justin Bieber,25,231830,59
Song_0002271,Imagine Dragons,Midnights,142197,73
Song_0002272,Drake,When We All Fall Asleep,181674,27
Song_0002273,Imagine Dragons,Evolve,262084,50
Song_0002274,Imagine Dragons,When We All Fall Asleep,211873,16
Song_0002275,Dua Lipa,Divide,296208,81
Song_0002276,The Weeknd,Midnights,139060,33
Song_0002277,Ed Sheeran,Midnights,126502,44
Song_0002278,Taylor Swift,After Hours,277644,5
Song_0002279,Justin Bieber,Future Nostalgia,223609,14
Song_0002280,Billie Eilish,Evolve,124492,29
Song_0002281,Dua Lipa,Future Nostalgia,163083,72
Song_0002282,Drake,Scorpion,239105,80
Song_0002283,Ed Sheeran,When We All Fall Asleep,131364,53
Song_0002284,Imagine Dragons,When We All Fall Asleep,238660,3
Song_0002285,Justin Bieber,Future Nostalgia,168364,27
Song_0002286,Dua Lipa,Midnights,122050,25
Song_0002287,Dua Lipa,Future Nostalgia,300280,5
Song_0002288,Taylor Swift,25,244998,72
Song_0002289,Billie Eilish,When We All Fall Asleep,276826,32
Song_0002290,Ed Sheeran,Anti,233446,73
Song_0002291,Drake,Midnights,224895,67
Song_0002292,The Weeknd,Justice,303708,4
Song_0002293,Billie Eilish,Scorpion,308274,29
Song_0002294,Dua Lipa,When We All Fall Asleep,258281,39
Song_0002295,Adele,After Hours,232394,3
Song_0002296,Adele,When We All Fall Asleep,127800,19
Song_0002297,Taylor Swift,Divide,314316,51
Song_0002298,The Weeknd,Justice,141372,10
Song_0002299,Justin Bieber,25,158498,58
Song_0002300,Drake,Anti,255709,24
Song_0002301,Justin Bieber,Scorpion,156520,65
Song_0002302,Dua Lipa,25,234646,58
Song_0002303,Billie Eilish,When We All Fall Asleep,146351,3
Song_0002304,Adele,Future Nostalgia,306094,37
Song_0002305,Billie Eilish,Justice,294509,8
Song_0002306,Billie Eilish,Midnights,180961,50
Song_0002307,Dua Lipa,After Hours,158268,57
Song_0002308,Drake,Evolve,256973,50
Song_0002309,Imagine Dragons,Justice,222115,13
Song_0002310,Ed Sheeran,After Hours,307772,47
Song_0002311,Imagine Dragons,When We All Fall Asleep,130041,96
Song_0002312,Dua Lipa,Evolve,146172,37
Song_0002313,Dua Lipa,Scorpion,149011,37
Song_0002314,Taylor Swift,Future Nostalgia,299894,97
Song_0002315,Rihanna,When We All Fall Asleep,181437,100
Song_0002316,Drake,When We All Fall Asleep,228990,68
Song_0002317,Justin Bieber,Midnights,287540,11
Song_0002318,Ed Sheeran,25,205287,1
Song_0002319,Imagine Dragons,Midnights,125809,86
Song_0002320,Ed Sheeran,Evolve,152480,27
Song_0002321,Billie Eilish,Anti,122168,16
Song_0002322,Imagine Dragons,When We All Fall Asleep,209455,94
Song_0002323,Imagine Dragons,Justice,136798,99
Song_0002324,Drake,Evolve,227279,88
Song_0002325,Imagine Dragons,25,199632,59
Song_0002326,Billie Eilish,Anti,281204,44
Song_0002327,Imagine Dragons,When We All Fall Asleep,138285,45
Song_0002328,Imagine Dragons,Future Nostalgia,226337,63
Song_0002329,Dua Lipa,After Hours,221098,38
Song_0002330,Adele,After Hours,131407,70
Song_0002331,Taylor Swift,Evolve,178757,82
Song_0002332,The Weeknd,Scorpion,160862,28
Song_0002333,Adele,Divide,271477,24
Song_0002334,Ed Sheeran,Evolve,249649,68
Song_0002335,Taylor Swift,Justice,227505,16
Song_0002336,Ed Sheeran,Evolve,168647,73
Song_0002337,Taylor Swift,Divide,194543,73
Song_0002338,Adele,When We All Fall Asleep,203130,90
Song_0002339,Rihanna,Midnights,168121,57
Song_0002340,Imagine Dragons,Justice,303116,7
Song_0002341,Adele,Future Nostalgia,178704,36
Song_0002342,Taylor Swift,Future Nostalgia,207908,3
Song_0002343,Taylor Swift,Midnights,171321,31
Song_0002344,Justin Bieber,Future Nostalgia,255218,79
Song_0002345,Drake,25,316011,61
Song_0002346,Imagine Dragons,After Hours,243357,18
Song_0002347,Rihanna,Scorpion,200960,35
Song_0002348,Taylor Swift,After Hours,147291,36
Song_0002349,Justin Bieber,Scorpion,136784,26
Song_0002350,Billie Eilish,Scorpion,297382,51
Song_0002351,Dua Lipa,25,159411,33
Song_0002352,The Weeknd,Future Nostalgia,138830,11
Song_0002353,Justin Bieber,Future Nostalgia,261281,58
Song_0002354,Imagine Dragons,Anti,206142,8
Song_0002355,Taylor Swift,Scorpion,197696,26
Song_0002356,Taylor Swift,Scorpion,289227,40
Song_0002357,Ed Sheeran,Divide,220765,90
Song_0002358,Billie Eilish,When We All Fall Asleep,174040,15
Song_0002359,Billie Eilish,When We All Fall Asleep,120525,73
Song_0002360,Ed Sheeran,Future Nostalgia,260286,34
Song_0002361,Adele,Scorpion,131220,75
Song_0002362,Dua Lipa,After Hours,278712,1
Song_0002363,Taylor Swift,Midnights,196056,18
Song_0002364,Imagine Dragons,When We All Fall Asleep,126367,17
Song_0002365,Drake,Anti,317179,96
Song_0002366,Imagine Dragons,After Hours,225882,50
Song_0002367,Adele,25,288800,17
Song_0002368,Taylor Swift,Midnights,166776,76
Song_0002369,Billie Eilish,After Hours,217063,66
Song_0002370,Drake,25,221690,24
Song_0002371,Rihanna,Future Nostalgia,175026,43
Song_0002372,Rihanna,Anti,305469,92
Song_0002373,Dua Lipa,Scorpion,301847,32
Song_0002374,Billie Eilish,25,207604,44
Song_0002375,Ed Sheeran,Midnights,262036,69
Song_0002376,Justin Bieber,Scorpion,261019,73
Song_0002377,Adele,Anti,197201,67
Song_0002378,The Weeknd,Anti,154123,7
Song_0002379,Rihanna,Future Nostalgia,306217,69
Song_0002380,Justin Bieber,Justice,127630,96
Song_0002381,Imagine Dragons,Divide,297477,96
Song_0002382,Drake,Midnights,189357,74
Song_0002383,Dua Lipa,Midnights,154894,52
Song_0002384,Justin Bieber,Justice,202352,54
Song_0002385,The Weeknd,After Hours,309050,56
Song_0002386,Imagine Dragons,Divide,319938,100
Song_0002387,Adele,Justice,176519,83
Song_0002388,Imagine Dragons,Midnights,148548,73
Song_0002389,Imagine Dragons,Midnights,244590,73
Song_0002390,Ed Sheeran,Evolve,182592,3
Song_0002391,Drake,After Hours,189505,44
Song_0002392,Justin Bieber,Evolve,203395,69
Song_0002393,Taylor Swift,Evolve,191289,91
Song_0002394,Justin Bieber,Anti,295697,31
Song_0002395,Rihanna,Evolve,151825,52
Song_0002396,Imagine Dragons,Anti,228219,61
Song_0002397,Billie Eilish,Future Nostalgia,255535,67
Song_0002398,Dua Lipa,Evolve,183068,70
Song_0002399,Taylor Swift,When We All Fall Asleep,206818,43
Song_0002400,Drake,Divide,252943,55
Song_0002401,Drake,Anti,213941,63
Song_0002402,Imagine Dragons,Scorpion,158295,36
Song_0002403,Ed Sheeran,Anti,128117,1
Song_0002404,The Weeknd,Evolve,293063,84
Song_0002405,Rihanna,Divide,270922,83
Song_0002406,Imagine Dragons,After Hours,161260,98
Song_0002407,Drake,25,246155,27
Song_0002408,The Weeknd,Divide,298115,26
Song_0002409,Dua Lipa,Future Nostalgia,191876,98
Song_0002410,Imagine Dragons,Midnights,257219,48
Song_0002411,Adele,Divide,293428,42
Song_0002412,The Weeknd,Midnights,218208,32
Song_0002413,Billie Eilish,Future Nostalgia,208254,5
Song_0002414,Drake,Midnights,205842,90
Song_0002415,Justin Bieber,Future Nostalgia,185826,89
Song_0002416,Imagine Dragons,25,311438,13
Song_0002417,Dua Lipa,Evolve,311644,56
Song_0002418,Taylor Swift,Scorpion,140414,23
Song_0002419,Dua Lipa,Midnights,319791,15
Song_0002420,Billie Eilish,Anti,132717,81
Song_0002421,Dua Lipa,Evolve,308417,41
Song_0002422,Dua Lipa,After Hours,192585,72
Song_0002423,Ed Sheeran,Anti,309609,11
Song_0002424,Justin Bieber,Midnights,241132,18
Song_0002425,Dua Lipa,Midnights,184958,58
Song_0002426,Drake,Evolve,250672,94
Song_0002427,Dua Lipa,25,164754,12
Song_0002428,Imagine Dragons,Anti,154134,56
Song_0002429,Dua Lipa,When We All Fall Asleep,170606,95
Song_0002430,Rihanna,When We All Fall Asleep,230373,48
Song_0002431,Taylor Swift,Scorpion,120413,39
Song_0002432,Adele,Anti,141557,90
Song_0002433,Drake,Evolve,317390,42
Song_0002434,Rihanna,Future Nostalgia,266267,95
Song_0002435,The Weeknd,Midnights,207183,77
Song_0002436,Dua Lipa,Evolve,269961,38
Song_0002437,Adele,Midnights,191261,27
Song_0002438,The Weeknd,When We All Fall Asleep,177047,47
Song_0002439,Adele,Scorpion,311023,60
Song_0002440,Justin Bieber,Divide,222929,9
Song_0002441,Justin Bieber,Midnights,290138,98
Song_0002442,Rihanna,Anti,269825,36
Song_0002443,Dua Lipa,Anti,300096,18
Song_0002444,Billie Eilish,Scorpion,295603,86
Song_0002445,The Weeknd,When We All Fall Asleep,241479,64
Song_0002446,Ed Sheeran,Divide,293816,71
Song_0002447,Ed Sheeran,Divide,259962,27
Song_0002448,Justin Bieber,Justice,195424,50
Song_0002449,Ed Sheeran,Justice,232630,79
Song_0002450,Justin Bieber,Midnights,139501,34
Song_0002451,Adele,Justice,229747,54
Song_0002452,Adele,After Hours,209785,18
Song_0002453,Ed Sheeran,Divide,245402,15
Song_0002454,Imagine Dragons,Anti,266045,22
Song_0002455,The Weeknd,Future Nostalgia,315457,53
Song_0002456,Drake,Evolve,164180,21
Song_0002457,Billie Eilish,Justice,210928,6
Song_0002458,Taylor Swift,Justice,191943,11
Song_0002459,Imagine Dragons,Future Nostalgia,121722,5
Song_0002460,Rihanna,25,180972,91
Song_0002461,Billie Eilish,Anti,225789,25
Song_0002462,Rihanna,Divide,137599,29
Song_0002463,Dua Lipa,Evolve,273662,36
Song_0002464,The Weeknd,25,251815,89
Song_0002465,Drake,Anti,171020,88
Song_0002466,Drake,Scorpion,307134,61
Song_0002467,Rihanna,Scorpion,258947,24
Song_0002468,Drake,Justice,209132,92
Song_0002469,Billie Eilish,Future Nostalgia,214967,85
Song_0002470,Ed Sheeran,Justice,129355,59
Song_0002471,Billie Eilish,When We All Fall Asleep,202493,22
Song_0002472,Billie Eilish,When We All Fall Asleep,296927,76
Song_0002473,Drake,Future Nostalgia,133659,35
Song_0002474,Rihanna,Anti,258843,5
Song_0002475,The Weeknd,Scorpion,310476,25
Song_0002476,Drake,Justice,141629,53
Song_0002477,Drake,Midnights,234246,83
Song_0002478,Ed Sheeran,When We All Fall Asleep,151785,34
Song_0002479,Adele,Justice,308318,17
Song_0002480,The Weeknd,Anti,255383,67
Song_0002481,Drake,After Hours,148757,68
Song_0002482,The Weeknd,Divide,120105,4
Song_0002483,Adele,Divide,236104,9
Song_0002484,Justin Bieber,Anti,161926,63
Song_0002485,The Weeknd,Midnights,281527,62
Song_0002486,The Weeknd,Justice,277655,88
Song_0002487,Justin Bieber,When We All Fall Asleep,137188,87
Song_0002488,The Weeknd,Future Nostalgia,219831,76
Song_0002489,Dua Lipa,When We All Fall Asleep,153190,59
Song_0002490,Billie Eilish,Justice,313850,100
Song_0002491,Ed Sheeran,Divide,120057,56
Song_0002492,Drake,When We All Fall Asleep,190174,8
Song_0002493,Drake,Midnights,140270,11
Song_0002494,Dua Lipa,Future Nostalgia,260371,46
Song_0002495,Adele,After Hours,121886,12
Song_0002496,Rihanna,25,306046,66
Song_0002497,Justin Bieber,Future Nostalgia,187907,82
Song_0002498,Drake,Evolve,228167,35
Song_0002499,Drake,Future Nostalgia,184105,48
Song_0002500,The Weeknd,Evolve,245029,99
Song_0002501,Imagine Dragons,25,317577,47
Song_0002502,Adele,Midnights,152119,7
Song_0002503,Justin Bieber,Divide,198887,93
Song_0002504,The Weeknd,Justice,229914,83
Song_0002505,Adele,25,221664,70
Song_0002506,Taylor Swift,Justice,183831,91
Song_0002507,Ed Sheeran,Midnights,154022,98
Song_0002508,Billie Eilish,25,314490,65
Song_0002509,Billie Eilish,Divide,311181,16
Song_0002510,Rihanna,When We All Fall Asleep,311237,61
Song_0002511,Taylor Swift,After Hours,121162,89
Song_0002512,Dua Lipa,Future Nostalgia,134847,50
Song_0002513,Imagine Dragons,Midnights,272883,37
Song_0002514,Taylor Swift,Evolve,227765,12
Song_0002515,Taylor Swift,Future Nostalgia,147387,33
Song_0002516,The Weeknd,Anti,189334,1
Song_0002517,Rihanna,Future Nostalgia,176659,73
Song_0002518,Ed Sheeran,Scorpion,172845,34
Song_0002519,Dua Lipa,Divide,133918,98
Song_0002520,Dua Lipa,Divide,317219,54
Song_0002521,Imagine Dragons,Midnights,234912,85
Song_0002522,Imagine Dragons,Evolve,242381,77
Song_0002523,Imagine Dragons,Justice,142327,63
Song_0002524,Drake,Justice,286395,50
Song_0002525,Justin Bieber,Scorpion,140651,99
Song_0002526,Billie Eilish,25,203151,97
Song_0002527,Taylor Swift,Evolve,171321,14
Song_0002528,Billie Eilish,Anti,273873,75
Song_0002529,Justin Bieber,When We All Fall Asleep,274700,42
Song_0002530,The Weeknd,Justice,137174,58
Song_0002531,Adele,Scorpion,240628,10
Song_0002532,Drake,After Hours,148457,45
Song_0002533,Drake,After Hours,205814,5
Song_0002534,Justin Bieber,After Hours,147182,42
Song_0002535,The Weeknd,When We All Fall Asleep,305497,38
Song_0002536,Imagine Dragons,Scorpion,150466,75
Song_0002537,Billie Eilish,Evolve,178801,90
Song_0002538,Dua Lipa,25,210618,85
Song_0002539,Billie Eilish,Justice,314270,75
Song_0002540,Justin Bieber,Scorpion,315807,65
Song_0002541,Ed Sheeran,Future Nostalgia,287369,36
Song_0002542,Rihanna,25,253664,58
Song_0002543,Adele,After Hours,160439,98
Song_0002544,Rihanna,25,131334,97
Song_0002545,Justin Bieber,Future Nostalgia,170190,74
Song_0002546,Adele,25,162774,44
Song_0002547,Justin Bieber,Scorpion,164537,62
Song_0002548,Drake,Anti,165144,83
Song_0002549,Drake,Anti,204209,53
Song_0002550,Rihanna,Anti,280019,71
Song_0002551,Adele,Midnights,176430,53
Song_0002552,Justin Bieber,When We All Fall Asleep,169243,89
Song_0002553,Billie Eilish,Midnights,297492,40
Song_0002554,Justin Bieber,25,308710,45
Song_0002555,Dua Lipa,After Hours,272706,19
Song_0002556,Taylor Swift,Future Nostalgia,236494,80
Song_0002557,Adele,Scorpion,134547,75
Song_0002558,Adele,Future Nostalgia,171393,4
Song_0002559,Justin Bieber,After Hours,163287,9
Song_0002560,Rihanna,25,149733,60
Song_0002561,Imagine Dragons,Anti,264979,66
Song_0002562,The Weeknd,Divide,143893,50
Song_0002563,Dua Lipa,Scorpion,213306,58
Song_0002564,Rihanna,After Hours,234697,73
Song_0002565,Ed Sheeran,Future Nostalgia,246636,88
Song_0002566,Ed Sheeran,After Hours,182915,27
Song_0002567,Dua Lipa,Anti,217717,43
Song_0002568,Ed Sheeran,When We All Fall Asleep,249410,51
Song_0002569,Taylor Swift,25,200862,89
Song_0002570,Billie Eilish,Future Nostalgia,251384,97
Song_0002571,Ed Sheeran,Future Nostalgia,180913,13
Song_0002572,Adele,Divide,125436,6
Song_0002573,Billie Eilish,Justice,141499,74
Song_0002574,Adele,Divide,289446,53
Song_0002575,Dua Lipa,Evolve,270460,30
Song_0002576,Billie Eilish,When We All Fall Asleep,157113,5
Song_0002577,Drake,After Hours,150578,95
Song_0002578,Imagine Dragons,25,275197,18
Song_0002579,Justin Bieber,Scorpion,257594,92
Song_0002580,Drake,Evolve,220506,63
Song_0002581,Dua Lipa,Future Nostalgia,194236,96
Song_0002582,Billie Eilish,After Hours,245354,70
Song_0002583,Rihanna,Future Nostalgia,194988,18
Song_0002584,Taylor Swift,Evolve,305960,87
Song_0002585,Taylor Swift,Midnights,152948,81
Song_0002586,Justin Bieber,After Hours,223788,57
Song_0002587,Rihanna,25,218449,11
Song_0002588,The Weeknd,After Hours,166223,44
Song_0002589,Drake,After Hours,160352,75
Song_0002590,Adele,Anti,205481,85
Song_0002591,The Weeknd,Evolve,138826,98
Song_0002592,Ed Sheeran,25,172571,3
Song_0002593,Taylor Swift,Anti,313182,23
Song_0002594,Ed Sheeran,When We All Fall Asleep,206298,89
Song_0002595,Justin Bieber,After Hours,134673,56
Song_0002596,Ed Sheeran,Divide,180164,73
Song_0002597,Drake,Future Nostalgia,217057,89
Song_0002598,Adele,After Hours,200529,78
Song_0002599,Imagine Dragons,Evolve,235651,72
Song_0002600,Ed Sheeran,25,163008,15
Song_0002601,Imagine Dragons,When We All Fall Asleep,251865,31
Song_0002602,Justin Bieber,Scorpion,142549,50
Song_0002603,The Weeknd,Divide,144910,85
Song_0002604,Taylor Swift,When We All Fall Asleep,310744,13
Song_0002605,Imagine Dragons,Scorpion,258362,46
Song_0002606,Billie Eilish,25,193086,92
Song_0002607,Imagine Dragons,Divide,146560,4
Song_0002608,The Weeknd,25,272126,7
Song_0002609,The Weeknd,Scorpion,214067,79
Song_0002610,Billie Eilish,Future Nostalgia,259790,72
Song_0002611,Drake,Midnights,230227,33
Song_0002612,Dua Lipa,Scorpion,138303,27
Song_0002613,Dua Lipa,25,143317,38
Song_0002614,Justin Bieber,When We All Fall Asleep,215444,40
Song_0002615,Rihanna,After Hours,121018,11
Song_0002616,Taylor Swift,Anti,182869,53
Song_0002617,Taylor Swift,Scorpion,176114,26
Song_0002618,Drake,Scorpion,298212,95
Song_0002619,Dua Lipa,Justice,169232,45
Song_0002620,Billie Eilish,Scorpion,273825,80
Song_0002621,Adele,After Hours,151913,87
Song_0002622,Billie Eilish,After Hours,273718,66
Song_0002623,The Weeknd,Midnights,260731,53
Song_0002624,Drake,Future Nostalgia,233605,26
Song_0002625,Ed Sheeran,25,293802,6
Song_0002626,Rihanna,Midnights,193340,61
Song_0002627,Justin Bieber,Justice,180446,20
Song_0002628,Drake,Evolve,315327,49
Song_0002629,Billie Eilish,Scorpion,179676,86
Song_0002630,Justin Bieber,Scorpion,281620,95
Song_0002631,Justin Bieber,Divide,266096,61
Song_0002632,Rihanna,Evolve,194246,57
Song_0002633,Imagine Dragons,When We All Fall Asleep,208056,16
Song_0002634,The Weeknd,Midnights,203798,37
Song_0002635,Ed Sheeran,After Hours,170127,1
Song_0002636,Taylor Swift,When We All Fall Asleep,258545,85
Song_0002637,Dua Lipa,25,280352,10
Song_0002638,Imagine Dragons,Evolve,124257,37
Song_0002639,Dua Lipa,Midnights,227391,98
Song_0002640,Ed Sheeran,Anti,222743,51
Song_0002641,Adele,Evolve,239981,54
Song_0002642,Drake,Justice,201472,27
Song_0002643,Imagine Dragons,Future Nostalgia,138099,69
Song_0002644,Drake,Scorpion,300642,80
Song_0002645,Imagine Dragons,Justice,166609,65
Song_0002646,Rihanna,When We All Fall Asleep,307393,42
Song_0002647,Justin Bieber,When We All Fall Asleep,199057,48
Song_0002648,Ed Sheeran,Scorpion,233126,80
Song_0002649,Rihanna,When We All Fall Asleep,188933,43
Song_0002650,Justin Bieber,Midnights,129276,80
Song_0002651,The Weeknd,After Hours,289866,31
Song_0002652,Ed Sheeran,When We All Fall Asleep,198178,61
Song_0002653,Dua Lipa,25,246854,6
Song_0002654,Adele,Divide,180750,39
Song_0002655,Adele,Future Nostalgia,150908,54
Song_0002656,Imagine Dragons,Midnights,316870,51
Song_0002657,Billie Eilish,Evolve,314130,47
Song_0002658,Imagine Dragons,Evolve,261168,38
Song_0002659,Rihanna,25,316360,6
Song_0002660,Ed Sheeran,Evolve,319398,80
Song_0002661,Adele,Future Nostalgia,302270,16
Song_0002662,The Weeknd,25,315937,61
Song_0002663,Billie Eilish,Future Nostalgia,141585,23
Song_0002664,Rihanna,Evolve,162971,77
Song_0002665,Dua Lipa,Divide,318229,14
Song_0002666,Justin Bieber,Future Nostalgia,171035,95
Song_0002667,Dua Lipa,Future Nostalgia,305242,60
Song_0002668,Justin Bieber,Future Nostalgia,196886,100
Song_0002669,Imagine Dragons,Anti,268152,13
Song_0002670,Drake,Justice,267268,8
Song_0002671,Ed Sheeran,Future Nostalgia,266249,75
Song_0002672,Billie Eilish,Future Nostalgia,220221,19
Song_0002673,Imagine Dragons,Midnights,144773,67
Song_0002674,Taylor Swift,Future Nostalgia,154266,40
Song_0002675,Adele,Scorpion,128302,24
Song_0002676,The Weeknd,Divide,180471,33
Song_0002677,Ed Sheeran,Midnights,281595,13
Song_0002678,Justin Bieber,When We All Fall Asleep,278241,13
Song_0002679,Adele,Evolve,143483,45
Song_0002680,Taylor Swift,Evolve,212204,48
Song_0002681,Adele,Justice,251018,100
Song_0002682,Imagine Dragons,Evolve,143915,84
Song_0002683,Taylor Swift,Midnights,144174,66
Song_0002684,Imagine Dragons,Divide,194307,30
Song_0002685,Rihanna,Scorpion,202827,17
Song_0002686,Rihanna,Anti,213047,37
Song_0002687,Adele,Midnights,193493,34
Song_0002688,Justin Bieber,Anti,235361,90
Song_0002689,Imagine Dragons,Evolve,165799,75
Song_0002690,Dua Lipa,Divide,205230,59
Song_0002691,Justin Bieber,Midnights,147555,15
Song_0002692,Dua Lipa,Evolve,238513,43
Song_0002693,Taylor Swift,Future Nostalgia,230062,93
Song_0002694,Adele,After Hours,254749,100
Song_0002695,Justin Bieber,When We All Fall Asleep,150654,5
Song_0002696,Rihanna,Justice,151726,96
Song_0002697,Imagine Dragons,Future Nostalgia,302634,19
Song_0002698,Drake,Future Nostalgia,251529,19
Song_0002699,Billie Eilish,When We All Fall Asleep,129671,65
Song_0002700,Rihanna,Anti,268298,59
Song_0002701,Adele,After Hours,253339,42
Song_0002702,The Weeknd,When We All Fall Asleep,167355,59
Song_0002703,The Weeknd,Evolve,275083,62
Song_0002704,The Weeknd,Divide,248846,43
Song_0002705,Dua Lipa,Justice,175529,90
Song_0002706,Billie Eilish,Scorpion,245441,19
Song_0002707,Rihanna,Scorpion,194922,52
Song_0002708,Adele,When We All Fall Asleep,227115,82
Song_0002709,Dua Lipa,Justice,161403,82
Song_0002710,Billie Eilish,After Hours,242252,91
Song_0002711,Dua Lipa,Scorpion,167590,93
Song_0002712,Adele,Anti,121143,80
Song_0002713,Justin Bieber,Midnights,268836,16
Song_0002714,Rihanna,Scorpion,312239,67
Song_0002715,Imagine Dragons,Evolve,234026,46
Song_0002716,Justin Bieber,Anti,213874,71
Song_0002717,Adele,Justice,163727,68
Song_0002718,Justin Bieber,Evolve,188591,35
Song_0002719,Taylor Swift,Evolve,316040,3
Song_0002720,Taylor Swift,Scorpion,292602,48
Song_0002721,Imagine Dragons,Evolve,172469,33
Song_0002722,Billie Eilish,Future Nostalgia,224842,45
Song_0002723,Drake,Divide,267644,62
Song_0002724,Rihanna,Future Nostalgia,145686,66
Song_0002725,Rihanna,Midnights,203574,64
Song_0002726,Adele,Evolve,233140,66
Song_0002727,The Weeknd,Scorpion,173790,3
Song_0002728,Drake,Justice,122645,2
Song_0002729,Taylor Swift,Future Nostalgia,308803,58
Song_0002730,Imagine Dragons,Anti,215662,33
Song_0002731,Taylor Swift,Midnights,244797,70
Song_0002732,Imagine Dragons,25,249756,55
Song_0002733,Drake,Justice,282225,9
Song_0002734,Justin Bieber,After Hours,227045,15
Song_0002735,Ed Sheeran,Evolve,132435,76
Song_0002736,Adele,Anti,170432,87
Song_0002737,Rihanna,When We All Fall Asleep,258827,17
Song_0002738,Dua Lipa,After Hours,281108,51
Song_0002739,Taylor Swift,Justice,231139,54
Song_0002740,Ed Sheeran,After Hours,309195,32
Song_0002741,Justin Bieber,Scorpion,212685,95
Song_0002742,Taylor Swift,Future Nostalgia,284092,70
Song_0002743,The Weeknd,After Hours,189464,6
Song_0002744,Drake,After Hours,309819,43
Song_0002745,Billie Eilish,Justice,120817,100
Song_0002746,Rihanna,Divide,251849,24
Song_0002747,Ed Sheeran,Anti,185981,94
Song_0002748,Ed Sheeran,25,232813,76
Song_0002749,Justin Bieber,Scorpion,180791,41
Song_0002750,Imagine Dragons,25,224683,29
Song_0002751,Adele,Scorpion,228610,82
Song_0002752,Adele,When We All Fall Asleep,303829,70
Song_0002753,Rihanna,Evolve,279669,76
Song_0002754,Taylor Swift,When We All Fall Asleep,219299,89
Song_0002755,Billie Eilish,Divide,257799,2
Song_0002756,Rihanna,Justice,224371,89
Song_0002757,Taylor Swift,25,140570,13
Song_0002758,The Weeknd,Midnights,221043,96
Song_0002759,Rihanna,Scorpion,152051,50
Song_0002760,Adele,When We All Fall Asleep,254814,48
Song_0002761,Justin Bieber,Justice,277578,76
Song_0002762,Rihanna,Evolve,296985,86
Song_0002763,Adele,Divide,245126,87
Song_0002764,Imagine Dragons,Evolve,133387,24
Song_0002765,Dua Lipa,25,273560,2
Song_0002766,Justin Bieber,When We All Fall Asleep,173897,71
Song_0002767,Rihanna,Future Nostalgia,127400,76
Song_0002768,The Weeknd,25,283664,3
Song_0002769,Taylor Swift,Justice,153876,50
Song_0002770,The Weeknd,Justice,183147,64
Song_0002771,Rihanna,Anti,120503,54
Song_0002772,Ed Sheeran,Anti,192768,64
Song_0002773,The Weeknd,After Hours,189730,82
Song_0002774,Billie Eilish,Justice,242353,24
Song_0002775,Rihanna,25,191611,84
Song_0002776,Justin Bieber,Midnights,180628,11
Song_0002777,Rihanna,When We All Fall Asleep,267631,4
Song_0002778,Rihanna,Evolve,179676,15
Song_0002779,Justin Bieber,Scorpion,225406,52
Song_0002780,The Weeknd,Justice,205536,36
Song_0002781,Taylor Swift,Midnights,227887,40
Song_0002782,The Weeknd,Divide,137921,66
Song_0002783,Imagine Dragons,25,176836,2
Song_0002784,Dua Lipa,Justice,260856,90
Song_0002785,Billie Eilish,25,258501,27
Song_0002786,Ed Sheeran,25,287786,85
Song_0002787,Ed Sheeran,Scorpion,293947,43
Song_0002788,The Weeknd,Divide,282116,71
Song_0002789,Adele,Justice,191321,49
Song_0002790,Ed Sheeran,Divide,267136,52
Song_0002791,Imagine Dragons,Divide,136830,20
Song_0002792,Dua Lipa,Midnights,175619,82
Song_0002793,Dua Lipa,After Hours,313570,92
Song_0002794,Adele,25,227094,57
Song_0002795,Imagine Dragons,Justice,296809,26
Song_0002796,Dua Lipa,Divide,313833,59
Song_0002797,Ed Sheeran,Divide,125175,5
Song_0002798,Drake,Future Nostalgia,160254,85
Song_0002799,Dua Lipa,Anti,309644,61
Song_0002800,Adele,Midnights,304373,15
Song_0002801,Rihanna,Justice,282929,91
Song_0002802,Taylor Swift,Justice,168960,44
Song_0002803,The Weeknd,After Hours,264642,4
Song_0002804,Adele,25,221853,42
Song_0002805,Drake,Future Nostalgia,166716,26
Song_0002806,Dua Lipa,Evolve,279461,100
Song_0002807,Dua Lipa,When We All Fall Asleep,147415,7
Song_0002808,Drake,Future Nostalgia,229255,11
Song_0002809,Taylor Swift,Scorpion,127308,18
Song_0002810,Rihanna,Future Nostalgia,169054,63
Song_0002811,Justin Bieber,After Hours,269291,24
Song_0002812,Justin Bieber,25,129136,82
Song_0002813,Taylor Swift,Scorpion,228818,70
Song_0002814,Billie Eilish,Justice,253175,21
Song_0002815,Imagine Dragons,Divide,187013,42
Song_0002816,Rihanna,Evolve,143521,51
Song_0002817,Dua Lipa,Anti,146762,23
Song_0002818,Ed Sheeran,Anti,184523,32
Song_0002819,The Weeknd,Midnights,124707,99
Song_0002820,Drake,Justice,267653,30
Song_0002821,Taylor Swift,Midnights,273207,59
Song_0002822,Dua Lipa,25,143602,31
Song_0002823,Justin Bieber,Divide,189397,70
Song_0002824,The Weeknd,Scorpion,283141,41
Song_0002825,Dua Lipa,Justice,126097,8
Song_0002826,Taylor Swift,Divide,137973,4
Song_0002827,Dua Lipa,25,225491,21
Song_0002828,Ed Sheeran,Justice,253773,73
Song_0002829,The Weeknd,Justice,295060,20
Song_0002830,Drake,Anti,228927,2
Song_0002831,Dua Lipa,Midnights,291989,88
Song_0002832,Billie Eilish,After Hours,262060,84
Song_0002833,Justin Bieber,Midnights,140950,20
Song_0002834,Dua Lipa,Divide,204908,56
Song_0002835,The Weeknd,Future Nostalgia,287841,6
Song_0002836,Taylor Swift,After Hours,146316,94
Song_0002837,Adele,Divide,277187,46
Song_0002838,The Weeknd,Justice,152049,12
Song_0002839,Ed Sheeran,Anti,256151,95
Song_0002840,Drake,When We All Fall Asleep,140867,24
Song_0002841,Adele,Scorpion,149034,76
Song_0002842,Dua Lipa,Justice,183523,31
Song_0002843,Justin Bieber,Divide,290572,33
Song_0002844,Adele,Midnights,244206,92
Song_0002845,Adele,Justice,314597,43
Song_0002846,The Weeknd,25,165839,65
Song_0002847,Dua Lipa,After Hours,317176,57
Song_0002848,Dua Lipa,When We All Fall Asleep,263366,43
Song_0002849,Dua Lipa,Divide,286122,71
Song_0002850,Billie Eilish,Divide,167257,62
Song_0002851,Ed Sheeran,Divide,145838,8
Song_0002852,Drake,Justice,163770,24
Song_0002853,Ed Sheeran,Divide,164054,72
Song_0002854,Drake,After Hours,180108,70
Song_0002855,Dua Lipa,Anti,166105,12
Song_0002856,Drake,Scorpion,272153,57
Song_0002857,Billie Eilish,Anti,153763,31
Song_0002858,Justin Bieber,After Hours,250519,13
Song_0002859,Adele,Scorpion,139447,65
Song_0002860,Justin Bieber,Evolve,233803,96
Song_0002861,Adele,Justice,224082,89
Song_0002862,Drake,Midnights,213918,65
Song_0002863,Ed Sheeran,Future Nostalgia,160535,88
Song_0002864,Drake,25,300508,33
Song_0002865,Taylor Swift,Justice,281642,53
Song_0002866,Rihanna,25,276506,80
Song_0002867,Rihanna,Midnights,211224,31
Song_0002868,Dua Lipa,After Hours,174839,61
Song_0002869,Justin Bieber,Justice,236081,78
Song_0002870,Justin Bieber,Future Nostalgia,305643,89
Song_0002871,Adele,After Hours,229408,69
Song_0002872,Adele,Anti,246970,30
Song_0002873,Adele,Scorpion,133980,80
Song_0002874,Ed Sheeran,Scorpion,279046,33
Song_0002875,Dua Lipa,When We All Fall Asleep,267314,19
Song_0002876,Justin Bieber,Midnights,135173,65
Song_0002877,Drake,Scorpion,216243,34
Song_0002878,Adele,Anti,302657,54
Song_0002879,Taylor Swift,Anti,141349,47
Song_0002880,Dua Lipa,Divide,226958,36
Song_0002881,Billie Eilish,Midnights,290052,65
Song_0002882,Ed Sheeran,Future Nostalgia,171285,60
Song_0002883,Adele,Midnights,265807,74
Song_0002884,Justin Bieber,Justice,307041,70
Song_0002885,Billie Eilish,After Hours,242158,31
Song_0002886,Billie Eilish,Midnights,163971,77
Song_0002887,The Weeknd,Evolve,160619,31
Song_0002888,Justin Bieber,25,135126,73
Song_0002889,Ed Sheeran,After Hours,244662,24
Song_0002890,Dua Lipa,Future Nostalgia,177341,14
Song_0002891,The Weeknd,Evolve,225290,22
Song_0002892,Justin Bieber,Divide,157035,21
Song_0002893,Drake,Future Nostalgia,266421,100
Song_0002894,Taylor Swift,25,160561,85
Song_0002895,Drake,Future Nostalgia,234466,83
Song_0002896,Ed Sheeran,Divide,166113,23
Song_0002897,Taylor Swift,Justice,261395,16
Song_0002898,Ed Sheeran,Evolve,271628,69
Song_0002899,Taylor Swift,Anti,208349,37
Song_0002900,Billie Eilish,Future Nostalgia,218300,65
Song_0002901,Dua Lipa,Scorpion,290252,64
Song_0002902,The Weeknd,Divide,291569,59
Song_0002903,Dua Lipa,Anti,239138,91
Song_0002904,Justin Bieber,Justice,182785,8
Song_0002905,Rihanna,Anti,235963,93
Song_0002906,Imagine Dragons,Evolve,214032,9
Song_0002907,Ed Sheeran,Anti,307332,40
Song_0002908,The Weeknd,Midnights,283774,78
Song_0002909,Dua Lipa,Scorpion,295631,54
Song_0002910,Rihanna,Anti,210372,64
Song_0002911,Ed Sheeran,When We All Fall Asleep,169183,65
Song_0002912,Dua Lipa,Divide,214086,64
Song_0002913,Rihanna,Midnights,271292,40
Song_0002914,Adele,Midnights,136830,76
Song_0002915,Taylor Swift,Midnights,139370,77
Song_0002916,Adele,Divide,149819,18
Song_0002917,Billie Eilish,Midnights,257135,75
Song_0002918,Ed Sheeran,After Hours,288195,55
Song_0002919,Drake,Anti,223894,98
Song_0002920,Drake,Justice,204860,14
Song_0002921,Justin Bieber,Justice,220279,78
Song_0002922,Billie Eilish,Justice,188369,52
Song_0002923,Ed Sheeran,Future Nostalgia,205975,13
Song_0002924,Adele,After Hours,173953,63
Song_0002925,Drake,Divide,206856,9
Song_0002926,Ed Sheeran,Divide,202281,46
Song_0002927,Rihanna,Midnights,262262,74
Song_0002928,Taylor Swift,25,159984,36
Song_0002929,Imagine Dragons,Anti,307469,64
Song_0002930,Ed Sheeran,Scorpion,281700,34
Song_0002931,Justin Bieber,Justice,307160,18
Song_0002932,Adele,Midnights,266234,97
Song_0002933,Adele,When We All Fall Asleep,129976,83
Song_0002934,Justin Bieber,Midnights,132276,66
Song_0002935,Taylor Swift,25,250636,59
Song_0002936,Drake,Scorpion,294427,39
Song_0002937,Ed Sheeran,Divide,272592,6
Song_0002938,Justin Bieber,When We All Fall Asleep,169123,30
Song_0002939,Adele,When We All Fall Asleep,138620,31
Song_0002940,Ed Sheeran,Scorpion,197778,3
Song_0002941,Billie Eilish,Justice,303436,59
Song_0002942,Justin Bieber,Future Nostalgia,184425,67
Song_0002943,Rihanna,When We All Fall Asleep,264977,99
Song_0002944,Adele,Scorpion,226313,17
Song_0002945,Dua Lipa,Justice,266458,6
Song_0002946,Drake,25,256354,41
Song_0002947,Taylor Swift,Anti,213890,3
Song_0002948,Dua Lipa,When We All Fall Asleep,235986,62
Song_0002949,Adele,Future Nostalgia,232983,37
Song_0002950,Billie Eilish,Scorpion,253221,78
Song_0002951,Rihanna,Evolve,189318,63
Song_0002952,Adele,Future Nostalgia,183283,27
Song_0002953,The Weeknd,After Hours,271568,50
Song_0002954,Drake,Scorpion,289260,99
Song_0002955,The Weeknd,Midnights,122168,63
Song_0002956,Justin Bieber,Midnights,252333,47
Song_0002957,Imagine Dragons,Midnights,289676,67
Song_0002958,Rihanna,Future Nostalgia,276134,75
Song_0002959,Adele,When We All Fall Asleep,291817,57
Song_0002960,Drake,Scorpion,170842,23
Song_0002961,Rihanna,After Hours,278244,17
Song_0002962,Adele,Scorpion,204223,12
Song_0002963,The Weeknd,Divide,268482,65
Song_0002964,Dua Lipa,Anti,143369,21
Song_0002965,Justin Bieber,After Hours,211792,26
Song_0002966,Taylor Swift,After Hours,247825,44
Song_0002967,Dua Lipa,Evolve,311121,59
Song_0002968,Rihanna,After Hours,149533,22
Song_0002969,Ed Sheeran,Midnights,243469,76
Song_0002970,Taylor Swift,When We All Fall Asleep,301999,28
Song_0002971,Ed Sheeran,Divide,238490,56
Song_0002972,Ed Sheeran,Anti,197001,59
Song_0002973,Taylor Swift,Evolve,131106,75
Song_0002974,Rihanna,When We All Fall Asleep,239789,18
Song_0002975,Rihanna,Justice,150996,63
Song_0002976,Taylor Swift,When We All Fall Asleep,152216,22
Song_0002977,Dua Lipa,Anti,196530,13
Song_0002978,The Weeknd,Midnights,264021,53
Song_0002979,Taylor Swift,Divide,285397,48
Song_0002980,Ed Sheeran,Anti,305647,63
Song_0002981,Taylor Swift,Justice,299669,18
Song_0002982,Billie Eilish,Future Nostalgia,204929,87
Song_0002983,Taylor Swift,Scorpion,127390,74
Song_0002984,Adele,Scorpion,134470,77
Song_0002985,Adele,Anti,156079,55
Song_0002986,Adele,Anti,215400,84
Song_0002987,Taylor Swift,When We All Fall Asleep,143331,36
Song_0002988,Drake,Divide,177344,35
Song_0002989,Rihanna,Future Nostalgia,133691,26
Song_0002990,Justin Bieber,Scorpion,172640,48
Song_0002991,Rihanna,25,154250,30
Song_0002992,Ed Sheeran,Anti,193754,20
Song_0002993,Taylor Swift,Anti,266270,70
Song_0002994,Ed Sheeran,Justice,190093,11
Song_0002995,The Weeknd,When We All Fall Asleep,167896,32
Song_0002996,Billie Eilish,Future Nostalgia,260990,62
Song_0002997,Imagine Dragons,25,219926,57
Song_0002998,Adele,Justice,214080,97
Song_0002999,Imagine Dragons,Midnights,121684,27
Song_0003000,Billie Eilish,After Hours,246059,1
Song_0003001,Imagine Dragons,Midnights,211983,22
Song_0003002,Drake,Future Nostalgia,167614,87
Song_0003003,Imagine Dragons,Midnights,207406,68
Song_0003004,Dua Lipa,Midnights,186588,35
Song_0003005,Justin Bieber,After Hours,146498,32
Song_0003006,Adele,Divide,194425,75
Song_0003007,Justin Bieber,Justice,295702,78
Song_0003008,Ed Sheeran,Scorpion,265728,75
Song_0003009,Dua Lipa,Scorpion,273991,49
Song_0003010,Ed Sheeran,Anti,184944,91
Song_0003011,Rihanna,25,258680,91
Song_0003012,Ed Sheeran,Future Nostalgia,282715,11
Song_0003013,Drake,Midnights,278167,15
Song_0003014,Taylor Swift,Evolve,280653,27
Song_0003015,Rihanna,Midnights,161571,19
Song_0003016,Justin Bieber,When We All Fall Asleep,247422,73
Song_0003017,Ed Sheeran,Anti,215553,89
Song_0003018,Justin Bieber,25,138884,47
Song_0003019,Justin Bieber,Evolve,201405,13
Song_0003020,Ed Sheeran,Scorpion,144862,47
Song_0003021,Dua Lipa,Divide,214559,98
Song_0003022,The Weeknd,Evolve,124141,81
Song_0003023,Imagine Dragons,When We All Fall Asleep,123383,72
Song_0003024,Justin Bieber,Evolve,135062,51
Song_0003025,Dua Lipa,Justice,222911,21
Song_0003026,Justin Bieber,Anti,227510,48
Song_0003027,Drake,After Hours,200787,39
Song_0003028,Rihanna,Anti,120635,23
Song_0003029,Ed Sheeran,Justice,131222,59
Song_0003030,Dua Lipa,Evolve,146113,55
Song_0003031,Taylor Swift,Divide,138162,58
Song_0003032,Imagine Dragons,Anti,207886,32
Song_0003033,Adele,When We All Fall Asleep,128508,95
Song_0003034,The Weeknd,After Hours,266069,80
Song_0003035,The Weeknd,After Hours,152576,13
Song_0003036,Drake,Midnights,160649,91
Song_0003037,Dua Lipa,Divide,230275,33
Song_0003038,Rihanna,When We All Fall Asleep,169009,24
Song_0003039,Rihanna,Justice,186156,64
Song_0003040,Dua Lipa,Divide,253622,93
Song_0003041,Imagine Dragons,Scorpion,275332,13
Song_0003042,Adele,Midnights,210640,49
Song_0003043,The Weeknd,After Hours,275959,76
Song_0003044,Imagine Dragons,Midnights,123523,9
Song_0003045,Justin Bieber,Future Nostalgia,147279,76
Song_0003046,Taylor Swift,Evolve,140885,87
Song_0003047,Ed Sheeran,Divide,164674,77
Song_0003048,Imagine Dragons,Anti,132214,4
Song_0003049,Adele,Scorpion,222392,24
Song_0003050,Rihanna,Future Nostalgia,177811,43
Song_0003051,Ed Sheeran,Divide,191879,41
Song_0003052,Rihanna,Justice,215866,21
Song_0003053,The Weeknd,When We All Fall Asleep,258217,60
Song_0003054,Rihanna,When We All Fall Asleep,302128,94
Song_0003055,Justin Bieber,When We All Fall Asleep,255237,54
Song_0003056,Imagine Dragons,Midnights,268557,44
Song_0003057,Drake,25,295511,95
Song_0003058,Adele,Future Nostalgia,120699,42
Song_0003059,Taylor Swift,Future Nostalgia,247830,79
Song_0003060,Rihanna,When We All Fall Asleep,214154,69
Song_0003061,Drake,Justice,278383,52
Song_0003062,Dua Lipa,Anti,267681,65
Song_0003063,Dua Lipa,Future Nostalgia,254370,88
Song_0003064,Ed Sheeran,Justice,140568,97
Song_0003065,Imagine Dragons,Divide,210554,25
Song_0003066,Taylor Swift,Future Nostalgia,251566,89
Song_0003067,Drake,Scorpion,264379,95
Song_0003068,Drake,Scorpion,162674,71
Song_0003069,Adele,Midnights,278640,17
Song_0003070,Ed Sheeran,25,163362,56
Song_0003071,Drake,Midnights,257314,12
Song_0003072,Rihanna,25,148085,48
Song_0003073,Rihanna,Anti,193809,15
Song_0003074,Taylor Swift,Scorpion,122820,75
Song_0003075,The Weeknd,After Hours,296671,44
Song_0003076,Ed Sheeran,25,232830,1
Song_0003077,Drake,Midnights,170109,73
Song_0003078,Adele,Divide,307711,19
Song_0003079,Adele,Future Nostalgia,197751,92
Song_0003080,Imagine Dragons,Future Nostalgia,220940,43
Song_0003081,Rihanna,Justice,254755,21
Song_0003082,Ed Sheeran,Future Nostalgia,217657,95
Song_0003083,Imagine Dragons,Evolve,311850,33
Song_0003084,Ed Sheeran,After Hours,318303,60
Song_0003085,Drake,Midnights,147467,25
Song_0003086,Rihanna,Anti,266262,15
Song_0003087,Ed Sheeran,Future Nostalgia,186510,96
Song_0003088,Imagine Dragons,Divide,243151,31
Song_0003089,Dua Lipa,Scorpion,175252,65
Song_0003090,Rihanna,Scorpion,220608,42
Song_0003091,Billie Eilish,Anti,315638,86
Song_0003092,Drake,Evolve,288035,70
Song_0003093,Rihanna,Future Nostalgia,190704,45
Song_0003094,The Weeknd,Scorpion,258997,53
Song_0003095,Billie Eilish,Midnights,280558,73
Song_0003096,Adele,Divide,314605,71
Song_0003097,Drake,After Hours,249942,98
Song_0003098,Drake,After Hours,269507,69
Song_0003099,Dua Lipa,Anti,252640,86
Song_0003100,Imagine Dragons,Scorpion,144283,79
Song_0003101,Rihanna,When We All Fall Asleep,218095,38
Song_0003102,The Weeknd,Scorpion,251185,66
Song_0003103,The Weeknd,Future Nostalgia,221992,31
Song_0003104,Dua Lipa,Midnights,302585,87
Song_0003105,Drake,Anti,210076,21
Song_0003106,Dua Lipa,Midnights,181279,36
Song_0003107,Ed Sheeran,When We All Fall Asleep,180783,7
Song_0003108,Billie Eilish,25,295360,30
Song_0003109,Drake,Justice,293281,48
Song_0003110,Imagine Dragons,25,259659,7
Song_0003111,Justin Bieber,Scorpion,266587,59
Song_0003112,Ed Sheeran,Midnights,221416,3
Song_0003113,Dua Lipa,Scorpion,164222,56
Song_0003114,Billie Eilish,Midnights,274689,87
Song_0003115,Drake,25,175032,53
Song_0003116,Rihanna,Scorpion,158897,14
Song_0003117,Adele,Divide,134148,67
Song_0003118,Drake,Scorpion,175529,72
Song_0003119,Adele,Scorpion,289327,12
Song_0003120,The Weeknd,Midnights,277855,52
Song_0003121,Taylor Swift,After Hours,127467,74
Song_0003122,Ed Sheeran,Anti,155448,65
Song_0003123,Dua Lipa,25,145607,66
Song_0003124,Adele,Midnights,271710,29
Song_0003125,Justin Bieber,When We All Fall Asleep,276882,52
Song_0003126,Adele,Future Nostalgia,188160,79
Song_0003127,Imagine Dragons,Scorpion,289869,76
Song_0003128,Imagine Dragons,Future Nostalgia,144643,17
Song_0003129,Justin Bieber,Future Nostalgia,292119,20
Song_0003130,Imagine Dragons,When We All Fall Asleep,134024,98
Song_0003131,Adele,Anti,253054,49
Song_0003132,Justin Bieber,When We All Fall Asleep,132494,36
Song_0003133,Taylor Swift,Midnights,305754,79
Song_0003134,Justin Bieber,Evolve,165127,44
Song_0003135,Rihanna,After Hours,178082,65
Song_0003136,Drake,After Hours,263294,79
Song_0003137,Ed Sheeran,Midnights,157542,85
Song_0003138,The Weeknd,When We All Fall Asleep,156379,100
Song_0003139,Imagine Dragons,Midnights,176005,98
Song_0003140,Drake,25,246327,21
Song_0003141,Rihanna,Justice,155811,40
Song_0003142,Dua Lipa,Justice,245481,75
Song_0003143,Drake,Evolve,140069,23
Song_0003144,The Weeknd,Evolve,210240,95
Song_0003145,Drake,Evolve,237494,52
Song_0003146,Drake,Justice,296875,75
Song_0003147,The Weeknd,After Hours,282604,16
Song_0003148,Imagine Dragons,Future Nostalgia,202869,25
Song_0003149,Dua Lipa,Divide,259448,33
Song_0003150,Rihanna,When We All Fall Asleep,229647,58
Song_0003151,Dua Lipa,When We All Fall Asleep,144121,87
Song_0003152,Taylor Swift,Future Nostalgia,254992,97
Song_0003153,Billie Eilish,Future Nostalgia,156806,94
Song_0003154,The Weeknd,Anti,319209,29
Song_0003155,Taylor Swift,When We All Fall Asleep,313587,57
Song_0003156,Drake,Scorpion,195811,78
Song_0003157,Taylor Swift,Anti,152227,72
Song_0003158,Rihanna,Evolve,311266,99
Song_0003159,Drake,Justice,203605,20
Song_0003160,Imagine Dragons,Evolve,169676,17
Song_0003161,Imagine Dragons,Scorpion,236244,88
Song_0003162,Adele,Justice,199905,59
Song_0003163,Ed Sheeran,Midnights,256793,56
Song_0003164,Adele,Anti,203595,9
Song_0003165,Billie Eilish,Anti,231298,47
Song_0003166,Adele,Divide,240804,97
Song_0003167,Billie Eilish,Anti,241279,89
Song_0003168,Adele,Justice,286777,6
Song_0003169,Rihanna,After Hours,186090,20
Song_0003170,Justin Bieber,Evolve,134111,53
Song_0003171,Dua Lipa,Anti,280408,8
Song_0003172,Rihanna,25,192837,24
Song_0003173,Drake,When We All Fall Asleep,313167,93
Song_0003174,Ed Sheeran,Evolve,191506,26
Song_0003175,Dua Lipa,25,216779,97
Song_0003176,Justin Bieber,Midnights,295161,13
Song_0003177,Drake,After Hours,159393,70
Song_0003178,Justin Bieber,After Hours,287851,51
Song_0003179,Adele,When We All Fall Asleep,199333,97
Song_0003180,Ed Sheeran,Divide,172435,48
Song_0003181,Imagine Dragons,Anti,144521,17
Song_0003182,Adele,Evolve,152969,55
Song_0003183,Imagine Dragons,Divide,264898,33
Song_0003184,Imagine Dragons,Future Nostalgia,158119,78
Song_0003185,Justin Bieber,Future Nostalgia,312652,84
Song_0003186,Rihanna,Future Nostalgia,312933,89
Song_0003187,Billie Eilish,25,283471,39
Song_0003188,Justin Bieber,Evolve,164905,49
Song_0003189,Rihanna,25,313043,28
Song_0003190,Drake,Justice,201471,68
Song_0003191,Rihanna,Justice,173676,98
Song_0003192,Billie Eilish,Future Nostalgia,199678,63
Song_0003193,Taylor Swift,Divide,315939,64
Song_0003194,Drake,Divide,174423,14
Song_0003195,Justin Bieber,Scorpion,277708,88
Song_0003196,Taylor Swift,Anti,264870,18
Song_0003197,Imagine Dragons,When We All Fall Asleep,142631,36
Song_0003198,Adele,After Hours,207179,48
Song_0003199,Imagine Dragons,Future Nostalgia,217249,94
Song_0003200,Justin Bieber,When We All Fall Asleep,171489,93
Song_0003201,Justin Bieber,Divide,164814,83
Song_0003202,Taylor Swift,Future Nostalgia,279268,44
Song_0003203,Drake,Anti,280109,46
Song_0003204,Ed Sheeran,Evolve,311402,47
Song_0003205,Justin Bieber,When We All Fall Asleep,188625,45
Song_0003206,The Weeknd,Midnights,268373,73
Song_0003207,Drake,Divide,282283,47
Song_0003208,The Weeknd,After Hours,251463,45
Song_0003209,Dua Lipa,Evolve,159704,65
Song_0003210,Adele,Justice,184207,18
Song_0003211,Taylor Swift,Justice,156789,9
Song_0003212,Rihanna,After Hours,226695,37
Song_0003213,Drake,When We All Fall Asleep,248338,41
Song_0003214,Rihanna,Justice,213593,12
Song_0003215,Justin Bieber,Scorpion,301016,24
Song_0003216,Taylor Swift,After Hours,213985,2
Song_0003217,Imagine Dragons,25,165660,8
Song_0003218,Billie Eilish,Evolve,229643,76
Song_0003219,Justin Bieber,Evolve,287349,78
Song_0003220,Imagine Dragons,Midnights,181944,14
Song_0003221,Billie Eilish,Scorpion,315405,59
Song_0003222,Billie Eilish,Scorpion,159282,35
Song_0003223,Adele,When We All Fall Asleep,127631,18
Song_0003224,Justin Bieber,25,216933,96
Song_0003225,Drake,25,172890,39
Song_0003226,Dua Lipa,When We All Fall Asleep,165004,42
Song_0003227,Rihanna,Divide,278668,53
Song_0003228,Rihanna,Evolve,242946,29
Song_0003229,Adele,When We All Fall Asleep,168903,82
Song_0003230,Adele,25,170428,1
Song_0003231,Ed Sheeran,When We All Fall Asleep,235232,9
Song_0003232,Dua Lipa,Midnights,174477,37
Song_0003233,Justin Bieber,Evolve,128287,21
Song_0003234,The Weeknd,Divide,131807,93
Song_0003235,Rihanna,Scorpion,126631,84
Song_0003236,Adele,When We All Fall Asleep,139463,13
Song_0003237,Drake,25,316790,87
Song_0003238,Rihanna,Justice,235098,34
Song_0003239,Justin Bieber,Scorpion,141365,73
Song_0003240,Adele,Justice,281428,14
Song_0003241,Drake,Scorpion,267979,30
Song_0003242,Drake,Evolve,155640,65
Song_0003243,Drake,Midnights,243817,5
Song_0003244,The Weeknd,Divide,149054,6
Song_0003245,Justin Bieber,Scorpion,189116,15
Song_0003246,Taylor Swift,Midnights,201720,16
Song_0003247,Imagine Dragons,When We All Fall Asleep,263718,9
Song_0003248,Ed Sheeran,When We All Fall Asleep,125578,73
Song_0003249,Imagine Dragons,Evolve,140564,9
Song_0003250,Drake,Anti,151469,97
Song_0003251,Justin Bieber,Scorpion,234807,29
Song_0003252,Drake,Anti,265765,13
Song_0003253,The Weeknd,Evolve,225061,5
Song_0003254,Dua Lipa,After Hours,210226,79
Song_0003255,Dua Lipa,Future Nostalgia,178519,97
Song_0003256,Dua Lipa,When We All Fall Asleep,300399,85
Song_0003257,Billie Eilish,Evolve,247370,29
Song_0003258,Imagine Dragons,After Hours,191749,12
Song_0003259,Rihanna,Midnights,263402,45
Song_0003260,Billie Eilish,Evolve,147469,82
Song_0003261,Billie Eilish,Future Nostalgia,295795,8
Song_0003262,Imagine Dragons,Divide,229666,10
Song_0003263,Rihanna,Justice,199828,13
Song_0003264,Imagine Dragons,Evolve,168770,11
Song_0003265,The Weeknd,Scorpion,156876,57
Song_0003266,Dua Lipa,Future Nostalgia,218768,69
Song_0003267,The Weeknd,Evolve,275723,17
Song_0003268,Justin Bieber,Scorpion,300124,52
Song_0003269,Imagine Dragons,Future Nostalgia,216441,89
Song_0003270,Adele,25,232725,81
Song_0003271,Ed Sheeran,After Hours,142372,72
Song_0003272,Taylor Swift,Justice,122931,7
Song_0003273,Billie Eilish,25,171753,62
Song_0003274,Justin Bieber,After Hours,299593,46
Song_0003275,The Weeknd,Future Nostalgia,227307,37
Song_0003276,Taylor Swift,When We All Fall Asleep,277674,45
Song_0003277,The Weeknd,Evolve,191917,87
Song_0003278,Billie Eilish,Divide,277856,12
Song_0003279,Rihanna,Future Nostalgia,270675,66
Song_0003280,Adele,When We All Fall Asleep,188683,17
Song_0003281,Billie Eilish,Justice,263271,91
Song_0003282,Ed Sheeran,Justice,184182,76
Song_0003283,Billie Eilish,Anti,207411,9
Song_0003284,Billie Eilish,After Hours,298845,20
Song_0003285,Adele,Anti,256048,39
Song_0003286,Taylor Swift,Divide,184723,64
Song_0003287,Drake,Justice,161436,41
Song_0003288,Ed Sheeran,Evolve,193620,11
Song_0003289,Adele,Evolve,199454,65
Song_0003290,Adele,Scorpion,305406,64
Song_0003291,Dua Lipa,When We All Fall Asleep,129553,5
Song_0003292,Taylor Swift,Midnights,193012,68
Song_0003293,Ed Sheeran,After Hours,126093,45
Song_0003294,Dua Lipa,Future Nostalgia,274587,52
Song_0003295,Justin Bieber,Justice,153023,89
Song_0003296,Ed Sheeran,Justice,120473,83
Song_0003297,Imagine Dragons,When We All Fall Asleep,293042,43
Song_0003298,Ed Sheeran,After Hours,162467,8
Song_0003299,Adele,Future Nostalgia,302686,97
Song_0003300,The Weeknd,When We All Fall Asleep,131660,76
Song_0003301,Justin Bieber,Future Nostalgia,167125,57
Song_0003302,Dua Lipa,Midnights,191181,14
Song_0003303,Adele,Scorpion,161383,15
Song_0003304,Ed Sheeran,Future Nostalgia,140978,46
Song_0003305,Rihanna,25,161311,81
Song_0003306,The Weeknd,Anti,221129,64
Song_0003307,The Weeknd,When We All Fall Asleep,239842,11
Song_0003308,Justin Bieber,Scorpion,150830,44
Song_0003309,Ed Sheeran,Scorpion,167861,96
Song_0003310,Justin Bieber,Future Nostalgia,299328,5
Song_0003311,Taylor Swift,When We All Fall Asleep,294572,94
Song_0003312,Drake,Evolve,299511,76
Song_0003313,Dua Lipa,Divide,304349,22
Song_0003314,Adele,Anti,189613,29
Song_0003315,Taylor Swift,Anti,213440,30
Song_0003316,Rihanna,25,133860,56
Song_0003317,The Weeknd,Scorpion,220742,91
Song_0003318,Billie Eilish,Future Nostalgia,186172,38
Song_0003319,Taylor Swift,When We All Fall Asleep,221221,63
Song_0003320,Justin Bieber,Anti,160149,81
Song_0003321,Justin Bieber,Divide,312266,85
Song_0003322,Rihanna,Future Nostalgia,167987,73
Song_0003323,Imagine Dragons,Midnights,181109,69
Song_0003324,Ed Sheeran,Scorpion,127149,60
Song_0003325,Rihanna,Midnights,285685,51
Song_0003326,Imagine Dragons,Midnights,233778,11
Song_0003327,Drake,25,183298,30
Song_0003328,Dua Lipa,After Hours,260492,10
Song_0003329,Imagine Dragons,Evolve,229716,71
Song_0003330,Ed Sheeran,Scorpion,174851,78
Song_0003331,Imagine Dragons,Evolve,280427,98
Song_0003332,Adele,Scorpion,213536,26
Song_0003333,Ed Sheeran,Scorpion,134691,56
Song_0003334,Justin Bieber,Scorpion,198037,44
Song_0003335,Adele,After Hours,187841,52
Song_0003336,Adele,Midnights,310941,64
Song_0003337,Ed Sheeran,Divide,271472,21
Song_0003338,Billie Eilish,Divide,190532,100
Song_0003339,Adele,Evolve,147293,36
Song_0003340,Taylor Swift,After Hours,231981,22
Song_0003341,Imagine Dragons,Midnights,299271,25
Song_0003342,Billie Eilish,Future Nostalgia,288772,35
Song_0003343,Imagine Dragons,Justice,264982,89
Song_0003344,Taylor Swift,Midnights,247692,27
Song_0003345,Imagine Dragons,Midnights,200895,31
Song_0003346,Imagine Dragons,Midnights,195969,70
Song_0003347,Taylor Swift,After Hours,272256,52
Song_0003348,The Weeknd,Evolve,120754,10
Song_0003349,Rihanna,Scorpion,148133,43
Song_0003350,Drake,25,291295,85
Song_0003351,Ed Sheeran,Future Nostalgia,240170,56
Song_0003352,Billie Eilish,Anti,267797,6
Song_0003353,The Weeknd,After Hours,245508,99
Song_0003354,Ed Sheeran,Midnights,277972,17
Song_0003355,Taylor Swift,Divide,228523,24
Song_0003356,Billie Eilish,25,299048,6
Song_0003357,Imagine Dragons,Scorpion,228508,15
Song_0003358,Ed Sheeran,25,237324,57
Song_0003359,Drake,Justice,317601,17
Song_0003360,Ed Sheeran,When We All Fall Asleep,137871,85
Song_0003361,Billie Eilish,Evolve,165041,8
Song_0003362,Justin Bieber,Future Nostalgia,223637,30
Song_0003363,Taylor Swift,Justice,291989,99
Song_0003364,Billie Eilish,When We All Fall Asleep,143759,67
Song_0003365,Rihanna,25,179487,94
Song_0003366,Taylor Swift,Evolve,246354,1
Song_0003367,Justin Bieber,When We All Fall Asleep,272180,67
Song_0003368,Ed Sheeran,When We All Fall Asleep,276134,99
Song_0003369,Taylor Swift,Future Nostalgia,122996,29
Song_0003370,Justin Bieber,Scorpion,192329,99
Song_0003371,Justin Bieber,Divide,234161,68
Song_0003372,Drake,Evolve,171755,72
Song_0003373,Imagine Dragons,Anti,143961,34
Song_0003374,Drake,When We All Fall Asleep,219509,30
Song_0003375,Justin Bieber,Evolve,168652,42
Song_0003376,Justin Bieber,Divide,187791,7
Song_0003377,Taylor Swift,25,180025,8
Song_0003378,Drake,When We All Fall Asleep,273963,30
Song_0003379,Billie Eilish,Divide,124046,50
Song_0003380,Drake,Future Nostalgia,165590,29
Song_0003381,Adele,Scorpion,220294,51
Song_0003382,Dua Lipa,Midnights,216339,18
Song_0003383,Justin Bieber,Midnights,150659,44
Song_0003384,Adele,Anti,136640,26
Song_0003385,Billie Eilish,Midnights,292889,61
Song_0003386,Adele,Evolve,243265,88
Song_0003387,Adele,When We All Fall Asleep,176144,65
Song_0003388,Imagine Dragons,Divide,151647,69
Song_0003389,Taylor Swift,Future Nostalgia,291626,37
Song_0003390,Dua Lipa,25,229169,4
Song_0003391,Drake,Midnights,187651,71
Song_0003392,Dua Lipa,Evolve,280968,51
Song_0003393,Billie Eilish,Evolve,277316,16
Song_0003394,The Weeknd,When We All Fall Asleep,211962,88
Song_0003395,Dua Lipa,Evolve,201996,55
Song_0003396,Drake,After Hours,131969,49
Song_0003397,Rihanna,Evolve,279067,78
Song_0003398,Billie Eilish,When We All Fall Asleep,254253,31
Song_0003399,Justin Bieber,After Hours,305814,90
Song_0003400,Billie Eilish,When We All Fall Asleep,153075,82
Song_0003401,Adele,Midnights,294268,66
Song_0003402,Imagine Dragons,Future Nostalgia,298294,15
Song_0003403,Adele,Justice,218226,76
Song_0003404,Rihanna,Future Nostalgia,242267,7
Song_0003405,Taylor Swift,Evolve,247052,51
Song_0003406,Imagine Dragons,Midnights,315641,52
Song_0003407,Justin Bieber,Justice,231928,50
Song_0003408,Drake,Midnights,207695,12
Song_0003409,Dua Lipa,Evolve,224637,89
Song_0003410,Justin Bieber,Evolve,158935,74
Song_0003411,Dua Lipa,After Hours,184105,73
Song_0003412,Billie Eilish,Justice,221099,78
Song_0003413,Rihanna,Justice,215467,54
Song_0003414,Ed Sheeran,Evolve,154819,68
Song_0003415,Dua Lipa,Midnights,270166,67
Song_0003416,Rihanna,Scorpion,316724,96
Song_0003417,Justin Bieber,Anti,290373,13
Song_0003418,Imagine Dragons,25,296475,100
Song_0003419,The Weeknd,Justice,127257,43
Song_0003420,Drake,Evolve,283230,49
Song_0003421,Rihanna,Scorpion,181540,30
Song_0003422,Adele,Future Nostalgia,146607,11
Song_0003423,The Weeknd,Midnights,306542,83
Song_0003424,Drake,Evolve,232499,44
Song_0003425,Taylor Swift,Evolve,296126,9
Song_0003426,Adele,Divide,191509,38
Song_0003427,Justin Bieber,Future Nostalgia,277067,45
Song_0003428,Rihanna,Divide,205129,90
Song_0003429,Adele,Future Nostalgia,239887,92
Song_0003430,Imagine Dragons,Divide,274345,2
Song_0003431,Justin Bieber,Scorpion,300655,5
Song_0003432,Rihanna,Scorpion,132720,50
Song_0003433,Dua Lipa,Justice,225814,82
Song_0003434,Ed Sheeran,Future Nostalgia,171152,5
Song_0003435,Ed Sheeran,Scorpion,234585,9
Song_0003436,Dua Lipa,Justice,223918,80
Song_0003437,Drake,25,182364,80
Song_0003438,Drake,Scorpion,239001,17
Song_0003439,Ed Sheeran,Future Nostalgia,149340,53
Song_0003440,Ed Sheeran,Future Nostalgia,146806,53
Song_0003441,Billie Eilish,Future Nostalgia,137905,30
Song_0003442,Imagine Dragons,After Hours,146706,61
Song_0003443,Dua Lipa,25,198343,97
Song_0003444,Ed Sheeran,Anti,150947,86
Song_0003445,Dua Lipa,Midnights,310224,84
Song_0003446,Justin Bieber,Anti,149574,45
Song_0003447,Imagine Dragons,Anti,136947,76
Song_0003448,Dua Lipa,After Hours,244910,29
Song_0003449,Dua Lipa,Evolve,227211,29
Song_0003450,Rihanna,25,131014,67
Song_0003451,The Weeknd,Future Nostalgia,210320,87
Song_0003452,Rihanna,Evolve,176512,86
Song_0003453,Dua Lipa,Midnights,241260,21
Song_0003454,The Weeknd,Scorpion,182243,34
Song_0003455,Justin Bieber,Evolve,193647,33
Song_0003456,Taylor Swift,Anti,300688,96
Song_0003457,Justin Bieber,Evolve,161156,70
Song_0003458,Drake,Future Nostalgia,297837,61
Song_0003459,Billie Eilish,Scorpion,296295,57
Song_0003460,The Weeknd,Future Nostalgia,312940,58
Song_0003461,Dua Lipa,Midnights,262345,79
Song_0003462,Taylor Swift,Evolve,300127,37
Song_0003463,Justin Bieber,Evolve,144328,14
Song_0003464,Adele,When We All Fall Asleep,234373,45
Song_0003465,Adele,Divide,144662,44
Song_0003466,The Weeknd,Justice,288331,56
Song_0003467,The Weeknd,After Hours,270444,90
Song_0003468,Drake,Evolve,266984,10
Song_0003469,Imagine Dragons,Anti,156294,23
Song_0003470,Justin Bieber,Divide,289238,77
Song_0003471,Justin Bieber,After Hours,180821,90
Song_0003472,Imagine Dragons,Anti,277203,37
Song_0003473,Justin Bieber,Evolve,289838,51
Song_0003474,Imagine Dragons,Divide,273232,69
Song_0003475,Dua Lipa,Future Nostalgia,174567,17
Song_0003476,The Weeknd,Future Nostalgia,247024,16
Song_0003477,The Weeknd,Anti,154122,64
Song_0003478,Adele,Future Nostalgia,282139,12
Song_0003479,Dua Lipa,25,180988,96
Song_0003480,Billie Eilish,When We All Fall Asleep,291651,53
Song_0003481,Imagine Dragons,25,169827,15
Song_0003482,Drake,25,275953,41
Song_0003483,Dua Lipa,After Hours,124283,45
Song_0003484,Dua Lipa,Future Nostalgia,254273,14
Song_0003485,Adele,Evolve,169749,31
Song_0003486,Adele,Scorpion,176346,30
Song_0003487,Rihanna,Divide,272837,10
Song_0003488,Billie Eilish,Future Nostalgia,169425,56
Song_0003489,Imagine Dragons,Future Nostalgia,256178,60
Song_0003490,Justin Bieber,Scorpion,287124,88
Song_0003491,Ed Sheeran,After Hours,122183,18
Song_0003492,Ed Sheeran,25,128030,21
Song_0003493,Drake,Scorpion,194108,98
Song_0003494,Ed Sheeran,Evolve,128458,76
Song_0003495,Drake,Future Nostalgia,196620,54
Song_0003496,Billie Eilish,When We All Fall Asleep,294555,79
Song_0003497,Justin Bieber,Evolve,318375,6
Song_0003498,Dua Lipa,Justice,200135,53
Song_0003499,Justin Bieber,Scorpion,138762,11
Song_0003500,Ed Sheeran,Justice,251816,12
Song_0003501,Justin Bieber,Anti,217410,39
Song_0003502,Dua Lipa,When We All Fall Asleep,136351,7
Song_0003503,Justin Bieber,Future Nostalgia,169626,87
Song_0003504,Rihanna,Scorpion,276337,31
Song_0003505,Justin Bieber,Future Nostalgia,253956,50
Song_0003506,Imagine Dragons,Evolve,212651,41
Song_0003507,Taylor Swift,After Hours,177191,1
Song_0003508,Justin Bieber,Midnights,236177,5
Song_0003509,Billie Eilish,Evolve,317920,82
Song_0003510,The Weeknd,Midnights,276735,92
Song_0003511,Rihanna,Midnights,270577,99
Song_0003512,The Weeknd,After Hours,246823,71
Song_0003513,Ed Sheeran,After Hours,223057,29
Song_0003514,Adele,Divide,301717,52
Song_0003515,Billie Eilish,25,216078,87
Song_0003516,Rihanna,Divide,295956,64
Song_0003517,The Weeknd,Future Nostalgia,161558,99
Song_0003518,Dua Lipa,Justice,294810,9
Song_0003519,Ed Sheeran,Anti,151052,13
Song_0003520,Adele,25,120920,36
Song_0003521,Taylor Swift,After Hours,168693,11
Song_0003522,Imagine Dragons,After Hours,308872,4
Song_0003523,Taylor Swift,Future Nostalgia,258393,30
Song_0003524,Taylor Swift,Anti,199934,31
Song_0003525,The Weeknd,Midnights,315226,72
Song_0003526,Taylor Swift,Anti,131254,35
Song_0003527,Imagine Dragons,Anti,215653,82
Song_0003528,Drake,Anti,137070,87
Song_0003529,Billie Eilish,Evolve,190143,50
Song_0003530,Rihanna,Scorpion,204404,20
Song_0003531,Rihanna,Evolve,178400,81
Song_0003532,Rihanna,Divide,204512,66
Song_0003533,Ed Sheeran,After Hours,261955,22
Song_0003534,Imagine Dragons,Midnights,177805,47
Song_0003535,Taylor Swift,Evolve,263625,29
Song_0003536,Drake,Divide,270991,96
Song_0003537,Justin Bieber,Anti,313835,57
Song_0003538,Billie Eilish,Midnights,198269,43
Song_0003539,Dua Lipa,Justice,300903,76
Song_0003540,Ed Sheeran,Future Nostalgia,310986,2
Song_0003541,Taylor Swift,After Hours,229852,76
Song_0003542,Taylor Swift,Evolve,173993,37
Song_0003543,Ed Sheeran,25,132875,76
Song_0003544,Ed Sheeran,25,135211,83
Song_0003545,Billie Eilish,After Hours,236827,49
Song_0003546,Dua Lipa,Divide,215839,44
Song_0003547,Justin Bieber,Divide,236633,58
Song_0003548,Ed Sheeran,25,298416,99
Song_0003549,The Weeknd,Anti,169162,84
Song_0003550,The Weeknd,Anti,254633,32
Song_0003551,Rihanna,25,319043,93
Song_0003552,Dua Lipa,After Hours,270453,4
Song_0003553,Drake,Anti,162832,3
Song_0003554,The Weeknd,After Hours,206785,98
Song_0003555,Justin Bieber,25,125659,25
Song_0003556,Ed Sheeran,25,258966,85
Song_0003557,Taylor Swift,Midnights,198316,42
Song_0003558,Justin Bieber,Justice,314820,52
Song_0003559,Dua Lipa,Justice,220870,10
Song_0003560,Drake,Future Nostalgia,179004,18
Song_0003561,Dua Lipa,After Hours,176959,9
Song_0003562,Rihanna,Divide,286649,9
Song_0003563,Imagine Dragons,25,297051,44
Song_0003564,Dua Lipa,Future Nostalgia,270893,26
Song_0003565,Taylor Swift,Midnights,222296,65
Song_0003566,The Weeknd,Justice,160837,15
Song_0003567,Drake,Justice,124312,87
Song_0003568,Adele,Future Nostalgia,297797,20
Song_0003569,Billie Eilish,Scorpion,146794,24
Song_0003570,Justin Bieber,Justice,285278,63
Song_0003571,Ed Sheeran,After Hours,159452,65
Song_0003572,Taylor Swift,Scorpion,298354,47
Song_0003573,Drake,When We All Fall Asleep,181095,98
Song_0003574,Imagine Dragons,Anti,166140,98
Song_0003575,Taylor Swift,Anti,149135,31
Song_0003576,Adele,After Hours,259296,13
Song_0003577,Adele,Scorpion,140197,29
Song_0003578,Dua Lipa,Scorpion,289662,46
Song_0003579,Justin Bieber,25,249039,37
Song_0003580,Imagine Dragons,Divide,175745,25
Song_0003581,Adele,25,150258,97
Song_0003582,Billie Eilish,Midnights,193862,34
Song_0003583,The Weeknd,Anti,239052,3
Song_0003584,Billie Eilish,When We All Fall Asleep,200081,61
Song_0003585,Adele,Evolve,223325,8
Song_0003586,Rihanna,Anti,291904,100
Song_0003587,Imagine Dragons,After Hours,169425,46
Song_0003588,Billie Eilish,25,304806,70
Song_0003589,Justin Bieber,Justice,135009,22
Song_0003590,Billie Eilish,Midnights,150621,93
Song_0003591,Imagine Dragons,When We All Fall Asleep,170660,61
Song_0003592,Drake,Anti,164673,20
Song_0003593,Drake,When We All Fall Asleep,294779,29
Song_0003594,The Weeknd,Anti,269925,14
Song_0003595,Drake,After Hours,250647,67
Song_0003596,Billie Eilish,Future Nostalgia,312872,99
Song_0003597,Justin Bieber,When We All Fall Asleep,268834,90
Song_0003598,Taylor Swift,Scorpion,276412,48
Song_0003599,Rihanna,Divide,276478,56
Song_0003600,Ed Sheeran,Midnights,278099,6
Song_0003601,Taylor Swift,Future Nostalgia,232865,64
Song_0003602,Rihanna,25,140390,27
Song_0003603,Drake,Justice,258857,64
Song_0003604,The Weeknd,Evolve,242853,80
Song_0003605,The Weeknd,Midnights,176137,71
Song_0003606,The Weeknd,Evolve,216468,52
Song_0003607,Justin Bieber,Evolve,271995,6
Song_0003608,Drake,25,156484,74
Song_0003609,Imagine Dragons,Evolve,149959,62
Song_0003610,Adele,Midnights,303023,71
Song_0003611,Justin Bieber,When We All Fall Asleep,289086,79
Song_0003612,Rihanna,Future Nostalgia,178088,93
Song_0003613,Rihanna,When We All Fall Asleep,260454,18
Song_0003614,Taylor Swift,Evolve,184027,62
Song_0003615,Ed Sheeran,Divide,258231,45
Song_0003616,Drake,Future Nostalgia,177063,98
Song_0003617,Billie Eilish,Evolve,242277,61
Song_0003618,Drake,Anti,171026,94
Song_0003619,Justin Bieber,Scorpion,268886,93
Song_0003620,Adele,Anti,153394,89
Song_0003621,Imagine Dragons,When We All Fall Asleep,260330,27
Song_0003622,Drake,After Hours,159389,20
Song_0003623,The Weeknd,25,253481,51
Song_0003624,The Weeknd,After Hours,188143,39
Song_0003625,Justin Bieber,Midnights,210055,79
Song_0003626,The Weeknd,Future Nostalgia,248379,77
Song_0003627,Taylor Swift,Anti,201350,4
Song_0003628,Billie Eilish,When We All Fall Asleep,168571,78
Song_0003629,Justin Bieber,Midnights,295957,75
Song_0003630,Billie Eilish,Evolve,298565,96
Song_0003631,The Weeknd,When We All Fall Asleep,318885,69
Song_0003632,Rihanna,Divide,292262,48
Song_0003633,Ed Sheeran,After Hours,239076,94
Song_0003634,Billie Eilish,Justice,312329,80
Song_0003635,Justin Bieber,After Hours,120151,85
Song_0003636,Taylor Swift,Justice,176734,9
Song_0003637,The Weeknd,Divide,146362,48
Song_0003638,Rihanna,After Hours,216799,80
Song_0003639,Billie Eilish,Evolve,318576,2
Song_0003640,Dua Lipa,Anti,223577,61
Song_0003641,Rihanna,Justice,175791,15
Song_0003642,Taylor Swift,Evolve,172832,54
Song_0003643,The Weeknd,Midnights,165667,89
Song_0003644,The Weeknd,After Hours,187116,40
Song_0003645,The Weeknd,Midnights,197818,82
Song_0003646,Drake,Divide,151288,54
Song_0003647,Imagine Dragons,Evolve,184755,72
Song_0003648,Taylor Swift,Justice,262620,48
Song_0003649,Ed Sheeran,Scorpion,228727,87
Song_0003650,The Weeknd,Scorpion,241480,71
Song_0003651,Adele,25,203473,60
Song_0003652,The Weeknd,Midnights,217607,76
Song_0003653,Dua Lipa,Divide,224253,60
Song_0003654,Justin Bieber,Scorpion,232410,13
Song_0003655,Justin Bieber,Anti,263582,86
Song_0003656,Taylor Swift,Future Nostalgia,217755,61
Song_0003657,Rihanna,When We All Fall Asleep,278888,45
Song_0003658,Adele,Evolve,153608,55
Song_0003659,Adele,Midnights,160561,8
Song_0003660,Taylor Swift,25,219623,72
Song_0003661,Imagine Dragons,Midnights,186556,38
Song_0003662,Rihanna,25,169478,45
Song_0003663,Adele,After Hours,218664,32
Song_0003664,Imagine Dragons,Justice,228909,82
Song_0003665,Billie Eilish,Scorpion,231181,66
Song_0003666,Dua Lipa,Evolve,200491,94
Song_0003667,Drake,Evolve,181492,74
Song_0003668,The Weeknd,When We All Fall Asleep,242657,88
Song_0003669,Drake,Scorpion,274767,40
Song_0003670,Billie Eilish,After Hours,193784,30
Song_0003671,Dua Lipa,25,312985,57
Song_0003672,Drake,Future Nostalgia,318541,100
Song_0003673,Rihanna,Midnights,156318,77
Song_0003674,Billie Eilish,Midnights,211308,3
Song_0003675,Adele,Midnights,183150,28
Song_0003676,Adele,After Hours,258737,63
Song_0003677,Adele,Justice,198804,45
Song_0003678,Billie Eilish,Evolve,224428,29
Song_0003679,Dua Lipa,After Hours,160469,10
Song_0003680,Taylor Swift,Evolve,275107,28
Song_0003681,Taylor Swift,Scorpion,202321,36
Song_0003682,The Weeknd,Justice,279335,71
Song_0003683,Justin Bieber,Midnights,248205,72
Song_0003684,Imagine Dragons,Future Nostalgia,206562,85
Song_0003685,Ed Sheeran,Evolve,209292,34
Song_0003686,Dua Lipa,Scorpion,300280,49
Song_0003687,Taylor Swift,When We All Fall Asleep,160068,8
Song_0003688,Taylor Swift,After Hours,153863,62
Song_0003689,Adele,Scorpion,194275,38
Song_0003690,Billie Eilish,Divide,150905,84
Song_0003691,Billie Eilish,Midnights,210509,20
Song_0003692,Imagine Dragons,Justice,144451,82
Song_0003693,Dua Lipa,After Hours,207783,65
Song_0003694,Billie Eilish,Divide,285073,51
Song_0003695,Imagine Dragons,Divide,154026,36
Song_0003696,Justin Bieber,25,319777,2
Song_0003697,Dua Lipa,25,254735,68
Song_0003698,Ed Sheeran,Midnights,217427,5
Song_0003699,Taylor Swift,Scorpion,239019,60
Song_0003700,Billie Eilish,25,299355,83
Song_0003701,Justin Bieber,Future Nostalgia,204453,99
Song_0003702,Rihanna,Anti,178742,92
Song_0003703,Imagine Dragons,Midnights,208110,76
Song_0003704,Rihanna,Scorpion,143118,50
Song_0003705,Justin Bieber,After Hours,210563,27
Song_0003706,Justin Bieber,Evolve,286142,97
Song_0003707,Dua Lipa,Evolve,236969,65
Song_0003708,Adele,Anti,123074,8
Song_0003709,Taylor Swift,Anti,301548,69
Song_0003710,Justin Bieber,Future Nostalgia,193616,77
Song_0003711,Justin Bieber,25,191690,79
Song_0003712,The Weeknd,Justice,283098,84
Song_0003713,Dua Lipa,Divide,226139,77
Song_0003714,Ed Sheeran,Anti,247632,88
Song_0003715,Dua Lipa,Anti,168857,57
Song_0003716,The Weeknd,Midnights,206214,78
Song_0003717,Imagine Dragons,Divide,205797,94
Song_0003718,Ed Sheeran,Future Nostalgia,180902,45
Song_0003719,Dua Lipa,When We All Fall Asleep,245454,54
Song_0003720,The Weeknd,Anti,156165,34
Song_0003721,Imagine Dragons,Divide,167096,57
Song_0003722,Justin Bieber,Future Nostalgia,291476,58
Song_0003723,Justin Bieber,Scorpion,230616,21
Song_0003724,The Weeknd,25,305655,76
Song_0003725,Dua Lipa,Scorpion,315812,32
Song_0003726,Taylor Swift,When We All Fall Asleep,217424,30
Song_0003727,Ed Sheeran,Scorpion,188443,45
Song_0003728,Dua Lipa,Justice,159743,78
Song_0003729,Adele,Anti,139877,90
Song_0003730,Taylor Swift,Midnights,152406,32
Song_0003731,The Weeknd,25,244818,18
Song_0003732,Billie Eilish,Scorpion,208378,80
Song_0003733,Imagine Dragons,Divide,309492,97
Song_0003734,Adele,When We All Fall Asleep,139387,28
Song_0003735,Rihanna,Anti,229679,25
Song_0003736,Imagine Dragons,Divide,239119,32
Song_0003737,Drake,Scorpion,227244,42
Song_0003738,Adele,Midnights,264064,94
Song_0003739,Justin Bieber,25,288598,62
Song_0003740,Ed Sheeran,Midnights,201202,33
Song_0003741,Billie Eilish,Midnights,158104,45
Song_0003742,The Weeknd,Midnights,271570,42
Song_0003743,Adele,Midnights,206449,89
Song_0003744,Justin Bieber,Midnights,253170,93
Song_0003745,Drake,Midnights,182461,36
Song_0003746,Adele,Midnights,267277,43
Song_0003747,Billie Eilish,Future Nostalgia,188859,29
Song_0003748,Justin Bieber,Justice,227749,29
Song_0003749,Justin Bieber,Evolve,204600,87
Song_0003750,Dua Lipa,Anti,202972,94
Song_0003751,Rihanna,Future Nostalgia,220480,77
Song_0003752,Drake,Justice,210042,73
Song_0003753,Billie Eilish,25,289839,78
Song_0003754,Ed Sheeran,Future Nostalgia,304976,99
Song_0003755,The Weeknd,25,183885,56
Song_0003756,Imagine Dragons,Evolve,300781,15
Song_0003757,Imagine Dragons,Scorpion,176353,57
Song_0003758,Justin Bieber,After Hours,224942,94
Song_0003759,Drake,After Hours,243352,21
Song_0003760,Justin Bieber,Midnights,314809,30
Song_0003761,Rihanna,Scorpion,272199,29
Song_0003762,Rihanna,Divide,175672,4
Song_0003763,Ed Sheeran,Evolve,251980,37
Song_0003764,Imagine Dragons,Anti,154919,89
Song_0003765,Rihanna,Future Nostalgia,194766,66
Song_0003766,Dua Lipa,Future Nostalgia,132087,2
Song_0003767,Justin Bieber,Scorpion,194439,60
Song_0003768,Ed Sheeran,Justice,190361,52
Song_0003769,Billie Eilish,Justice,280071,67
Song_0003770,Billie Eilish,When We All Fall Asleep,190510,97
Song_0003771,Adele,Future Nostalgia,250211,43
Song_0003772,Billie Eilish,When We All Fall Asleep,129533,81
Song_0003773,Billie Eilish,Justice,133688,48
Song_0003774,Rihanna,After Hours,165703,9
Song_0003775,The Weeknd,After Hours,140129,72
Song_0003776,The Weeknd,When We All Fall Asleep,136076,39
Song_0003777,Drake,Anti,212618,36
Song_0003778,Adele,Midnights,228754,88
Song_0003779,Taylor Swift,After Hours,143155,71
Song_0003780,Ed Sheeran,When We All Fall Asleep,142175,36
Song_0003781,Ed Sheeran,Future Nostalgia,145995,3
Song_0003782,Adele,Divide,169958,58
Song_0003783,Rihanna,When We All Fall Asleep,171728,42
Song_0003784,Imagine Dragons,Future Nostalgia,205084,37
Song_0003785,Dua Lipa,When We All Fall Asleep,273314,87
Song_0003786,The Weeknd,Divide,252916,60
Song_0003787,Ed Sheeran,When We All Fall Asleep,172904,7
Song_0003788,Adele,Anti,183033,79
Song_0003789,Ed Sheeran,After Hours,259189,29
Song_0003790,Rihanna,When We All Fall Asleep,262781,37
Song_0003791,Justin Bieber,Justice,138553,51
Song_0003792,Taylor Swift,25,305749,89
Song_0003793,Taylor Swift,Evolve,212289,28
Song_0003794,Taylor Swift,Divide,315817,45
Song_0003795,The Weeknd,Future Nostalgia,206306,74
Song_0003796,Drake,Midnights,279746,88
Song_0003797,Ed Sheeran,Justice,289294,7
Song_0003798,Taylor Swift,After Hours,146059,79
Song_0003799,Justin Bieber,Scorpion,162541,33
Song_0003800,Justin Bieber,25,152581,50
Song_0003801,Rihanna,Scorpion,290182,2
Song_0003802,Drake,After Hours,160574,21
Song_0003803,Ed Sheeran,Scorpion,311527,81
Song_0003804,Ed Sheeran,Justice,223404,33
Song_0003805,Adele,Scorpion,303183,68
Song_0003806,Imagine Dragons,Justice,163546,70
Song_0003807,Imagine Dragons,Midnights,242739,69
Song_0003808,Ed Sheeran,Midnights,311531,63
Song_0003809,Adele,When We All Fall Asleep,276598,13
Song_0003810,Dua Lipa,After Hours,273646,67
Song_0003811,Taylor Swift,Justice,313642,31
Song_0003812,Dua Lipa,When We All Fall Asleep,166734,99
Song_0003813,Imagine Dragons,25,278848,41
Song_0003814,Ed Sheeran,When We All Fall Asleep,298132,95
Song_0003815,Dua Lipa,Evolve,231844,28
Song_0003816,Rihanna,Evolve,171027,67
Song_0003817,Adele,Anti,185928,70
Song_0003818,Rihanna,Evolve,140867,78
Song_0003819,Ed Sheeran,Anti,150813,63
Song_0003820,Adele,Evolve,272044,36
Song_0003821,Ed Sheeran,Midnights,256273,44
Song_0003822,Rihanna,After Hours,185256,60
Song_0003823,Imagine Dragons,Future Nostalgia,260770,78
Song_0003824,Imagine Dragons,Divide,255670,92
Song_0003825,Rihanna,When We All Fall Asleep,226151,44
Song_0003826,Drake,Evolve,175908,58
Song_0003827,Ed Sheeran,Anti,186595,92
Song_0003828,Billie Eilish,Evolve,132855,23
Song_0003829,The Weeknd,Evolve,227392,22
Song_0003830,The Weeknd,When We All Fall Asleep,133222,45
Song_0003831,The Weeknd,After Hours,184707,66
Song_0003832,Taylor Swift,When We All Fall Asleep,193558,90
Song_0003833,Taylor Swift,Divide,293936,69
Song_0003834,Ed Sheeran,Evolve,135953,18
Song_0003835,Rihanna,Midnights,241515,31
Song_0003836,Dua Lipa,Midnights,313436,15
Song_0003837,Rihanna,Future Nostalgia,160909,52
Song_0003838,Drake,Evolve,253096,18
Song_0003839,Drake,Justice,298401,23
Song_0003840,Drake,After Hours,296984,49
Song_0003841,Justin Bieber,25,252965,70
Song_0003842,Billie Eilish,Divide,131154,53
Song_0003843,The Weeknd,After Hours,137421,34
Song_0003844,Justin Bieber,Justice,307400,62
Song_0003845,The Weeknd,Divide,226207,100
Song_0003846,Justin Bieber,25,221912,87
Song_0003847,Imagine Dragons,Justice,140248,89
Song_0003848,Drake,Evolve,286291,25
Song_0003849,Imagine Dragons,Anti,265834,29
Song_0003850,Ed Sheeran,25,226465,42
Song_0003851,The Weeknd,Divide,235528,23
Song_0003852,Ed Sheeran,After Hours,218339,8
Song_0003853,Dua Lipa,Divide,272023,17
Song_0003854,Billie Eilish,After Hours,181125,48
Song_0003855,Ed Sheeran,Scorpion,300381,20
Song_0003856,Drake,When We All Fall Asleep,307851,33
Song_0003857,Billie Eilish,Future Nostalgia,294729,64
Song_0003858,Ed Sheeran,Justice,313785,94
Song_0003859,Billie Eilish,Scorpion,178394,76
Song_0003860,Ed Sheeran,Justice,231471,11
Song_0003861,Billie Eilish,Justice,154560,33
Song_0003862,Rihanna,Midnights,148983,36
Song_0003863,Rihanna,Evolve,230289,91
Song_0003864,Dua Lipa,Midnights,242190,40
Song_0003865,Rihanna,Future Nostalgia,226629,16
Song_0003866,Justin Bieber,Future Nostalgia,175291,96
Song_0003867,Taylor Swift,Midnights,161790,99
Song_0003868,Adele,Midnights,264541,3
Song_0003869,Imagine Dragons,When We All Fall Asleep,312031,36
Song_0003870,Billie Eilish,Anti,186986,14
Song_0003871,Drake,Scorpion,120025,34
Song_0003872,Ed Sheeran,Anti,303026,73
Song_0003873,Dua Lipa,Anti,218912,97
Song_0003874,Justin Bieber,25,253375,76
Song_0003875,Dua Lipa,Future Nostalgia,282687,78
Song_0003876,Justin Bieber,Divide,188964,80
Song_0003877,The Weeknd,Divide,261332,92
Song_0003878,Dua Lipa,Future Nostalgia,193724,1
Song_0003879,Drake,Evolve,284835,77
Song_0003880,Justin Bieber,Scorpion,239192,100
Song_0003881,Taylor Swift,After Hours,290992,79
Song_0003882,The Weeknd,After Hours,200016,6
Song_0003883,Billie Eilish,Divide,298978,45
Song_0003884,Dua Lipa,Scorpion,124945,49
Song_0003885,The Weeknd,25,188359,8
Song_0003886,Adele,When We All Fall Asleep,182574,53
Song_0003887,Adele,Divide,176980,78
Song_0003888,The Weeknd,25,230594,80
Song_0003889,Taylor Swift,After Hours,272400,6
Song_0003890,Taylor Swift,Future Nostalgia,274329,41
Song_0003891,Imagine Dragons,25,202957,6
Song_0003892,Rihanna,Future Nostalgia,147807,4
Song_0003893,Adele,Anti,304674,39
Song_0003894,The Weeknd,When We All Fall Asleep,235065,73
Song_0003895,Imagine Dragons,When We All Fall Asleep,192162,47
Song_0003896,Billie Eilish,When We All Fall Asleep,290980,77
Song_0003897,Adele,Midnights,250659,4
Song_0003898,The Weeknd,Evolve,222622,28
Song_0003899,Ed Sheeran,Scorpion,215055,24
Song_0003900,Rihanna,Midnights,313747,74
Song_0003901,Drake,Midnights,298657,3
Song_0003902,The Weeknd,Evolve,158436,98
Song_0003903,Billie Eilish,After Hours,210284,6
Song_0003904,Rihanna,Divide,281712,90
Song_0003905,Adele,Evolve,239370,94
Song_0003906,Billie Eilish,25,312306,58
Song_0003907,Justin Bieber,Scorpion,256052,57
Song_0003908,Dua Lipa,Anti,270430,51
Song_0003909,Ed Sheeran,25,168270,46
Song_0003910,Imagine Dragons,Divide,187401,73
Song_0003911,Drake,After Hours,146161,93
Song_0003912,Ed Sheeran,After Hours,168638,39
Song_0003913,Rihanna,25,239395,33
Song_0003914,Taylor Swift,25,216878,90
Song_0003915,Rihanna,Future Nostalgia,203858,92
Song_0003916,Adele,Justice,176666,62
Song_0003917,Imagine Dragons,Scorpion,271460,78
Song_0003918,Billie Eilish,After Hours,200033,40
Song_0003919,Adele,When We All Fall Asleep,263390,47
Song_0003920,The Weeknd,Evolve,127887,88
Song_0003921,Billie Eilish,Scorpion,270869,49
Song_0003922,Taylor Swift,Scorpion,146872,96
Song_0003923,Justin Bieber,Divide,250604,87
Song_0003924,Dua Lipa,Future Nostalgia,204941,71
Song_0003925,Dua Lipa,25,233185,61
Song_0003926,Imagine Dragons,Midnights,295238,92
Song_0003927,Adele,When We All Fall Asleep,205962,83
Song_0003928,Imagine Dragons,Evolve,218750,50
Song_0003929,Billie Eilish,Divide,185167,29
Song_0003930,The Weeknd,Justice,212640,30
Song_0003931,Billie Eilish,Midnights,149805,58
Song_0003932,Billie Eilish,25,260609,42
Song_0003933,The Weeknd,Future Nostalgia,129191,68
Song_0003934,Justin Bieber,Future Nostalgia,183434,74
Song_0003935,Justin Bieber,Divide,213109,82
Song_0003936,Billie Eilish,Justice,174435,87
Song_0003937,Adele,When We All Fall Asleep,139299,85
Song_0003938,Dua Lipa,Evolve,175473,11
Song_0003939,Ed Sheeran,Anti,189509,56
Song_0003940,Taylor Swift,25,151859,25
Song_0003941,Drake,Evolve,157670,64
Song_0003942,Ed Sheeran,25,130003,99
Song_0003943,Imagine Dragons,Evolve,304366,37
Song_0003944,Ed Sheeran,Divide,316535,19
Song_0003945,Dua Lipa,Scorpion,176180,21
Song_0003946,Billie Eilish,Justice,180635,49
Song_0003947,Rihanna,Justice,132412,5
Song_0003948,Drake,Future Nostalgia,129976,89
Song_0003949,Drake,Evolve,232755,56
Song_0003950,Billie Eilish,Scorpion,187543,33
Song_0003951,Imagine Dragons,After Hours,179480,30
Song_0003952,Imagine Dragons,Evolve,133720,2
Song_0003953,Ed Sheeran,Divide,162539,64
Song_0003954,Imagine Dragons,Midnights,144124,28
Song_0003955,Rihanna,Justice,223516,45
Song_0003956,Imagine Dragons,After Hours,127929,7
Song_0003957,Justin Bieber,When We All Fall Asleep,298700,39
Song_0003958,Dua Lipa,Divide,264738,68
Song_0003959,Imagine Dragons,Evolve,136739,15
Song_0003960,Taylor Swift,Midnights,222194,43
Song_0003961,Justin Bieber,When We All Fall Asleep,266405,19
Song_0003962,Drake,When We All Fall Asleep,267316,52
Song_0003963,Imagine Dragons,Midnights,201494,74
Song_0003964,Billie Eilish,Evolve,234493,9
Song_0003965,The Weeknd,25,154058,74
Song_0003966,Justin Bieber,Midnights,238208,75
Song_0003967,The Weeknd,Divide,166322,12
Song_0003968,Taylor Swift,Justice,291797,9
Song_0003969,Rihanna,After Hours,169262,90
Song_0003970,The Weeknd,Divide,123079,94
Song_0003971,Dua Lipa,Midnights,137892,28
Song_0003972,Rihanna,Anti,160280,49
Song_0003973,Rihanna,Divide,146771,32
Song_0003974,The Weeknd,Evolve,303001,98
Song_0003975,Dua Lipa,Divide,318113,56
Song_0003976,Imagine Dragons,Future Nostalgia,279280,91
Song_0003977,Drake,25,167973,39
Song_0003978,Ed Sheeran,Midnights,130552,25
Song_0003979,Rihanna,After Hours,176520,22
Song_0003980,Justin Bieber,Justice,319940,99
Song_0003981,Adele,When We All Fall Asleep,131257,3
Song_0003982,Drake,25,260316,5
Song_0003983,Adele,Evolve,195680,81
Song_0003984,The Weeknd,Divide,288594,19
Song_0003985,Taylor Swift,Midnights,319094,55
Song_0003986,Dua Lipa,Justice,184915,81
Song_0003987,The Weeknd,Evolve,172545,46
Song_0003988,Imagine Dragons,After Hours,220347,73
Song_0003989,Drake,25,220798,70
Song_0003990,Dua Lipa,Anti,269594,19
Song_0003991,Adele,25,154829,56
Song_0003992,Ed Sheeran,Scorpion,180271,4
Song_0003993,Drake,Divide,178054,52
Song_0003994,Taylor Swift,25,139036,49
Song_0003995,Drake,Midnights,126878,24
Song_0003996,Billie Eilish,When We All Fall Asleep,151126,68
Song_0003997,Rihanna,25,172658,23
Song_0003998,Ed Sheeran,Anti,279231,40
Song_0003999,Rihanna,After Hours,164308,34
Song_0004000,Taylor Swift,Anti,264114,80
Song_0004001,Imagine Dragons,25,121470,15
Song_0004002,Adele,25,286457,29
Song_0004003,Imagine Dragons,25,290453,66
Song_0004004,Adele,After Hours,269908,84
Song_0004005,Drake,Anti,181243,52
Song_0004006,Adele,25,227846,49
Song_0004007,Dua Lipa,Scorpion,255649,25
Song_0004008,Imagine Dragons,25,281805,86
Song_0004009,Adele,Justice,175786,50
Song_0004010,Taylor Swift,After Hours,199321,99
Song_0004011,Imagine Dragons,25,162413,94
Song_0004012,The Weeknd,When We All Fall Asleep,292634,35
Song_0004013,Justin Bieber,After Hours,124838,68
Song_0004014,The Weeknd,Justice,170566,17
Song_0004015,Drake,Scorpion,263730,17
Song_0004016,Drake,25,298019,1
Song_0004017,Dua Lipa,25,197869,36
Song_0004018,Dua Lipa,Evolve,259454,68
Song_0004019,Dua Lipa,When We All Fall Asleep,228903,29
Song_0004020,Rihanna,Anti,302026,52
Song_0004021,Dua Lipa,Scorpion,266474,44
Song_0004022,Adele,Midnights,178520,75
Song_0004023,Drake,Midnights,225462,45
Song_0004024,Ed Sheeran,Midnights,127699,75
Song_0004025,Billie Eilish,Evolve,204264,17
Song_0004026,Adele,25,126959,99
Song_0004027,Dua Lipa,Anti,228773,91
Song_0004028,Dua Lipa,Midnights,250027,93
Song_0004029,Adele,Evolve,122934,54
Song_0004030,The Weeknd,Anti,138647,24
Song_0004031,Imagine Dragons,Scorpion,191300,11
Song_0004032,The Weeknd,Evolve,142027,27
Song_0004033,Billie Eilish,Scorpion,130894,86
Song_0004034,Rihanna,After Hours,262008,47
Song_0004035,The Weeknd,Anti,283786,52
Song_0004036,Taylor Swift,Evolve,120947,50
Song_0004037,Ed Sheeran,Scorpion,306039,79
Song_0004038,Adele,Justice,260777,12
Song_0004039,The Weeknd,Scorpion,170882,3
Song_0004040,The Weeknd,25,313650,88
Song_0004041,Drake,Midnights,318836,55
Song_0004042,Adele,Anti,262416,96
Song_0004043,Dua Lipa,After Hours,300243,31
Song_0004044,Imagine Dragons,25,125515,21
Song_0004045,The Weeknd,Evolve,258800,5
Song_0004046,Imagine Dragons,After Hours,141591,35
Song_0004047,Billie Eilish,Midnights,249606,39
Song_0004048,Adele,Evolve,176469,92
Song_0004049,Adele,Future Nostalgia,252945,38
Song_0004050,Drake,Evolve,299490,88
Song_0004051,The Weeknd,Divide,200103,10
Song_0004052,Taylor Swift,Divide,299559,9
Song_0004053,Billie Eilish,Evolve,318908,87
Song_0004054,Drake,After Hours,285117,3
Song_0004055,Dua Lipa,When We All Fall Asleep,269568,60
Song_0004056,Imagine Dragons,When We All Fall Asleep,129951,43
Song_0004057,Billie Eilish,Midnights,288540,58
Song_0004058,Drake,After Hours,169046,90
Song_0004059,Taylor Swift,Justice,191936,51
Song_0004060,Billie Eilish,Midnights,266981,9
Song_0004061,Dua Lipa,After Hours,166975,74
Song_0004062,Ed Sheeran,After Hours,234490,58
Song_0004063,Taylor Swift,Midnights,251072,97
Song_0004064,Dua Lipa,Future Nostalgia,288003,64
Song_0004065,Taylor Swift,Scorpion,120766,45
Song_0004066,Imagine Dragons,Evolve,312191,65
Song_0004067,Ed Sheeran,Scorpion,252187,92
Song_0004068,The Weeknd,Evolve,290280,80
Song_0004069,Billie Eilish,25,174354,45
Song_0004070,The Weeknd,Evolve,310413,40
Song_0004071,Dua Lipa,Anti,199475,91
Song_0004072,Taylor Swift,Divide,274794,44
Song_0004073,Imagine Dragons,Midnights,254853,97
Song_0004074,Justin Bieber,Scorpion,233275,76
Song_0004075,Rihanna,Future Nostalgia,182399,74
Song_0004076,The Weeknd,25,231192,59
Song_0004077,Rihanna,25,312366,79
Song_0004078,Billie Eilish,Anti,206076,20
Song_0004079,Billie Eilish,25,140690,66
Song_0004080,Taylor Swift,Future Nostalgia,227984,20
Song_0004081,Ed Sheeran,Anti,120430,91
Song_0004082,Rihanna,Evolve,203601,31
Song_0004083,Ed Sheeran,25,228907,98
Song_0004084,Billie Eilish,Midnights,212530,62
Song_0004085,Taylor Swift,After Hours,169593,60
Song_0004086,Rihanna,25,135280,35
Song_0004087,Rihanna,Midnights,232771,83
Song_0004088,Billie Eilish,Scorpion,182015,10
Song_0004089,Taylor Swift,Evolve,268646,22
Song_0004090,Drake,After Hours,246494,94
Song_0004091,Dua Lipa,When We All Fall Asleep,247230,61
Song_0004092,Justin Bieber,Justice,141069,61
Song_0004093,Taylor Swift,Midnights,314238,8
Song_0004094,Imagine Dragons,Divide,228254,28
Song_0004095,Justin Bieber,When We All Fall Asleep,157223,34
Song_0004096,Rihanna,Future Nostalgia,254898,8
Song_0004097,Ed Sheeran,Divide,172261,99
Song_0004098,Rihanna,Anti,254044,34
Song_0004099,Imagine Dragons,Anti,177502,72
Song_0004100,The Weeknd,25,275125,39
Song_0004101,Billie Eilish,25,195274,20
Song_0004102,Taylor Swift,Midnights,273689,13
Song_0004103,The Weeknd,Divide,203762,66
Song_0004104,Ed Sheeran,Justice,266499,44
Song_0004105,Billie Eilish,Scorpion,296382,74
Song_0004106,Justin Bieber,Future Nostalgia,158590,25
Song_0004107,Drake,After Hours,153882,41
Song_0004108,Rihanna,Midnights,143451,62
Song_0004109,Ed Sheeran,Evolve,269785,13
Song_0004110,Rihanna,Midnights,217654,78
Song_0004111,Imagine Dragons,Divide,164532,21
Song_0004112,Drake,When We All Fall Asleep,200192,4
Song_0004113,Justin Bieber,Scorpion,186744,57
Song_0004114,Dua Lipa,After Hours,171376,15
Song_0004115,Ed Sheeran,25,145092,7
Song_0004116,Rihanna,Evolve,230304,41
Song_0004117,Taylor Swift,Midnights,244799,86
Song_0004118,The Weeknd,Anti,194434,58
Song_0004119,Rihanna,When We All Fall Asleep,151528,34
Song_0004120,Imagine Dragons,Anti,157391,65
Song_0004121,Justin Bieber,Scorpion,291869,9
Song_0004122,Justin Bieber,Divide,127154,66
Song_0004123,Drake,25,319379,84
Song_0004124,Justin Bieber,Scorpion,186434,64
Song_0004125,Imagine Dragons,Future Nostalgia,258955,22
Song_0004126,Imagine Dragons,Justice,296169,85
Song_0004127,Ed Sheeran,When We All Fall Asleep,193133,79
Song_0004128,Drake,25,142627,29
Song_0004129,Drake,Justice,144765,51
Song_0004130,The Weeknd,25,229483,41
Song_0004131,Dua Lipa,Divide,223355,69
Song_0004132,Taylor Swift,Justice,272729,45
Song_0004133,Taylor Swift,Anti,302306,65
Song_0004134,Justin Bieber,When We All Fall Asleep,134953,17
Song_0004135,The Weeknd,Anti,274833,69
Song_0004136,Adele,Justice,178495,38
Song_0004137,Ed Sheeran,Scorpion,174098,12
Song_0004138,Adele,Justice,155238,70
Song_0004139,Justin Bieber,Future Nostalgia,128910,79
Song_0004140,Imagine Dragons,After Hours,236522,18
Song_0004141,Imagine Dragons,After Hours,211311,36
Song_0004142,Ed Sheeran,When We All Fall Asleep,281496,94
Song_0004143,Adele,After Hours,294669,24
Song_0004144,The Weeknd,Future Nostalgia,292919,90
Song_0004145,The Weeknd,Scorpion,143402,51
Song_0004146,Rihanna,When We All Fall Asleep,237009,26
Song_0004147,Billie Eilish,25,124144,67
Song_0004148,Dua Lipa,Future Nostalgia,131244,53
Song_0004149,Rihanna,Anti,172173,52
Song_0004150,Imagine Dragons,Justice,230186,85
Song_0004151,The Weeknd,Midnights,220319,27
Song_0004152,Billie Eilish,Future Nostalgia,191472,21
Song_0004153,Taylor Swift,Anti,257199,12
Song_0004154,Dua Lipa,Anti,154821,14
Song_0004155,Imagine Dragons,Future Nostalgia,151376,76
Song_0004156,Justin Bieber,When We All Fall Asleep,243130,69
Song_0004157,Dua Lipa,Divide,125001,77
Song_0004158,Billie Eilish,When We All Fall Asleep,217227,28
Song_0004159,Drake,Justice,245642,54
Song_0004160,Ed Sheeran,When We All Fall Asleep,313770,58
Song_0004161,Rihanna,Divide,260963,54
Song_0004162,Taylor Swift,25,282466,31
Song_0004163,Drake,After Hours,157551,66
Song_0004164,Rihanna,25,232443,26
Song_0004165,Imagine Dragons,Justice,285800,12
Song_0004166,Justin Bieber,Divide,132730,88
Song_0004167,Billie Eilish,Evolve,144426,42
Song_0004168,Imagine Dragons,Evolve,182097,98
Song_0004169,Ed Sheeran,25,129085,79
Song_0004170,Taylor Swift,25,263702,35
Song_0004171,Billie Eilish,When We All Fall Asleep,307863,45
Song_0004172,Taylor Swift,Future Nostalgia,166103,33
Song_0004173,Drake,Evolve,203842,65
Song_0004174,Justin Bieber,Scorpion,138711,71
Song_0004175,Ed Sheeran,Divide,263028,34
Song_0004176,Justin Bieber,Justice,184011,83
Song_0004177,Billie Eilish,Evolve,308278,21
Song_0004178,Rihanna,After Hours,258763,15
Song_0004179,The Weeknd,Justice,252055,84
Song_0004180,Dua Lipa,Midnights,254081,9
Song_0004181,Billie Eilish,25,297660,9
Song_0004182,The Weeknd,Evolve,221956,93
Song_0004183,Drake,Evolve,204480,28
Song_0004184,Taylor Swift,After Hours,308954,66
Song_0004185,Adele,Evolve,238778,96
Song_0004186,Drake,Divide,265610,7
Song_0004187,Adele,Justice,262561,12
Song_0004188,Justin Bieber,25,232002,46
Song_0004189,Justin Bieber,Evolve,172502,75
Song_0004190,Adele,Justice,267308,67
Song_0004191,Ed Sheeran,When We All Fall Asleep,184485,87
Song_0004192,Imagine Dragons,Future Nostalgia,256927,54
Song_0004193,Billie Eilish,Scorpion,255584,94
Song_0004194,Rihanna,When We All Fall Asleep,142433,12
Song_0004195,The Weeknd,Scorpion,121932,41
Song_0004196,Dua Lipa,After Hours,200795,46
Song_0004197,Billie Eilish,Justice,178570,65
Song_0004198,Dua Lipa,Justice,286902,5
Song_0004199,Taylor Swift,Justice,264332,96
Song_0004200,Rihanna,Anti,168942,53
Song_0004201,Ed Sheeran,Midnights,234042,59
Song_0004202,The Weeknd,Divide,233691,6
Song_0004203,Ed Sheeran,Anti,226409,8
Song_0004204,Taylor Swift,Scorpion,252737,36
Song_0004205,Drake,When We All Fall Asleep,127838,58
Song_0004206,Adele,Future Nostalgia,139218,73
Song_0004207,Taylor Swift,When We All Fall Asleep,179802,28
Song_0004208,Ed Sheeran,When We All Fall Asleep,205319,38
Song_0004209,Adele,When We All Fall Asleep,244208,54
Song_0004210,Taylor Swift,25,142590,37
Song_0004211,The Weeknd,Anti,223157,84
Song_0004212,Rihanna,Scorpion,244819,74
Song_0004213,Dua Lipa,Evolve,206191,31
Song_0004214,Rihanna,Midnights,181408,11
Song_0004215,Ed Sheeran,After Hours,239207,94
Song_0004216,Imagine Dragons,Evolve,317870,24
Song_0004217,Rihanna,When We All Fall Asleep,150902,44
Song_0004218,Justin Bieber,Divide,164870,88
Song_0004219,Imagine Dragons,25,303953,99
Song_0004220,Billie Eilish,Anti,281564,50
Song_0004221,Rihanna,Divide,237631,99
Song_0004222,Dua Lipa,Justice,284234,25
Song_0004223,Drake,Anti,302101,85
Song_0004224,Drake,Evolve,210975,45
Song_0004225,Taylor Swift,Divide,306992,86
Song_0004226,Billie Eilish,Justice,277814,35
Song_0004227,Billie Eilish,Midnights,283903,56
Song_0004228,Taylor Swift,When We All Fall Asleep,284814,98
Song_0004229,Adele,When We All Fall Asleep,147748,94
Song_0004230,Billie Eilish,Divide,169612,83
Song_0004231,Billie Eilish,After Hours,129039,65
Song_0004232,Ed Sheeran,Future Nostalgia,241715,63
Song_0004233,Adele,Scorpion,174581,26
Song_0004234,Imagine Dragons,Divide,153030,47
Song_0004235,The Weeknd,Anti,287682,61
Song_0004236,Drake,Anti,296966,40
Song_0004237,Drake,Justice,314037,99
Song_0004238,Imagine Dragons,Future Nostalgia,296847,10
Song_0004239,Imagine Dragons,Divide,296550,7
Song_0004240,Drake,Anti,173809,11
Song_0004241,Adele,Justice,289117,12
Song_0004242,Dua Lipa,Divide,181250,4
Song_0004243,Justin Bieber,Midnights,182236,11
Song_0004244,Rihanna,After Hours,159737,24
Song_0004245,Justin Bieber,When We All Fall Asleep,214098,55
Song_0004246,Taylor Swift,After Hours,184014,32
Song_0004247,The Weeknd,25,268441,68
Song_0004248,Dua Lipa,Justice,200699,88
Song_0004249,Imagine Dragons,25,141216,57
Song_0004250,Billie Eilish,Evolve,186400,53
Song_0004251,Dua Lipa,Divide,194655,61
Song_0004252,Dua Lipa,25,186752,77
Song_0004253,Dua Lipa,Anti,200855,41
Song_0004254,Taylor Swift,Anti,284745,9
Song_0004255,The Weeknd,Evolve,164034,67
Song_0004256,Adele,Anti,124955,83
Song_0004257,Imagine Dragons,Future Nostalgia,258530,76
Song_0004258,Billie Eilish,After Hours,296388,69
Song_0004259,Justin Bieber,Justice,246283,97
Song_0004260,Drake,When We All Fall Asleep,146855,81
Song_0004261,Adele,Scorpion,234950,48
Song_0004262,Imagine Dragons,When We All Fall Asleep,253596,47
Song_0004263,Justin Bieber,Midnights,209308,82
Song_0004264,The Weeknd,After Hours,303899,98
Song_0004265,Dua Lipa,Midnights,260158,64
Song_0004266,Drake,Midnights,274027,31
Song_0004267,Taylor Swift,After Hours,275301,7
Song_0004268,Ed Sheeran,After Hours,143421,45
Song_0004269,Adele,Midnights,243588,26
Song_0004270,Justin Bieber,Midnights,223045,7
Song_0004271,Billie Eilish,Scorpion,160994,52
Song_0004272,Taylor Swift,Justice,309823,37
Song_0004273,Dua Lipa,Divide,153636,78
Song_0004274,The Weeknd,Evolve,241621,35
Song_0004275,The Weeknd,Anti,166840,39
Song_0004276,Imagine Dragons,Justice,278635,39
Song_0004277,Imagine Dragons,25,154142,58
Song_0004278,Imagine Dragons,After Hours,152577,27
Song_0004279,Drake,25,287151,79
Song_0004280,Ed Sheeran,Midnights,149849,68
Song_0004281,Drake,When We All Fall Asleep,216839,32
Song_0004282,Imagine Dragons,Future Nostalgia,145641,87
Song_0004283,The Weeknd,After Hours,169487,89
Song_0004284,Ed Sheeran,Midnights,293468,53
Song_0004285,Rihanna,Future Nostalgia,135373,36
Song_0004286,The Weeknd,After Hours,164532,46
Song_0004287,Taylor Swift,Divide,281185,47
Song_0004288,Adele,Justice,218733,90
Song_0004289,Imagine Dragons,Future Nostalgia,210169,23
Song_0004290,Ed Sheeran,After Hours,183832,50
Song_0004291,Adele,After Hours,176877,39
Song_0004292,Adele,Scorpion,120694,23
Song_0004293,Ed Sheeran,Anti,180617,13
Song_0004294,Taylor Swift,Divide,186724,71
Song_0004295,Taylor Swift,25,255767,26
Song_0004296,The Weeknd,Anti,158524,42
Song_0004297,Drake,Evolve,235485,81
Song_0004298,Taylor Swift,Evolve,302235,13
Song_0004299,Imagine Dragons,25,158672,86
Song_0004300,Dua Lipa,When We All Fall Asleep,274828,50
Song_0004301,Billie Eilish,Evolve,312146,96
Song_0004302,Drake,Evolve,245929,4
Song_0004303,Drake,Future Nostalgia,201835,90
Song_0004304,Drake,25,230320,85
Song_0004305,Billie Eilish,Divide,127448,29
Song_0004306,Adele,Midnights,265464,3
Song_0004307,Rihanna,Midnights,277822,92
Song_0004308,Rihanna,After Hours,193148,69
Song_0004309,Rihanna,Evolve,319753,83
Song_0004310,Billie Eilish,Midnights,223118,92
Song_0004311,Billie Eilish,Future Nostalgia,238742,46
Song_0004312,Taylor Swift,Scorpion,152919,10
Song_0004313,Justin Bieber,Midnights,150170,79
Song_0004314,Ed Sheeran,Midnights,236609,21
Song_0004315,Justin Bieber,Anti,200175,27
Song_0004316,Dua Lipa,25,132322,8
Song_0004317,Billie Eilish,Future Nostalgia,244804,62
Song_0004318,Dua Lipa,Evolve,287577,61
Song_0004319,Taylor Swift,Justice,244051,93
Song_0004320,The Weeknd,Scorpion,318176,51
Song_0004321,Dua Lipa,Scorpion,172648,75
Song_0004322,Billie Eilish,Justice,279458,86
Song_0004323,Rihanna,Scorpion,188157,83
Song_0004324,Imagine Dragons,Justice,249976,7
Song_0004325,Rihanna,Divide,278312,63
Song_0004326,Billie Eilish,After Hours,255982,55
Song_0004327,Dua Lipa,Midnights,144422,2
Song_0004328,Dua Lipa,After Hours,275395,92
Song_0004329,Billie Eilish,Evolve,249159,47
Song_0004330,Drake,Scorpion,312805,20
Song_0004331,Dua Lipa,Divide,214220,64
Song_0004332,Billie Eilish,Divide,285481,44
Song_0004333,Ed Sheeran,Evolve,262530,52
Song_0004334,Drake,When We All Fall Asleep,249828,13
Song_0004335,Billie Eilish,When We All Fall Asleep,146391,99
Song_0004336,Imagine Dragons,25,246137,66
Song_0004337,Dua Lipa,Justice,167115,83
Song_0004338,Billie Eilish,Evolve,257207,4
Song_0004339,Taylor Swift,Future Nostalgia,303367,83
Song_0004340,Dua Lipa,Evolve,248959,75
Song_0004341,Dua Lipa,Evolve,151167,34
Song_0004342,Billie Eilish,Scorpion,266619,96
Song_0004343,Drake,Anti,200579,59
Song_0004344,Adele,Evolve,292110,79
Song_0004345,Adele,25,152957,45
Song_0004346,Imagine Dragons,Anti,145018,54
Song_0004347,Adele,After Hours,189137,70
Song_0004348,Billie Eilish,After Hours,226572,72
Song_0004349,Billie Eilish,Justice,138311,18
Song_0004350,Billie Eilish,Anti,135735,78
Song_0004351,Taylor Swift,Anti,299403,23
Song_0004352,Billie Eilish,25,192497,57
Song_0004353,The Weeknd,When We All Fall Asleep,124674,68
Song_0004354,Adele,Future Nostalgia,202679,37
Song_0004355,Drake,After Hours,238463,60
Song_0004356,Taylor Swift,Divide,306486,29
Song_0004357,Taylor Swift,When We All Fall Asleep,200766,48
Song_0004358,The Weeknd,Anti,143428,86
Song_0004359,Adele,After Hours,170764,49
Song_0004360,Ed Sheeran,Divide,218298,99
Song_0004361,Ed Sheeran,When We All Fall Asleep,123187,45
Song_0004362,Drake,Midnights,199727,29
Song_0004363,Taylor Swift,When We All Fall Asleep,192092,46
Song_0004364,Imagine Dragons,Future Nostalgia,203032,64
Song_0004365,Taylor Swift,After Hours,164288,15
Song_0004366,The Weeknd,Anti,318478,54
Song_0004367,Justin Bieber,Future Nostalgia,207102,42
Song_0004368,Imagine Dragons,When We All Fall Asleep,149598,84
Song_0004369,Imagine Dragons,After Hours,225518,48
Song_0004370,Rihanna,Divide,255843,1
Song_0004371,Billie Eilish,Future Nostalgia,216301,11
Song_0004372,The Weeknd,Midnights,280770,1
Song_0004373,Adele,25,212008,12
Song_0004374,Billie Eilish,Midnights,259330,48
Song_0004375,The Weeknd,Future Nostalgia,166841,47
Song_0004376,Dua Lipa,Scorpion,154865,4
Song_0004377,Justin Bieber,Justice,144513,41
Song_0004378,Justin Bieber,Scorpion,148696,38
Song_0004379,Billie Eilish,Divide,212750,36
Song_0004380,The Weeknd,Scorpion,178103,66
Song_0004381,Dua Lipa,Anti,318770,9
Song_0004382,The Weeknd,25,297466,4
Song_0004383,Imagine Dragons,Midnights,156538,26
Song_0004384,Rihanna,Divide,238253,21
Song_0004385,Ed Sheeran,Divide,238754,9
Song_0004386,Rihanna,Anti,185408,80
Song_0004387,Imagine Dragons,Anti,133532,12
Song_0004388,Drake,Anti,188412,99
Song_0004389,Taylor Swift,Anti,264954,62
Song_0004390,Ed Sheeran,25,221573,22
Song_0004391,Ed Sheeran,Evolve,315233,43
Song_0004392,The Weeknd,Evolve,230190,100
Song_0004393,The Weeknd,Divide,138173,100
Song_0004394,The Weeknd,Evolve,280044,57
Song_0004395,Justin Bieber,Future Nostalgia,176450,92
Song_0004396,Drake,When We All Fall Asleep,168399,46
Song_0004397,Drake,Evolve,308420,81
Song_0004398,Justin Bieber,After Hours,131465,43
Song_0004399,Ed Sheeran,When We All Fall Asleep,280097,76
Song_0004400,Dua Lipa,Midnights,198469,70
Song_0004401,Drake,When We All Fall Asleep,312095,100
Song_0004402,Justin Bieber,When We All Fall Asleep,287779,33
Song_0004403,Imagine Dragons,Justice,130228,99
Song_0004404,Rihanna,Future Nostalgia,191374,99
Song_0004405,Dua Lipa,Midnights,164823,94
Song_0004406,Adele,Anti,310819,77
Song_0004407,The Weeknd,Anti,297168,78
Song_0004408,Dua Lipa,When We All Fall Asleep,238859,55
Song_0004409,The Weeknd,Scorpion,282265,30
Song_0004410,Imagine Dragons,25,315251,16
Song_0004411,Adele,Divide,172088,53
Song_0004412,Taylor Swift,Divide,252373,28
Song_0004413,Imagine Dragons,Divide,281578,4
Song_0004414,Rihanna,When We All Fall Asleep,298211,97
Song_0004415,Ed Sheeran,Divide,195153,81
Song_0004416,Ed Sheeran,Scorpion,265699,43
Song_0004417,Ed Sheeran,Justice,167386,3
Song_0004418,Imagine Dragons,Anti,233243,11
Song_0004419,Justin Bieber,Anti,195470,34
Song_0004420,Imagine Dragons,When We All Fall Asleep,309974,52
Song_0004421,Adele,Future Nostalgia,200538,72
Song_0004422,Rihanna,Justice,204190,14
Song_0004423,Rihanna,Scorpion,231773,64
Song_0004424,Dua Lipa,Evolve,287276,6
Song_0004425,The Weeknd,Justice,237774,62
Song_0004426,Billie Eilish,Anti,139079,16
Song_0004427,Rihanna,Future Nostalgia,187611,10
Song_0004428,Taylor Swift,Anti,240828,25
Song_0004429,Justin Bieber,Anti,253763,60
Song_0004430,The Weeknd,Divide,238303,25
Song_0004431,Justin Bieber,Scorpion,314848,29
Song_0004432,Taylor Swift,After Hours,231674,15
Song_0004433,Taylor Swift,Divide,183209,88
Song_0004434,The Weeknd,When We All Fall Asleep,214961,83
Song_0004435,Ed Sheeran,Scorpion,151827,57
Song_0004436,Adele,Midnights,269959,66
Song_0004437,Rihanna,When We All Fall Asleep,235302,82
Song_0004438,Billie Eilish,25,220652,10
Song_0004439,Adele,When We All Fall Asleep,127834,52
Song_0004440,Rihanna,When We All Fall Asleep,224472,100
Song_0004441,Ed Sheeran,Justice,299208,79
Song_0004442,Dua Lipa,Scorpion,179964,39
Song_0004443,Adele,Future Nostalgia,263436,55
Song_0004444,Adele,Anti,144886,79
Song_0004445,Rihanna,Future Nostalgia,272006,95
Song_0004446,Imagine Dragons,After Hours,143435,58
Song_0004447,Imagine Dragons,Anti,207738,18
Song_0004448,Drake,Future Nostalgia,295662,89
Song_0004449,Billie Eilish,25,232077,98
Song_0004450,Drake,Midnights,286785,93
Song_0004451,Dua Lipa,Future Nostalgia,218491,26
Song_0004452,Adele,Divide,317108,49
Song_0004453,Justin Bieber,Future Nostalgia,233469,92
Song_0004454,Rihanna,25,271885,48
Song_0004455,Adele,Divide,256856,3
Song_0004456,Adele,When We All Fall Asleep,313575,100
Song_0004457,The Weeknd,Anti,220961,72
Song_0004458,Billie Eilish,Justice,203799,57
Song_0004459,Adele,Scorpion,205417,29
Song_0004460,Drake,Divide,133029,61
Song_0004461,Adele,Anti,254237,49
Song_0004462,Rihanna,Justice,289332,28
Song_0004463,Justin Bieber,Future Nostalgia,246446,48
Song_0004464,Adele,After Hours,262108,58
Song_0004465,Drake,When We All Fall Asleep,120111,22
Song_0004466,Adele,Future Nostalgia,287380,73
Song_0004467,Ed Sheeran,Future Nostalgia,188165,81
Song_0004468,Imagine Dragons,Justice,276908,16
Song_0004469,Imagine Dragons,25,230826,22
Song_0004470,Rihanna,Divide,241587,23
Song_0004471,Ed Sheeran,Midnights,197178,42
Song_0004472,Ed Sheeran,Justice,238714,77
Song_0004473,Ed Sheeran,Justice,194601,45
Song_0004474,Drake,Scorpion,152607,89
Song_0004475,Drake,Anti,223305,7
Song_0004476,Justin Bieber,After Hours,193763,48
Song_0004477,Imagine Dragons,25,139969,100
Song_0004478,Adele,Justice,128409,87
Song_0004479,Taylor Swift,Anti,189419,97
Song_0004480,Adele,When We All Fall Asleep,297393,9
Song_0004481,Adele,25,315524,80
Song_0004482,Drake,Justice,238359,31
Song_0004483,The Weeknd,When We All Fall Asleep,161499,67
Song_0004484,Imagine Dragons,Evolve,269068,42
Song_0004485,Billie Eilish,Midnights,267743,72
Song_0004486,The Weeknd,Divide,273688,66
Song_0004487,The Weeknd,Midnights,315728,71
Song_0004488,The Weeknd,Midnights,189320,58
Song_0004489,Billie Eilish,25,125226,64
Song_0004490,Imagine Dragons,After Hours,284845,72
Song_0004491,Taylor Swift,Future Nostalgia,191732,17
Song_0004492,Taylor Swift,Midnights,207758,54
Song_0004493,Rihanna,Anti,124065,58
Song_0004494,Billie Eilish,After Hours,234590,98
Song_0004495,Dua Lipa,Future Nostalgia,273677,94
Song_0004496,Rihanna,Anti,200827,42
Song_0004497,Justin Bieber,When We All Fall Asleep,166273,82
Song_0004498,Rihanna,Anti,306329,56
Song_0004499,Drake,Anti,269529,82
Song_0004500,The Weeknd,Divide,310522,75
Song_0004501,Rihanna,Divide,168812,25
Song_0004502,Billie Eilish,Evolve,189535,80
Song_0004503,Adele,Evolve,241617,92
Song_0004504,Ed Sheeran,Anti,304586,54
Song_0004505,Rihanna,Divide,276011,93
Song_0004506,Imagine Dragons,Midnights,295442,44
Song_0004507,Justin Bieber,Scorpion,207045,39
Song_0004508,Justin Bieber,Future Nostalgia,218394,99
Song_0004509,Ed Sheeran,After Hours,281430,38
Song_0004510,Dua Lipa,Evolve,248215,50
Song_0004511,Justin Bieber,Justice,194378,69
Song_0004512,Rihanna,When We All Fall Asleep,181219,90
Song_0004513,Justin Bieber,Scorpion,253877,74
Song_0004514,Dua Lipa,Anti,191039,29
Song_0004515,Billie Eilish,After Hours,277410,90
Song_0004516,Adele,Scorpion,279303,91
Song_0004517,Taylor Swift,Divide,154933,14
Song_0004518,Imagine Dragons,Justice,122042,24
Song_0004519,The Weeknd,Anti,229247,93
Song_0004520,Dua Lipa,When We All Fall Asleep,207752,81
Song_0004521,The Weeknd,25,227535,24
Song_0004522,Drake,Divide,309031,20
Song_0004523,Dua Lipa,Scorpion,311862,8
Song_0004524,Justin Bieber,Future Nostalgia,160060,81
Song_0004525,Imagine Dragons,Divide,287160,14
Song_0004526,Billie Eilish,Future Nostalgia,232112,93
Song_0004527,Justin Bieber,Scorpion,224372,9
Song_0004528,Billie Eilish,25,161066,100
Song_0004529,Taylor Swift,Scorpion,193286,96
Song_0004530,Imagine Dragons,Divide,232771,73
Song_0004531,Ed Sheeran,Anti,282996,62
Song_0004532,Rihanna,Future Nostalgia,269944,10
Song_0004533,Ed Sheeran,Future Nostalgia,162761,57
Song_0004534,Adele,Justice,145598,91
Song_0004535,Rihanna,Future Nostalgia,216954,22
Song_0004536,Drake,Evolve,264626,48
Song_0004537,Adele,25,243189,68
Song_0004538,Imagine Dragons,Justice,180373,63
Song_0004539,Rihanna,After Hours,314786,76
Song_0004540,Billie Eilish,After Hours,313137,70
Song_0004541,Rihanna,After Hours,154068,7
Song_0004542,The Weeknd,Divide,251569,30
Song_0004543,Drake,Future Nostalgia,199624,29
Song_0004544,Dua Lipa,25,250044,91
Song_0004545,Dua Lipa,Midnights,172761,93
Song_0004546,Rihanna,When We All Fall Asleep,169181,11
Song_0004547,Dua Lipa,Justice,308841,59
Song_0004548,Justin Bieber,Scorpion,247265,13
Song_0004549,Adele,Justice,192797,32
Song_0004550,Rihanna,Midnights,232526,16
Song_0004551,The Weeknd,Divide,165615,1
Song_0004552,Adele,Evolve,144662,19
Song_0004553,Taylor Swift,Evolve,193471,65
Song_0004554,Ed Sheeran,Midnights,191433,92
Song_0004555,Imagine Dragons,Divide,121596,6
Song_0004556,The Weeknd,Scorpion,213744,72
Song_0004557,Billie Eilish,Evolve,148488,45
Song_0004558,The Weeknd,Midnights,179500,26
Song_0004559,Dua Lipa,When We All Fall Asleep,124175,19
Song_0004560,Billie Eilish,Anti,238930,78
Song_0004561,Adele,When We All Fall Asleep,218668,53
Song_0004562,Imagine Dragons,Midnights,138389,59
Song_0004563,Taylor Swift,Midnights,211562,34
Song_0004564,Justin Bieber,25,132841,36
Song_0004565,Drake,Future Nostalgia,177613,19
Song_0004566,Taylor Swift,Anti,217163,94
Song_0004567,Billie Eilish,Evolve,129011,88
Song_0004568,Billie Eilish,When We All Fall Asleep,136992,44
Song_0004569,Ed Sheeran,Justice,313098,76
Song_0004570,Dua Lipa,25,300507,98
Song_0004571,Dua Lipa,Anti,134199,85
Song_0004572,Taylor Swift,When We All Fall Asleep,280209,48
Song_0004573,Ed Sheeran,Evolve,121517,62
Song_0004574,Adele,Evolve,165263,65
Song_0004575,Imagine Dragons,When We All Fall Asleep,151907,5
Song_0004576,Adele,Justice,257055,7
Song_0004577,Imagine Dragons,Midnights,179216,33
Song_0004578,Dua Lipa,After Hours,202637,44
Song_0004579,Dua Lipa,25,244459,76
Song_0004580,Adele,After Hours,216736,48
Song_0004581,Rihanna,After Hours,231189,96
Song_0004582,The Weeknd,Evolve,303070,90
Song_0004583,Adele,Scorpion,171834,13
Song_0004584,Dua Lipa,25,180747,50
Song_0004585,Dua Lipa,Divide,304249,55
Song_0004586,Drake,Scorpion,121297,4
Song_0004587,Ed Sheeran,Evolve,160076,53
Song_0004588,Justin Bieber,When We All Fall Asleep,123844,23
Song_0004589,Justin Bieber,Divide,270788,84
Song_0004590,Drake,Anti,195831,56
Song_0004591,Ed Sheeran,Evolve,276247,86
Song_0004592,Imagine Dragons,Justice,242151,95
Song_0004593,The Weeknd,25,294821,70
Song_0004594,Drake,Midnights,262218,75
Song_0004595,Dua Lipa,Anti,288223,82
Song_0004596,Imagine Dragons,Midnights,253388,26
Song_0004597,Ed Sheeran,Anti,196798,7
Song_0004598,The Weeknd,Anti,251181,82
Song_0004599,Ed Sheeran,Justice,208259,84
Song_0004600,Ed Sheeran,Justice,301672,59
Song_0004601,Rihanna,When We All Fall Asleep,314974,21
Song_0004602,Drake,Midnights,294319,97
Song_0004603,Rihanna,Midnights,281401,86
Song_0004604,Imagine Dragons,25,233970,38
Song_0004605,Taylor Swift,Anti,194869,20
Song_0004606,Drake,Midnights,177393,6
Song_0004607,Imagine Dragons,Anti,231588,62
Song_0004608,Billie Eilish,When We All Fall Asleep,199584,2
Song_0004609,Billie Eilish,After Hours,286773,90
Song_0004610,Rihanna,When We All Fall Asleep,181227,16
Song_0004611,Billie Eilish,When We All Fall Asleep,242644,65
Song_0004612,Taylor Swift,Anti,181936,40
Song_0004613,Rihanna,Evolve,171154,17
Song_0004614,Justin Bieber,When We All Fall Asleep,176310,72
Song_0004615,Rihanna,Scorpion,235727,15
Song_0004616,Ed Sheeran,Evolve,192704,47
Song_0004617,Billie Eilish,Future Nostalgia,191083,17
Song_0004618,Justin Bieber,Justice,173225,53
Song_0004619,Imagine Dragons,Midnights,248586,70
Song_0004620,Taylor Swift,Scorpion,228075,57
Song_0004621,Adele,Evolve,314853,56
Song_0004622,The Weeknd,Evolve,149266,91
Song_0004623,Drake,Scorpion,214337,91
Song_0004624,Rihanna,Justice,240344,23
Song_0004625,Adele,Divide,255923,94
Song_0004626,Dua Lipa,Future Nostalgia,217085,89
Song_0004627,Ed Sheeran,When We All Fall Asleep,165237,84
Song_0004628,Taylor Swift,Justice,252345,29
Song_0004629,Justin Bieber,Future Nostalgia,215692,92
Song_0004630,Billie Eilish,25,263060,1
Song_0004631,Adele,Justice,160084,34
Song_0004632,Dua Lipa,Future Nostalgia,290005,82
Song_0004633,Adele,Midnights,143622,47
Song_0004634,Drake,After Hours,235160,75
Song_0004635,Drake,Anti,272022,100
Song_0004636,Imagine Dragons,Scorpion,307926,95
Song_0004637,Dua Lipa,Evolve,174313,9
Song_0004638,Taylor Swift,Scorpion,264742,48
Song_0004639,Ed Sheeran,When We All Fall Asleep,237122,17
Song_0004640,Imagine Dragons,Anti,171311,81
Song_0004641,Ed Sheeran,Divide,158085,1
Song_0004642,Dua Lipa,Divide,123430,17
Song_0004643,Rihanna,Midnights,192094,41
Song_0004644,Taylor Swift,25,314698,70
Song_0004645,Justin Bieber,Future Nostalgia,293086,8
Song_0004646,Ed Sheeran,Anti,311518,70
Song_0004647,Justin Bieber,Anti,149582,44
Song_0004648,Drake,Evolve,264738,40
Song_0004649,Ed Sheeran,When We All Fall Asleep,129495,15
Song_0004650,Drake,Anti,227529,55
Song_0004651,Billie Eilish,Divide,187833,69
Song_0004652,Dua Lipa,Divide,300173,33
Song_0004653,Taylor Swift,Anti,163790,99
Song_0004654,Drake,25,261454,52
Song_0004655,Adele,Divide,216715,76
Song_0004656,Justin Bieber,25,212976,59
Song_0004657,Justin Bieber,Anti,204644,69
Song_0004658,Ed Sheeran,Scorpion,310781,66
Song_0004659,Ed Sheeran,Scorpion,145318,68
Song_0004660,Ed Sheeran,Scorpion,237827,72
Song_0004661,Billie Eilish,Scorpion,229576,82
Song_0004662,The Weeknd,25,149186,68
Song_0004663,The Weeknd,Future Nostalgia,131938,27
Song_0004664,Dua Lipa,Future Nostalgia,246292,33
Song_0004665,Dua Lipa,Scorpion,123204,1
Song_0004666,Ed Sheeran,Scorpion,235979,5
Song_0004667,Imagine Dragons,25,253576,36
Song_0004668,Imagine Dragons,After Hours,157054,37
Song_0004669,Ed Sheeran,Scorpion,153224,90
Song_0004670,Imagine Dragons,After Hours,196686,88
Song_0004671,Taylor Swift,Evolve,315240,42
Song_0004672,Adele,Evolve,223194,22
Song_0004673,Taylor Swift,After Hours,152788,73
Song_0004674,Imagine Dragons,Anti,129625,10
Song_0004675,Imagine Dragons,Justice,209943,75
Song_0004676,Billie Eilish,Evolve,156455,59
Song_0004677,Drake,Future Nostalgia,182841,71
Song_0004678,Taylor Swift,After Hours,151967,50
Song_0004679,Imagine Dragons,Future Nostalgia,310761,39
Song_0004680,Drake,Future Nostalgia,149504,30
Song_0004681,Ed Sheeran,Justice,244777,64
Song_0004682,Dua Lipa,Divide,286158,1
Song_0004683,The Weeknd,Evolve,212588,29
Song_0004684,Adele,25,272074,65
Song_0004685,Drake,Future Nostalgia,200582,82
Song_0004686,Drake,When We All Fall Asleep,292348,38
Song_0004687,Billie Eilish,Scorpion,232089,40
Song_0004688,Billie Eilish,After Hours,227992,70
Song_0004689,Adele,Midnights,208682,61
Song_0004690,Rihanna,Divide,198487,98
Song_0004691,Drake,Evolve,173372,47
Song_0004692,Billie Eilish,Evolve,275329,42
Song_0004693,Ed Sheeran,After Hours,273809,36
Song_0004694,Adele,25,253584,62
Song_0004695,The Weeknd,25,145925,12
Song_0004696,Billie Eilish,Anti,156145,30
Song_0004697,Adele,Anti,133262,1
Song_0004698,Ed Sheeran,When We All Fall Asleep,251394,83
Song_0004699,Rihanna,Midnights,153582,92
Song_0004700,Ed Sheeran,After Hours,226852,32
Song_0004701,Adele,Future Nostalgia,122715,17
Song_0004702,Adele,25,217949,14
Song_0004703,Taylor Swift,When We All Fall Asleep,218467,88
Song_0004704,The Weeknd,Divide,186716,48
Song_0004705,Billie Eilish,Anti,312738,36
Song_0004706,The Weeknd,Evolve,230725,37
Song_0004707,Drake,Midnights,244547,55
Song_0004708,The Weeknd,Scorpion,288232,43
Song_0004709,Rihanna,Midnights,311223,76
Song_0004710,The Weeknd,Justice,234565,90
Song_0004711,Ed Sheeran,Evolve,304719,24
Song_0004712,Ed Sheeran,When We All Fall Asleep,200377,20
Song_0004713,Imagine Dragons,When We All Fall Asleep,290208,68
Song_0004714,Billie Eilish,Divide,244846,76
Song_0004715,Drake,Justice,155526,98
Song_0004716,Imagine Dragons,Future Nostalgia,276754,96
Song_0004717,Taylor Swift,When We All Fall Asleep,257202,9
Song_0004718,Ed Sheeran,Scorpion,197310,21
Song_0004719,Billie Eilish,Anti,218033,19
Song_0004720,Rihanna,Justice,210038,13
Song_0004721,Imagine Dragons,Scorpion,266034,26
Song_0004722,Rihanna,Justice,194154,51
Song_0004723,Dua Lipa,After Hours,250638,69
Song_0004724,Rihanna,After Hours,170660,59
Song_0004725,Justin Bieber,Midnights,276314,36
Song_0004726,Drake,25,224185,64
Song_0004727,Dua Lipa,Future Nostalgia,167588,94
Song_0004728,Imagine Dragons,Future Nostalgia,280785,70
Song_0004729,Drake,Scorpion,229360,54
Song_0004730,Rihanna,Justice,138153,65
Song_0004731,Rihanna,Future Nostalgia,170359,14
Song_0004732,The Weeknd,Future Nostalgia,190456,70
Song_0004733,Ed Sheeran,Scorpion,302062,30
Song_0004734,Rihanna,25,210590,74
Song_0004735,Billie Eilish,Divide,129204,38
Song_0004736,Drake,Scorpion,211739,2
Song_0004737,Dua Lipa,Midnights,311979,89
Song_0004738,The Weeknd,Evolve,217923,99
Song_0004739,Adele,After Hours,165281,90
Song_0004740,Rihanna,Divide,129794,76
Song_0004741,Drake,25,269230,57
Song_0004742,Adele,Future Nostalgia,149150,57
Song_0004743,Billie Eilish,Evolve,184274,34
Song_0004744,Drake,Midnights,161505,15
Song_0004745,Drake,Scorpion,214837,64
Song_0004746,Adele,Future Nostalgia,120362,98
Song_0004747,Justin Bieber,Justice,254664,64
Song_0004748,Ed Sheeran,Anti,219603,35
Song_0004749,Drake,25,270294,90
Song_0004750,Drake,After Hours,156202,83
Song_0004751,The Weeknd,Evolve,298456,49
Song_0004752,The Weeknd,After Hours,308961,49
Song_0004753,Taylor Swift,Future Nostalgia,213206,44
Song_0004754,Billie Eilish,Future Nostalgia,182055,14
Song_0004755,Dua Lipa,Midnights,185545,31
Song_0004756,Justin Bieber,Justice,185610,87
Song_0004757,Adele,When We All Fall Asleep,124701,75
Song_0004758,Adele,Divide,316445,79
Song_0004759,Taylor Swift,Anti,319917,13
Song_0004760,Adele,When We All Fall Asleep,257888,25
Song_0004761,Taylor Swift,Anti,277631,20
Song_0004762,Imagine Dragons,Scorpion,161488,29
Song_0004763,Dua Lipa,Evolve,183361,24
Song_0004764,Imagine Dragons,Divide,301922,88
Song_0004765,Drake,After Hours,213562,10
Song_0004766,Dua Lipa,Evolve,180263,5
Song_0004767,Justin Bieber,When We All Fall Asleep,300977,85
Song_0004768,Ed Sheeran,Midnights,136239,68
Song_0004769,Drake,Midnights,283455,18
Song_0004770,The Weeknd,Anti,168829,59
Song_0004771,Taylor Swift,Justice,203037,40
Song_0004772,Imagine Dragons,When We All Fall Asleep,182962,77
Song_0004773,Drake,Future Nostalgia,244492,56
Song_0004774,Taylor Swift,Evolve,260054,82
Song_0004775,The Weeknd,Anti,247054,79
Song_0004776,Billie Eilish,Evolve,231353,31
Song_0004777,The Weeknd,Scorpion,266316,38
Song_0004778,Justin Bieber,Anti,259631,70
Song_0004779,Adele,Midnights,196014,47
Song_0004780,Adele,Future Nostalgia,277631,91
Song_0004781,The Weeknd,Evolve,267922,18
Song_0004782,Dua Lipa,Justice,218364,59
Song_0004783,Rihanna,Anti,128627,26
Song_0004784,The Weeknd,Scorpion,287901,60
Song_0004785,Justin Bieber,Anti,137411,34
Song_0004786,The Weeknd,Evolve,302166,47
Song_0004787,Taylor Swift,Divide,121536,69
Song_0004788,Drake,Midnights,162418,64
Song_0004789,Imagine Dragons,25,231921,78
Song_0004790,Ed Sheeran,25,137340,13
Song_0004791,Taylor Swift,Future Nostalgia,140667,80
Song_0004792,Adele,Midnights,211894,11
Song_0004793,Ed Sheeran,Divide,172297,24
Song_0004794,Drake,Midnights,197396,3
Song_0004795,Ed Sheeran,Midnights,170641,56
Song_0004796,Adele,Scorpion,184919,100
Song_0004797,Dua Lipa,When We All Fall Asleep,200347,35
Song_0004798,Ed Sheeran,Anti,300080,82
Song_0004799,Taylor Swift,Scorpion,244383,37
Song_0004800,Imagine Dragons,Midnights,154259,65
Song_0004801,The Weeknd,Evolve,271074,94
Song_0004802,Ed Sheeran,Midnights,299532,10
Song_0004803,Billie Eilish,Divide,291073,6
Song_0004804,The Weeknd,Future Nostalgia,134125,59
Song_0004805,Adele,When We All Fall Asleep,226129,67
Song_0004806,Adele,After Hours,311023,52
Song_0004807,Imagine Dragons,After Hours,300800,52
Song_0004808,Justin Bieber,After Hours,222617,97
Song_0004809,Imagine Dragons,Scorpion,197054,80
Song_0004810,Ed Sheeran,Justice,258088,96
Song_0004811,Drake,25,192925,83
Song_0004812,Justin Bieber,25,158044,76
Song_0004813,Dua Lipa,Divide,136454,59
Song_0004814,Justin Bieber,Evolve,279928,51
Song_0004815,Billie Eilish,When We All Fall Asleep,253449,50
Song_0004816,Ed Sheeran,When We All Fall Asleep,285629,26
Song_0004817,Justin Bieber,Scorpion,251568,71
Song_0004818,The Weeknd,Anti,281550,100
Song_0004819,Justin Bieber,25,179816,92
Song_0004820,Drake,After Hours,207277,62
Song_0004821,Imagine Dragons,Scorpion,278442,14
Song_0004822,Justin Bieber,Midnights,234090,52
Song_0004823,Taylor Swift,Justice,173416,90
Song_0004824,Billie Eilish,After Hours,269160,20
Song_0004825,Ed Sheeran,Scorpion,233229,13
Song_0004826,Dua Lipa,When We All Fall Asleep,203642,85
Song_0004827,Taylor Swift,25,311918,8
Song_0004828,Taylor Swift,Evolve,178051,76
Song_0004829,Drake,After Hours,170912,39
Song_0004830,The Weeknd,Evolve,246474,57
Song_0004831,Ed Sheeran,When We All Fall Asleep,179540,25
Song_0004832,Ed Sheeran,Divide,130232,46
Song_0004833,Adele,25,282274,29
Song_0004834,Drake,25,201251,73
Song_0004835,Billie Eilish,25,314104,18
Song_0004836,Rihanna,Midnights,149652,23
Song_0004837,Imagine Dragons,Evolve,264284,96
Song_0004838,The Weeknd,After Hours,165790,23
Song_0004839,Adele,25,229941,32
Song_0004840,Drake,When We All Fall Asleep,163605,41
Song_0004841,Taylor Swift,After Hours,256513,1
Song_0004842,The Weeknd,After Hours,234272,22
Song_0004843,Drake,25,298644,22
Song_0004844,Ed Sheeran,Justice,186097,48
Song_0004845,Rihanna,After Hours,280624,60
Song_0004846,Imagine Dragons,When We All Fall Asleep,163946,33
Song_0004847,Taylor Swift,Midnights,164354,56
Song_0004848,Billie Eilish,Divide,128316,94
Song_0004849,The Weeknd,Justice,214275,94
Song_0004850,Taylor Swift,25,150284,77
Song_0004851,Rihanna,When We All Fall Asleep,149238,62
Song_0004852,Billie Eilish,Anti,195499,53
Song_0004853,Justin Bieber,Divide,278973,42
Song_0004854,Adele,Future Nostalgia,150039,24
Song_0004855,The Weeknd,Justice,269188,75
Song_0004856,Adele,Justice,204239,99
Song_0004857,Dua Lipa,Anti,141070,98
Song_0004858,Taylor Swift,Justice,286931,96
Song_0004859,Rihanna,Evolve,289493,18
Song_0004860,Rihanna,Divide,158572,43
Song_0004861,Billie Eilish,Midnights,261771,75
Song_0004862,The Weeknd,Midnights,276543,73
Song_0004863,Adele,Scorpion,213316,35
Song_0004864,Drake,Future Nostalgia,179241,56
Song_0004865,The Weeknd,Scorpion,313914,14
Song_0004866,Adele,When We All Fall Asleep,280275,44
Song_0004867,Taylor Swift,Scorpion,218990,52
Song_0004868,The Weeknd,Divide,318667,79
Song_0004869,Adele,When We All Fall Asleep,248747,31
Song_0004870,Dua Lipa,Anti,194644,95
Song_0004871,Ed Sheeran,Anti,287823,61
Song_0004872,Imagine Dragons,When We All Fall Asleep,124748,10
Song_0004873,Drake,Anti,312234,11
Song_0004874,Taylor Swift,After Hours,214943,54
Song_0004875,Ed Sheeran,Anti,205845,44
Song_0004876,Taylor Swift,Justice,203505,26
Song_0004877,Rihanna,Scorpion,244288,85
Song_0004878,Justin Bieber,25,303890,70
Song_0004879,The Weeknd,25,251046,14
Song_0004880,Adele,Justice,269660,26
Song_0004881,Dua Lipa,Divide,313593,28
Song_0004882,Billie Eilish,Anti,252731,79
Song_0004883,Drake,Divide,129387,71
Song_0004884,Justin Bieber,When We All Fall Asleep,144470,21
Song_0004885,Taylor Swift,25,164013,79
Song_0004886,Drake,After Hours,163173,23
Song_0004887,Billie Eilish,Divide,315561,41
Song_0004888,Adele,Divide,290023,51
Song_0004889,Justin Bieber,Evolve,189391,74
Song_0004890,Ed Sheeran,Evolve,242991,44
Song_0004891,Ed Sheeran,Evolve,269317,39
Song_0004892,The Weeknd,Midnights,297306,17
Song_0004893,Rihanna,Anti,132585,68
Song_0004894,Dua Lipa,Future Nostalgia,263748,19
Song_0004895,Justin Bieber,Evolve,198011,30
Song_0004896,Drake,Justice,136857,19
Song_0004897,Ed Sheeran,Anti,218241,10
Song_0004898,The Weeknd,Anti,314939,26
Song_0004899,Billie Eilish,When We All Fall Asleep,242644,28
Song_0004900,Justin Bieber,Justice,175096,45
Song_0004901,Rihanna,Divide,214672,40
Song_0004902,Billie Eilish,Justice,315909,84
Song_0004903,Dua Lipa,Anti,142970,27
Song_0004904,Adele,Justice,128631,62
Song_0004905,Justin Bieber,Midnights,186277,52
Song_0004906,Rihanna,After Hours,245524,52
Song_0004907,Taylor Swift,Midnights,263082,16
Song_0004908,Adele,Future Nostalgia,195911,34
Song_0004909,Justin Bieber,When We All Fall Asleep,155163,59
Song_0004910,Ed Sheeran,Future Nostalgia,287215,51
Song_0004911,Drake,Midnights,186351,25
Song_0004912,Imagine Dragons,Midnights,189560,99
Song_0004913,The Weeknd,Midnights,238824,33
Song_0004914,Imagine Dragons,Justice,174052,6
Song_0004915,Billie Eilish,Scorpion,176786,48
Song_0004916,Dua Lipa,After Hours,127676,66
Song_0004917,Dua Lipa,Midnights,126754,93
Song_0004918,Dua Lipa,Evolve,208771,71
Song_0004919,Adele,Anti,205191,71
Song_0004920,Dua Lipa,Justice,238445,32
Song_0004921,Imagine Dragons,After Hours,240980,8
Song_0004922,Billie Eilish,When We All Fall Asleep,213976,64
Song_0004923,Drake,Evolve,144537,34
Song_0004924,Justin Bieber,Scorpion,285065,46
Song_0004925,Dua Lipa,Anti,190317,40
Song_0004926,Rihanna,Scorpion,155355,61
Song_0004927,Justin Bieber,Anti,271049,80
Song_0004928,Billie Eilish,Midnights,141946,15
Song_0004929,Taylor Swift,Midnights,270169,99
Song_0004930,Ed Sheeran,After Hours,291435,89
Song_0004931,Rihanna,Anti,152674,42
Song_0004932,Justin Bieber,Scorpion,251077,37
Song_0004933,Taylor Swift,Evolve,271742,98
Song_0004934,Drake,After Hours,315929,84
Song_0004935,Drake,Justice,186713,15
Song_0004936,Dua Lipa,Scorpion,290749,1
Song_0004937,Drake,Evolve,162840,4
Song_0004938,Taylor Swift,Justice,155798,93
Song_0004939,Justin Bieber,Anti,229345,60
Song_0004940,Dua Lipa,Evolve,140756,98
Song_0004941,Ed Sheeran,Scorpion,200934,52
Song_0004942,Dua Lipa,After Hours,273529,7
Song_0004943,Ed Sheeran,Midnights,156662,60
Song_0004944,Drake,Justice,221913,50
Song_0004945,Ed Sheeran,Midnights,256452,53
Song_0004946,Imagine Dragons,When We All Fall Asleep,207611,89
Song_0004947,Billie Eilish,Future Nostalgia,264635,96
Song_0004948,Drake,Scorpion,147841,3
Song_0004949,Billie Eilish,Midnights,253205,54
Song_0004950,Imagine Dragons,Evolve,257210,88
Song_0004951,Ed Sheeran,Anti,267842,83
Song_0004952,Drake,Justice,162709,97
Song_0004953,Dua Lipa,Scorpion,177608,21
Song_0004954,Imagine Dragons,Midnights,167573,6
Song_0004955,Ed Sheeran,25,137890,91
Song_0004956,Rihanna,25,261521,59
Song_0004957,Drake,Divide,126664,45
Song_0004958,Billie Eilish,When We All Fall Asleep,128891,34
Song_0004959,The Weeknd,Anti,241511,65
Song_0004960,Rihanna,Evolve,282582,86
Song_0004961,Justin Bieber,25,254825,89
Song_0004962,Adele,When We All Fall Asleep,137054,81
Song_0004963,The Weeknd,After Hours,131782,52
Song_0004964,Ed Sheeran,Evolve,166494,72
Song_0004965,Dua Lipa,Future Nostalgia,203139,100
Song_0004966,Taylor Swift,Scorpion,177055,34
Song_0004967,Taylor Swift,When We All Fall Asleep,229136,64
Song_0004968,Ed Sheeran,Justice,249394,20
Song_0004969,Imagine Dragons,Justice,177043,75
Song_0004970,Ed Sheeran,After Hours,300237,39
Song_0004971,Imagine Dragons,Divide,136056,37
Song_0004972,Billie Eilish,Scorpion,285541,22
Song_0004973,Ed Sheeran,Justice,316885,55
Song_0004974,Ed Sheeran,When We All Fall Asleep,268026,3
Song_0004975,Rihanna,Future Nostalgia,258187,82
Song_0004976,Rihanna,Future Nostalgia,212476,76
Song_0004977,Imagine Dragons,Justice,306333,59
Song_0004978,Imagine Dragons,Divide,208617,52
Song_0004979,Drake,Evolve,210945,26
Song_0004980,Billie Eilish,Evolve,280619,29
Song_0004981,Ed Sheeran,Justice,192715,87
Song_0004982,Imagine Dragons,When We All Fall Asleep,281827,96
Song_0004983,Rihanna,Future Nostalgia,293988,46
Song_0004984,Taylor Swift,Midnights,260496,84
Song_0004985,Adele,Justice,270168,94
Song_0004986,Billie Eilish,Divide,298857,17
Song_0004987,Dua Lipa,Future Nostalgia,220974,3
Song_0004988,Drake,25,205255,68
Song_0004989,Justin Bieber,Scorpion,242574,12
Song_0004990,Adele,25,309515,74
Song_0004991,Taylor Swift,When We All Fall Asleep,190911,90
Song_0004992,Justin Bieber,Future Nostalgia,132030,50
Song_0004993,Justin Bieber,Justice,232512,64
Song_0004994,Rihanna,Midnights,283815,56
Song_0004995,Drake,Anti,142718,70
Song_0004996,Taylor Swift,Justice,246150,12
Song_0004997,Drake,Midnights,154604,96
Song_0004998,Drake,After Hours,171382,9
Song_0004999,Justin Bieber,Justice,185246,68
Song_0005000,The Weeknd,Future Nostalgia,218192,82
Song_0005001,The Weeknd,Midnights,225013,83
Song_0005002,Imagine Dragons,Evolve,131402,6
Song_0005003,Imagine Dragons,Anti,239153,57
Song_0005004,Rihanna,Evolve,287890,24
Song_0005005,Imagine Dragons,Midnights,172575,34
Song_0005006,Justin Bieber,Midnights,186534,83
Song_0005007,Adele,Justice,302818,81
Song_0005008,The Weeknd,Justice,217521,33
Song_0005009,Imagine Dragons,25,313144,32
Song_0005010,Rihanna,After Hours,272636,41
Song_0005011,Dua Lipa,Divide,307921,24
Song_0005012,The Weeknd,Anti,178978,82
Song_0005013,Adele,Anti,142933,6
Song_0005014,Justin Bieber,Scorpion,175070,27
Song_0005015,The Weeknd,When We All Fall Asleep,167268,75
Song_0005016,Ed Sheeran,25,272253,99
Song_0005017,Ed Sheeran,25,168799,16
Song_0005018,Taylor Swift,Anti,130469,69
Song_0005019,Drake,Justice,312743,98
Song_0005020,Rihanna,Anti,304101,65
Song_0005021,Rihanna,Justice,197987,69
Song_0005022,Taylor Swift,Justice,211128,51
Song_0005023,Ed Sheeran,Justice,306791,9
Song_0005024,Drake,After Hours,160579,46
Song_0005025,Justin Bieber,Justice,231094,8
Song_0005026,Ed Sheeran,Midnights,203320,45
Song_0005027,Justin Bieber,Evolve,261006,63
Song_0005028,Adele,Anti,283454,46
Song_0005029,The Weeknd,Future Nostalgia,231000,75
Song_0005030,Justin Bieber,When We All Fall Asleep,203251,43
Song_0005031,Rihanna,When We All Fall Asleep,240616,21
Song_0005032,The Weeknd,Anti,211498,50
Song_0005033,Imagine Dragons,Midnights,153161,77
Song_0005034,Adele,After Hours,192623,48
Song_0005035,Billie Eilish,25,207875,31
Song_0005036,Taylor Swift,Divide,227593,65
Song_0005037,Taylor Swift,After Hours,190547,51
Song_0005038,Billie Eilish,Anti,234111,84
Song_0005039,Dua Lipa,Future Nostalgia,309588,9
Song_0005040,Ed Sheeran,After Hours,252364,26
Song_0005041,Rihanna,Future Nostalgia,317184,28
Song_0005042,Drake,25,272763,65
Song_0005043,Adele,Evolve,130117,52
Song_0005044,Adele,Divide,169706,14
Song_0005045,Taylor Swift,Midnights,252674,74
Song_0005046,Dua Lipa,When We All Fall Asleep,217909,4
Song_0005047,Adele,When We All Fall Asleep,232481,58
Song_0005048,The Weeknd,Anti,312257,36
Song_0005049,Dua Lipa,Scorpion,298524,85
Song_0005050,Drake,Anti,306998,43
Song_0005051,Imagine Dragons,Scorpion,262478,96
Song_0005052,Imagine Dragons,Midnights,201213,7
Song_0005053,Imagine Dragons,Divide,298407,82
Song_0005054,Dua Lipa,Anti,206467,21
Song_0005055,Billie Eilish,Anti,171292,84
Song_0005056,Justin Bieber,Midnights,179651,71
Song_0005057,Billie Eilish,Future Nostalgia,312249,68
Song_0005058,Taylor Swift,Scorpion,156010,90
Song_0005059,Adele,Justice,292299,69
Song_0005060,Ed Sheeran,When We All Fall Asleep,252850,72
Song_0005061,The Weeknd,Midnights,289352,61
Song_0005062,Rihanna,Justice,147288,16
Song_0005063,Ed Sheeran,After Hours,276227,30
Song_0005064,Rihanna,Future Nostalgia,278056,19
Song_0005065,Rihanna,Future Nostalgia,200760,11
Song_0005066,Ed Sheeran,Midnights,142166,35
Song_0005067,Justin Bieber,After Hours,170996,44
Song_0005068,Billie Eilish,After Hours,148699,75
Song_0005069,Ed Sheeran,25,185289,57
Song_0005070,Justin Bieber,Scorpion,144430,81
Song_0005071,Justin Bieber,Midnights,200359,78
Song_0005072,The Weeknd,Anti,155460,41
Song_0005073,Dua Lipa,Evolve,251783,55
Song_0005074,Ed Sheeran,Justice,185194,9
Song_0005075,Drake,Anti,213791,78
Song_0005076,Billie Eilish,Divide,123679,41
Song_0005077,The Weeknd,25,228825,31
Song_0005078,The Weeknd,Future Nostalgia,303733,55
Song_0005079,Justin Bieber,After Hours,169323,72
Song_0005080,Taylor Swift,Justice,145966,26
Song_0005081,Justin Bieber,When We All Fall Asleep,194476,99
Song_0005082,The Weeknd,Anti,237505,96
Song_0005083,The Weeknd,25,252709,74
Song_0005084,Billie Eilish,Evolve,179418,89
Song_0005085,Ed Sheeran,Divide,221821,52
Song_0005086,Billie Eilish,25,120356,34
Song_0005087,The Weeknd,Scorpion,253889,95
Song_0005088,Drake,Midnights,155277,50
Song_0005089,Adele,Future Nostalgia,290075,56
Song_0005090,Dua Lipa,When We All Fall Asleep,234259,94
Song_0005091,Justin Bieber,Evolve,180560,54
Song_0005092,Taylor Swift,Future Nostalgia,265476,86
Song_0005093,Dua Lipa,Justice,272015,32
Song_0005094,Drake,Scorpion,283207,52
Song_0005095,Justin Bieber,Justice,277309,87
Song_0005096,The Weeknd,Scorpion,142544,29
Song_0005097,Justin Bieber,Evolve,239478,18
Song_0005098,Rihanna,Anti,123585,98
Song_0005099,Dua Lipa,Future Nostalgia,214975,68
Song_0005100,Dua Lipa,When We All Fall Asleep,144028,71
Song_0005101,Billie Eilish,Anti,266527,37
Song_0005102,Drake,After Hours,233512,6
Song_0005103,The Weeknd,Midnights,276634,34
Song_0005104,Adele,Midnights,281887,93
Song_0005105,Imagine Dragons,Midnights,235692,11
Song_0005106,Rihanna,Midnights,121056,9
Song_0005107,Billie Eilish,After Hours,168483,6
Song_0005108,Ed Sheeran,Scorpion,256918,92
Song_0005109,Billie Eilish,25,183703,41
Song_0005110,Billie Eilish,Divide,254335,43
Song_0005111,Ed Sheeran,Divide,274819,7
Song_0005112,Dua Lipa,Scorpion,219329,68
Song_0005113,The Weeknd,When We All Fall Asleep,221783,66
Song_0005114,Ed Sheeran,Divide,126844,74
Song_0005115,The Weeknd,Midnights,300719,53
Song_0005116,Drake,Future Nostalgia,130098,66
Song_0005117,Billie Eilish,25,183463,81
Song_0005118,Imagine Dragons,25,120311,19
Song_0005119,Adele,Midnights,165148,24
Song_0005120,Taylor Swift,When We All Fall Asleep,125853,76
Song_0005121,Ed Sheeran,Justice,315135,49
Song_0005122,Ed Sheeran,25,299609,54
Song_0005123,Adele,Future Nostalgia,185708,1
Song_0005124,Drake,When We All Fall Asleep,210041,65
Song_0005125,Billie Eilish,When We All Fall Asleep,216683,51
Song_0005126,Ed Sheeran,After Hours,227422,88
Song_0005127,Dua Lipa,When We All Fall Asleep,223985,69
Song_0005128,Billie Eilish,25,284024,73
Song_0005129,Imagine Dragons,When We All Fall Asleep,276080,47
Song_0005130,Rihanna,25,124285,5
Song_0005131,Drake,25,174427,3
Song_0005132,Billie Eilish,Anti,179519,19
Song_0005133,Ed Sheeran,Midnights,196798,1
Song_0005134,Taylor Swift,Evolve,264570,13
Song_0005135,Dua Lipa,Evolve,146604,71
Song_0005136,Taylor Swift,Midnights,133368,41
Song_0005137,The Weeknd,Justice,284815,82
Song_0005138,Ed Sheeran,25,265215,63
Song_0005139,Dua Lipa,Anti,236750,95
Song_0005140,Rihanna,Anti,238168,91
Song_0005141,Dua Lipa,Justice,142444,42
Song_0005142,Dua Lipa,When We All Fall Asleep,145228,18
Song_0005143,The Weeknd,Evolve,312227,61
Song_0005144,Imagine Dragons,Anti,135683,86
Song_0005145,The Weeknd,When We All Fall Asleep,204362,82
Song_0005146,Dua Lipa,Anti,133741,1
Song_0005147,Billie Eilish,Justice,204222,19
Song_0005148,Rihanna,Future Nostalgia,273412,33
Song_0005149,Drake,25,233189,71
Song_0005150,Ed Sheeran,When We All Fall Asleep,146708,96
Song_0005151,Taylor Swift,Justice,263436,47
Song_0005152,Rihanna,Evolve,253109,98
Song_0005153,Adele,When We All Fall Asleep,198312,69
Song_0005154,The Weeknd,Anti,276913,5
Song_0005155,Rihanna,When We All Fall Asleep,281354,42
Song_0005156,Adele,Justice,145202,87
Song_0005157,Justin Bieber,Evolve,185276,9
Song_0005158,Dua Lipa,Future Nostalgia,172887,4
Song_0005159,The Weeknd,Evolve,136175,13
Song_0005160,Imagine Dragons,Midnights,148352,47
Song_0005161,Imagine Dragons,When We All Fall Asleep,230293,57
Song_0005162,Imagine Dragons,Future Nostalgia,204575,30
Song_0005163,Billie Eilish,When We All Fall Asleep,225231,90
Song_0005164,Rihanna,Future Nostalgia,206022,26
Song_0005165,The Weeknd,Midnights,195318,58
Song_0005166,Justin Bieber,Midnights,279619,5
Song_0005167,The Weeknd,After Hours,233128,16
Song_0005168,Rihanna,Evolve,225465,52
Song_0005169,Taylor Swift,Midnights,209871,45
Song_0005170,Adele,25,235638,59
Song_0005171,Drake,When We All Fall Asleep,255379,68
Song_0005172,Adele,Midnights,224815,68
Song_0005173,Justin Bieber,When We All Fall Asleep,224636,82
Song_0005174,Imagine Dragons,When We All Fall Asleep,237130,36
Song_0005175,Rihanna,25,149410,51
Song_0005176,Dua Lipa,25,269646,29
Song_0005177,Billie Eilish,Scorpion,144938,61
Song_0005178,Billie Eilish,Midnights,194627,11
Song_0005179,Drake,After Hours,307397,4
Song_0005180,Billie Eilish,Anti,235776,57
Song_0005181,Justin Bieber,Evolve,272779,30
Song_0005182,Ed Sheeran,Justice,308154,38
Song_0005183,Drake,Divide,209764,10
Song_0005184,Adele,After Hours,129252,25
Song_0005185,The Weeknd,Future Nostalgia,257389,38
Song_0005186,Dua Lipa,Scorpion,207870,99
Song_0005187,The Weeknd,After Hours,125639,66
Song_0005188,The Weeknd,25,143994,68
Song_0005189,Drake,Future Nostalgia,126358,79
Song_0005190,Imagine Dragons,Evolve,155286,1
Song_0005191,Dua Lipa,After Hours,232706,10
Song_0005192,Billie Eilish,After Hours,185753,63
Song_0005193,Dua Lipa,Justice,133630,32
Song_0005194,Billie Eilish,Midnights,264138,26
Song_0005195,Taylor Swift,Scorpion,179115,17
Song_0005196,Ed Sheeran,Future Nostalgia,301601,28
Song_0005197,Taylor Swift,Future Nostalgia,272546,72
Song_0005198,Imagine Dragons,After Hours,277446,97
Song_0005199,The Weeknd,Midnights,260861,5
Song_0005200,Drake,When We All Fall Asleep,122975,80
Song_0005201,Justin Bieber,25,175009,95
Song_0005202,Taylor Swift,Evolve,138659,44
Song_0005203,Rihanna,When We All Fall Asleep,312014,66
Song_0005204,Taylor Swift,When We All Fall Asleep,208609,42
Song_0005205,Billie Eilish,Justice,156783,6
Song_0005206,Imagine Dragons,25,251485,62
Song_0005207,Justin Bieber,Evolve,257271,97
Song_0005208,Rihanna,Scorpion,297394,54
Song_0005209,Ed Sheeran,When We All Fall Asleep,224748,28
Song_0005210,Justin Bieber,Anti,188299,30
Song_0005211,Taylor Swift,Scorpion,242989,28
Song_0005212,Imagine Dragons,Future Nostalgia,225657,79
Song_0005213,Dua Lipa,Future Nostalgia,299476,10
Song_0005214,Rihanna,Anti,142427,41
Song_0005215,Dua Lipa,After Hours,246684,94
Song_0005216,Drake,Midnights,245863,75
Song_0005217,Rihanna,Scorpion,267698,95
Song_0005218,Justin Bieber,After Hours,197318,18
Song_0005219,Taylor Swift,Justice,222149,68
Song_0005220,Billie Eilish,Midnights,317422,56
Song_0005221,Justin Bieber,25,162917,75
Song_0005222,Imagine Dragons,Midnights,127637,51
Song_0005223,Ed Sheeran,Anti,297142,24
Song_0005224,Billie Eilish,25,185657,1
Song_0005225,Rihanna,When We All Fall Asleep,130898,84
Song_0005226,Adele,Divide,270448,45
Song_0005227,Drake,Scorpion,187621,3
Song_0005228,Dua Lipa,Future Nostalgia,176488,77
Song_0005229,Dua Lipa,Justice,319002,4
Song_0005230,Taylor Swift,25,133345,18
Song_0005231,Drake,25,139729,96
Song_0005232,Billie Eilish,Scorpion,196239,42
Song_0005233,Drake,25,133000,45
Song_0005234,Rihanna,25,158392,77
Song_0005235,Rihanna,Anti,258544,87
Song_0005236,Taylor Swift,Anti,195507,95
Song_0005237,Imagine Dragons,Justice,265391,97
Song_0005238,Dua Lipa,Evolve,286784,7
Song_0005239,Rihanna,Divide,264925,78
Song_0005240,The Weeknd,After Hours,294164,27
Song_0005241,Ed Sheeran,After Hours,123994,40
Song_0005242,The Weeknd,Future Nostalgia,125765,38
Song_0005243,Taylor Swift,After Hours,206353,10
Song_0005244,Taylor Swift,Scorpion,270787,70
Song_0005245,Taylor Swift,Evolve,233301,21
Song_0005246,Taylor Swift,After Hours,126606,60
Song_0005247,Taylor Swift,25,166849,86
Song_0005248,Taylor Swift,Justice,308160,100
Song_0005249,Imagine Dragons,Justice,266986,90
Song_0005250,Drake,When We All Fall Asleep,233045,31
Song_0005251,Adele,Divide,267798,17
Song_0005252,The Weeknd,When We All Fall Asleep,232249,15
Song_0005253,Imagine Dragons,Future Nostalgia,219248,35
Song_0005254,Dua Lipa,Midnights,190967,29
Song_0005255,Taylor Swift,When We All Fall Asleep,237434,18
Song_0005256,Drake,25,284000,35
Song_0005257,Adele,Future Nostalgia,264759,60
Song_0005258,Ed Sheeran,Scorpion,226829,36
Song_0005259,Justin Bieber,Midnights,224722,62
Song_0005260,Adele,After Hours,133987,96
Song_0005261,Imagine Dragons,After Hours,309770,7
Song_0005262,Adele,Justice,186157,20
Song_0005263,Dua Lipa,Future Nostalgia,167162,26
Song_0005264,Taylor Swift,After Hours,300344,20
Song_0005265,Drake,Justice,314619,85
Song_0005266,Rihanna,Evolve,191111,26
Song_0005267,Imagine Dragons,When We All Fall Asleep,203144,82
Song_0005268,Dua Lipa,Scorpion,303855,58
Song_0005269,Dua Lipa,Midnights,178976,66
Song_0005270,Rihanna,Evolve,146345,90
Song_0005271,Billie Eilish,Divide,144693,81
Song_0005272,Ed Sheeran,Midnights,142152,79
Song_0005273,Imagine Dragons,Future Nostalgia,210989,37
Song_0005274,Imagine Dragons,Divide,195227,1
Song_0005275,Imagine Dragons,Midnights,295033,90
Song_0005276,Drake,Scorpion,273333,12
Song_0005277,Billie Eilish,Justice,295076,51
Song_0005278,Taylor Swift,After Hours,199205,33
Song_0005279,Dua Lipa,Justice,300943,76
Song_0005280,Justin Bieber,After Hours,134878,45
Song_0005281,Adele,Evolve,120789,94
Song_0005282,Billie Eilish,Justice,250904,48
Song_0005283,Billie Eilish,Future Nostalgia,273720,33
Song_0005284,Dua Lipa,Evolve,276330,72
Song_0005285,Adele,After Hours,227056,86
Song_0005286,Ed Sheeran,Anti,283480,94
Song_0005287,Drake,Evolve,226443,67
Song_0005288,Taylor Swift,After Hours,315570,78
Song_0005289,Adele,After Hours,138752,51
Song_0005290,Adele,Midnights,191128,36
Song_0005291,Drake,Scorpion,279123,44
Song_0005292,The Weeknd,25,148118,87
Song_0005293,Imagine Dragons,When We All Fall Asleep,140937,67
Song_0005294,The Weeknd,25,179014,77
Song_0005295,Taylor Swift,When We All Fall Asleep,301239,99
Song_0005296,Ed Sheeran,Midnights,221500,62
Song_0005297,Drake,Future Nostalgia,241748,82
Song_0005298,The Weeknd,After Hours,158739,54
Song_0005299,Justin Bieber,Divide,278043,57
Song_0005300,Billie Eilish,Future Nostalgia,123268,90
Song_0005301,The Weeknd,Future Nostalgia,249642,40
Song_0005302,The Weeknd,After Hours,175633,73
Song_0005303,Rihanna,Justice,293217,45
Song_0005304,The Weeknd,Anti,277055,45
Song_0005305,Ed Sheeran,25,168934,17
Song_0005306,The Weeknd,After Hours,296327,98
Song_0005307,Adele,25,285237,21
Song_0005308,Ed Sheeran,Evolve,215424,45
Song_0005309,Imagine Dragons,When We All Fall Asleep,282340,65
Song_0005310,Ed Sheeran,When We All Fall Asleep,174921,89
Song_0005311,Dua Lipa,Midnights,294504,23
Song_0005312,Ed Sheeran,Justice,203052,53
Song_0005313,Billie Eilish,25,282234,52
Song_0005314,The Weeknd,Midnights,215413,49
Song_0005315,Drake,Evolve,158820,90
Song_0005316,Billie Eilish,After Hours,229084,53
Song_0005317,Drake,Anti,197093,50
Song_0005318,Billie Eilish,Evolve,308181,99
Song_0005319,Billie Eilish,Justice,141348,9
Song_0005320,Dua Lipa,Evolve,220395,56
Song_0005321,Imagine Dragons,Anti,170336,10
Song_0005322,Adele,Divide,162507,92
Song_0005323,Adele,Scorpion,224880,43
Song_0005324,Rihanna,After Hours,262897,36
Song_0005325,Ed Sheeran,Evolve,238909,7
Song_0005326,Billie Eilish,When We All Fall Asleep,306417,34
Song_0005327,Taylor Swift,Scorpion,247166,18
Song_0005328,The Weeknd,Scorpion,245466,55
Song_0005329,Ed Sheeran,25,152533,60
Song_0005330,Drake,Evolve,131713,23
Song_0005331,Imagine Dragons,Justice,283766,53
Song_0005332,The Weeknd,25,246317,38
Song_0005333,Taylor Swift,25,249519,88
Song_0005334,Rihanna,Midnights,262060,61
Song_0005335,Rihanna,Divide,181020,98
Song_0005336,Justin Bieber,Evolve,154064,98
Song_0005337,Adele,After Hours,210906,62
Song_0005338,Drake,Anti,146003,41
Song_0005339,Ed Sheeran,Future Nostalgia,243304,77
Song_0005340,Adele,Evolve,250526,40
Song_0005341,Adele,Evolve,299080,24
Song_0005342,Dua Lipa,25,317078,35
Song_0005343,Dua Lipa,Future Nostalgia,281093,84
Song_0005344,Dua Lipa,Scorpion,152767,3
Song_0005345,Drake,Scorpion,294472,24
Song_0005346,The Weeknd,Divide,185750,87
Song_0005347,Imagine Dragons,Anti,166364,72
Song_0005348,Adele,Future Nostalgia,165390,97
Song_0005349,Imagine Dragons,Divide,307468,17
Song_0005350,Imagine Dragons,Midnights,215317,50
Song_0005351,Adele,After Hours,290850,42
Song_0005352,Billie Eilish,After Hours,290472,32
Song_0005353,Justin Bieber,Anti,268567,52
Song_0005354,Ed Sheeran,Divide,316417,34
Song_0005355,Justin Bieber,When We All Fall Asleep,182780,63
Song_0005356,Billie Eilish,Evolve,156366,87
Song_0005357,Dua Lipa,When We All Fall Asleep,310196,9
Song_0005358,Ed Sheeran,Justice,196617,68
Song_0005359,Drake,Midnights,214291,71
Song_0005360,Billie Eilish,25,318193,72
Song_0005361,Billie Eilish,Divide,261759,67
Song_0005362,Dua Lipa,Scorpion,249305,11
Song_0005363,Imagine Dragons,Divide,282684,48
Song_0005364,Billie Eilish,25,162938,27
Song_0005365,Justin Bieber,After Hours,145844,89
Song_0005366,Imagine Dragons,25,270250,61
Song_0005367,Imagine Dragons,When We All Fall Asleep,155939,4
Song_0005368,Rihanna,25,292018,19
Song_0005369,Drake,25,199046,55
Song_0005370,Imagine Dragons,Anti,271349,68
Song_0005371,Justin Bieber,Evolve,205257,5
Song_0005372,Taylor Swift,After Hours,310968,18
Song_0005373,Imagine Dragons,Future Nostalgia,265915,34
Song_0005374,Dua Lipa,After Hours,280334,17
Song_0005375,Rihanna,Future Nostalgia,279536,95
Song_0005376,Rihanna,Anti,159127,95
Song_0005377,Adele,Scorpion,203134,6
Song_0005378,Ed Sheeran,Divide,194570,3
Song_0005379,Taylor Swift,Anti,267953,15
Song_0005380,Adele,Midnights,274203,5
Song_0005381,Ed Sheeran,Evolve,239323,68
Song_0005382,Billie Eilish,Future Nostalgia,123108,1
Song_0005383,Rihanna,25,150306,58
Song_0005384,Taylor Swift,Evolve,143246,96
Song_0005385,Ed Sheeran,Midnights,245721,38
Song_0005386,Adele,Scorpion,227119,85
Song_0005387,Justin Bieber,Anti,214371,79
Song_0005388,Adele,After Hours,171820,38
Song_0005389,The Weeknd,After Hours,237038,94
Song_0005390,The Weeknd,Midnights,310065,88
Song_0005391,Adele,Justice,134364,3
Song_0005392,Adele,Evolve,218505,75
Song_0005393,Taylor Swift,Midnights,313314,66
Song_0005394,Imagine Dragons,Justice,200949,77
Song_0005395,Dua Lipa,Midnights,160634,89
Song_0005396,Adele,Scorpion,292873,76
Song_0005397,Billie Eilish,25,211390,99
Song_0005398,Imagine Dragons,Future Nostalgia,253872,95
Song_0005399,Imagine Dragons,Evolve,147644,91
Song_0005400,Rihanna,25,267069,37
Song_0005401,Imagine Dragons,Justice,272087,33
Song_0005402,Drake,When We All Fall Asleep,303027,32
Song_0005403,The Weeknd,Divide,188658,27
Song_0005404,Adele,Future Nostalgia,193456,69
Song_0005405,Justin Bieber,Anti,125903,68
Song_0005406,Dua Lipa,Evolve,157339,90
Song_0005407,Rihanna,Evolve,154905,93
Song_0005408,Imagine Dragons,When We All Fall Asleep,292211,98
Song_0005409,Taylor Swift,Anti,204041,2
Song_0005410,Adele,After Hours,156312,10
Song_0005411,Taylor Swift,25,247903,19
Song_0005412,Billie Eilish,Anti,200944,17
Song_0005413,Imagine Dragons,After Hours,243237,65
Song_0005414,Justin Bieber,Anti,232043,16
Song_0005415,Taylor Swift,When We All Fall Asleep,300482,8
Song_0005416,Adele,When We All Fall Asleep,124169,13
Song_0005417,Rihanna,25,276822,35
Song_0005418,The Weeknd,Justice,290797,58
Song_0005419,Imagine Dragons,When We All Fall Asleep,170015,23
Song_0005420,Ed Sheeran,Justice,139711,57
Song_0005421,Imagine Dragons,Anti,185371,4
Song_0005422,Dua Lipa,Midnights,266862,56
Song_0005423,Drake,Anti,123930,3
Song_0005424,Taylor Swift,25,242823,43
Song_0005425,Drake,Future Nostalgia,265023,31
Song_0005426,Dua Lipa,Scorpion,272809,95
Song_0005427,The Weeknd,Scorpion,125247,38
Song_0005428,Imagine Dragons,25,238120,4
Song_0005429,Ed Sheeran,Future Nostalgia,239201,85
Song_0005430,Ed Sheeran,Midnights,219088,42
Song_0005431,Drake,After Hours,260231,15
Song_0005432,Drake,Future Nostalgia,259553,51
Song_0005433,Imagine Dragons,Divide,316025,22
Song_0005434,Ed Sheeran,When We All Fall Asleep,288978,4
Song_0005435,Ed Sheeran,Midnights,287031,15
Song_0005436,Adele,Anti,147743,28
Song_0005437,Dua Lipa,After Hours,158407,84
Song_0005438,Ed Sheeran,Evolve,296495,52
Song_0005439,Imagine Dragons,Future Nostalgia,228687,79
Song_0005440,Imagine Dragons,Scorpion,312644,72
Song_0005441,Justin Bieber,Evolve,291885,26
Song_0005442,Ed Sheeran,Midnights,298302,67
Song_0005443,Drake,Divide,141721,22
Song_0005444,Adele,Divide,160940,10
Song_0005445,Rihanna,Scorpion,181048,79
Song_0005446,Drake,Evolve,202015,92
Song_0005447,Ed Sheeran,Scorpion,134558,10
Song_0005448,Justin Bieber,Scorpion,164331,90
Song_0005449,Taylor Swift,Scorpion,217095,4
Song_0005450,Taylor Swift,After Hours,160766,30
Song_0005451,Rihanna,Justice,125305,72
Song_0005452,Billie Eilish,Scorpion,258825,10
Song_0005453,The Weeknd,Scorpion,224104,15
Song_0005454,The Weeknd,Divide,237767,61
Song_0005455,The Weeknd,Midnights,218190,100
Song_0005456,Ed Sheeran,Divide,175599,83
Song_0005457,The Weeknd,After Hours,170990,40
Song_0005458,Justin Bieber,Justice,140378,97
Song_0005459,Dua Lipa,25,144092,23
Song_0005460,Ed Sheeran,Anti,126805,84
Song_0005461,Dua Lipa,Justice,130352,49
Song_0005462,Billie Eilish,Anti,162780,55
Song_0005463,Imagine Dragons,Anti,144865,58
Song_0005464,Ed Sheeran,After Hours,163035,37
Song_0005465,Imagine Dragons,Evolve,195717,62
Song_0005466,Adele,Divide,280200,38
Song_0005467,Taylor Swift,When We All Fall Asleep,216845,88
Song_0005468,Ed Sheeran,Anti,204392,8
Song_0005469,Adele,Midnights,158269,86
Song_0005470,Imagine Dragons,Midnights,274002,47
Song_0005471,Billie Eilish,Evolve,297080,79
Song_0005472,Adele,Justice,141863,27
Song_0005473,Imagine Dragons,Anti,164088,53
Song_0005474,Rihanna,Justice,228962,14
Song_0005475,Billie Eilish,When We All Fall Asleep,178170,75
Song_0005476,Drake,Evolve,204157,43
Song_0005477,Ed Sheeran,Divide,244122,26
Song_0005478,Taylor Swift,Anti,249686,19
Song_0005479,Taylor Swift,Future Nostalgia,149560,44
Song_0005480,Imagine Dragons,Evolve,194482,50
Song_0005481,The Weeknd,Scorpion,235833,22
Song_0005482,Drake,After Hours,185779,32
Song_0005483,Drake,Divide,165409,85
Song_0005484,The Weeknd,Scorpion,302031,74
Song_0005485,Billie Eilish,Midnights,309786,44
Song_0005486,Imagine Dragons,Anti,228434,78
Song_0005487,Adele,Justice,228150,16
Song_0005488,Imagine Dragons,Scorpion,130503,97
Song_0005489,Justin Bieber,Anti,214588,14
Song_0005490,The Weeknd,Justice,128333,18
Song_0005491,Adele,When We All Fall Asleep,184120,85
Song_0005492,Taylor Swift,Anti,159541,76
Song_0005493,Rihanna,When We All Fall Asleep,303103,24
Song_0005494,Billie Eilish,Scorpion,261909,66
Song_0005495,Billie Eilish,Evolve,254604,31
Song_0005496,The Weeknd,Evolve,255246,28
Song_0005497,Taylor Swift,Midnights,213436,42
Song_0005498,Rihanna,25,163336,41
Song_0005499,Dua Lipa,Divide,186177,59
Song_0005500,Ed Sheeran,Future Nostalgia,249495,30
Song_0005501,Billie Eilish,Anti,156022,91
Song_0005502,Imagine Dragons,Scorpion,142710,3
Song_0005503,Justin Bieber,Midnights,191821,81
Song_0005504,The Weeknd,25,314188,1
Song_0005505,Dua Lipa,After Hours,191199,20
Song_0005506,Dua Lipa,After Hours,296821,69
Song_0005507,Rihanna,When We All Fall Asleep,151993,54
Song_0005508,Justin Bieber,Divide,205449,48
Song_0005509,Adele,After Hours,154255,45
Song_0005510,Rihanna,25,241489,47
Song_0005511,The Weeknd,After Hours,295475,89
Song_0005512,Justin Bieber,Justice,297377,53
Song_0005513,Imagine Dragons,Midnights,294209,7
Song_0005514,Billie Eilish,After Hours,272142,89
Song_0005515,Imagine Dragons,When We All Fall Asleep,256238,1
Song_0005516,Billie Eilish,Anti,299973,24
Song_0005517,Ed Sheeran,Anti,259657,93
Song_0005518,Dua Lipa,Midnights,210889,77
Song_0005519,Billie Eilish,Divide,193309,2
Song_0005520,Justin Bieber,Midnights,194034,28
Song_0005521,Imagine Dragons,Anti,142597,2
Song_0005522,Taylor Swift,Divide,293619,7
Song_0005523,The Weeknd,Midnights,146994,70
Song_0005524,Rihanna,Divide,267169,59
Song_0005525,Rihanna,When We All Fall Asleep,254943,81
Song_0005526,The Weeknd,Evolve,190864,60
Song_0005527,Drake,Future Nostalgia,193217,68
Song_0005528,Adele,Anti,301819,44
Song_0005529,Taylor Swift,25,309660,92
Song_0005530,Rihanna,Anti,203712,49
Song_0005531,Dua Lipa,25,200271,78
Song_0005532,Rihanna,Midnights,304651,2
Song_0005533,Taylor Swift,When We All Fall Asleep,196697,34
Song_0005534,The Weeknd,Anti,150566,79
Song_0005535,Imagine Dragons,Justice,298619,43
Song_0005536,Billie Eilish,Anti,169792,1
Song_0005537,Ed Sheeran,25,126163,45
Song_0005538,Billie Eilish,Midnights,274260,19
Song_0005539,Ed Sheeran,25,304575,60
Song_0005540,The Weeknd,After Hours,148720,93
Song_0005541,Drake,Justice,135017,30
Song_0005542,Rihanna,Midnights,293559,36
Song_0005543,Justin Bieber,Justice,314345,26
Song_0005544,The Weeknd,When We All Fall Asleep,234701,14
Song_0005545,Drake,Scorpion,187597,91
Song_0005546,Drake,Anti,159516,12
Song_0005547,Rihanna,When We All Fall Asleep,172941,88
Song_0005548,Taylor Swift,25,136905,96
Song_0005549,Justin Bieber,Future Nostalgia,178821,54
Song_0005550,Justin Bieber,When We All Fall Asleep,268818,97
Song_0005551,Imagine Dragons,Justice,178668,43
Song_0005552,The Weeknd,Divide,269441,81
Song_0005553,Ed Sheeran,Midnights,243783,35
Song_0005554,Justin Bieber,Evolve,189002,63
Song_0005555,Dua Lipa,After Hours,142799,25
Song_0005556,Taylor Swift,Justice,287608,94
Song_0005557,Dua Lipa,25,132686,37
Song_0005558,Taylor Swift,Justice,233083,6
Song_0005559,Taylor Swift,When We All Fall Asleep,131464,17
Song_0005560,Dua Lipa,Divide,257217,8
Song_0005561,Ed Sheeran,Justice,290757,32
Song_0005562,Drake,Midnights,235258,47
Song_0005563,Justin Bieber,Divide,159924,53
Song_0005564,Adele,25,149846,75
Song_0005565,Ed Sheeran,Divide,201018,95
Song_0005566,Billie Eilish,Justice,159492,38
Song_0005567,Justin Bieber,When We All Fall Asleep,190384,23
Song_0005568,Imagine Dragons,Divide,169686,71
Song_0005569,Adele,When We All Fall Asleep,197194,98
Song_0005570,Billie Eilish,Justice,294772,78
Song_0005571,Ed Sheeran,Future Nostalgia,223582,35
Song_0005572,Dua Lipa,Anti,194370,78
Song_0005573,Billie Eilish,When We All Fall Asleep,250178,73
Song_0005574,Justin Bieber,Evolve,288293,42
Song_0005575,Drake,Justice,221205,15
Song_0005576,Taylor Swift,Scorpion,149895,29
Song_0005577,Justin Bieber,After Hours,265210,27
Song_0005578,Ed Sheeran,Midnights,273039,96
Song_0005579,Justin Bieber,Divide,301112,1
Song_0005580,The Weeknd,Divide,232035,3
Song_0005581,Rihanna,After Hours,163230,51
Song_0005582,Adele,Evolve,258954,58
Song_0005583,Drake,Anti,165870,93
Song_0005584,Ed Sheeran,When We All Fall Asleep,282896,16
Song_0005585,Ed Sheeran,When We All Fall Asleep,159951,67
Song_0005586,Adele,Future Nostalgia,162910,75
Song_0005587,Imagine Dragons,Evolve,132414,7
Song_0005588,The Weeknd,Future Nostalgia,157348,92
Song_0005589,Taylor Swift,Scorpion,230595,50
Song_0005590,Justin Bieber,Justice,135569,6
Song_0005591,The Weeknd,Scorpion,149187,78
Song_0005592,Rihanna,When We All Fall Asleep,296379,38
Song_0005593,Ed Sheeran,Justice,303681,100
Song_0005594,Rihanna,25,123779,45
Song_0005595,Justin Bieber,After Hours,281025,7
Song_0005596,Rihanna,Midnights,167738,15
Song_0005597,Imagine Dragons,Scorpion,145440,1
Song_0005598,Rihanna,When We All Fall Asleep,137159,91
Song_0005599,Justin Bieber,Midnights,268120,46
Song_0005600,Adele,Midnights,288266,32
Song_0005601,Imagine Dragons,After Hours,160324,38
Song_0005602,Rihanna,When We All Fall Asleep,300275,28
Song_0005603,The Weeknd,Future Nostalgia,166278,42
Song_0005604,Billie Eilish,Divide,123329,17
Song_0005605,Drake,Future Nostalgia,181098,69
Song_0005606,Billie Eilish,After Hours,188922,79
Song_0005607,The Weeknd,Evolve,125173,24
Song_0005608,Imagine Dragons,Anti,211433,31
Song_0005609,Billie Eilish,When We All Fall Asleep,192791,7
Song_0005610,The Weeknd,When We All Fall Asleep,168295,10
Song_0005611,Imagine Dragons,When We All Fall Asleep,269092,6
Song_0005612,Ed Sheeran,After Hours,192849,69
Song_0005613,Rihanna,After Hours,132947,70
Song_0005614,Imagine Dragons,Divide,212075,41
Song_0005615,Adele,Scorpion,164429,69
Song_0005616,Imagine Dragons,When We All Fall Asleep,276129,53
Song_0005617,Adele,25,182755,95
Song_0005618,The Weeknd,When We All Fall Asleep,238531,79
Song_0005619,Dua Lipa,Future Nostalgia,165609,41
Song_0005620,Ed Sheeran,Justice,209611,14
Song_0005621,Adele,Future Nostalgia,147299,23
Song_0005622,Dua Lipa,Evolve,140875,32
Song_0005623,The Weeknd,Evolve,283108,32
Song_0005624,Adele,Evolve,299928,93
Song_0005625,Taylor Swift,Divide,136383,15
Song_0005626,Imagine Dragons,25,239426,15
Song_0005627,Adele,Justice,251046,28
Song_0005628,Billie Eilish,25,311865,42
Song_0005629,Adele,Evolve,227844,84
Song_0005630,Ed Sheeran,After Hours,270230,90
Song_0005631,Billie Eilish,After Hours,266780,36
Song_0005632,Billie Eilish,Anti,132874,58
Song_0005633,Drake,When We All Fall Asleep,163088,59
Song_0005634,Ed Sheeran,When We All Fall Asleep,131919,27
Song_0005635,Adele,Scorpion,230640,8
Song_0005636,Billie Eilish,Justice,136301,15
Song_0005637,Drake,Evolve,253611,22
Song_0005638,Billie Eilish,Justice,240138,48
Song_0005639,Taylor Swift,Justice,307182,85
Song_0005640,Adele,When We All Fall Asleep,314298,86
Song_0005641,Taylor Swift,Anti,207574,58
Song_0005642,Imagine Dragons,After Hours,163948,90
Song_0005643,Ed Sheeran,Divide,270160,34
Song_0005644,Justin Bieber,Evolve,251893,72
Song_0005645,The Weeknd,Scorpion,194854,24
Song_0005646,Dua Lipa,When We All Fall Asleep,196416,45
Song_0005647,Imagine Dragons,Scorpion,288039,65
Song_0005648,Dua Lipa,25,237942,49
Song_0005649,Dua Lipa,When We All Fall Asleep,213964,70
Song_0005650,Dua Lipa,Future Nostalgia,222247,43
Song_0005651,Ed Sheeran,Midnights,237353,61
Song_0005652,Imagine Dragons,Evolve,224365,50
Song_0005653,Dua Lipa,Midnights,259961,70
Song_0005654,Billie Eilish,Evolve,220799,64
Song_0005655,Ed Sheeran,Future Nostalgia,181255,80
Song_0005656,Imagine Dragons,Future Nostalgia,218014,5
Song_0005657,Justin Bieber,Midnights,157985,90
Song_0005658,Rihanna,Anti,254896,97
Song_0005659,Taylor Swift,Scorpion,211336,35
Song_0005660,Taylor Swift,Future Nostalgia,253022,17
Song_0005661,The Weeknd,Midnights,178780,57
Song_0005662,Imagine Dragons,Justice,263354,12
Song_0005663,Rihanna,Divide,269077,39
Song_0005664,The Weeknd,Future Nostalgia,219190,39
Song_0005665,Billie Eilish,Divide,179315,85
Song_0005666,Billie Eilish,25,197447,74
Song_0005667,Adele,Future Nostalgia,311686,8
Song_0005668,Taylor Swift,Divide,222123,41
Song_0005669,Justin Bieber,When We All Fall Asleep,129837,22
Song_0005670,Rihanna,Future Nostalgia,213290,80
Song_0005671,Imagine Dragons,25,254794,25
Song_0005672,Adele,Anti,163112,91
Song_0005673,Rihanna,After Hours,137524,91
Song_0005674,The Weeknd,Evolve,189302,47
Song_0005675,Taylor Swift,Divide,148478,8
Song_0005676,Ed Sheeran,Midnights,174434,90
Song_0005677,Ed Sheeran,Future Nostalgia,124909,63
Song_0005678,Drake,Scorpion,283358,97
Song_0005679,Adele,Anti,168269,43
Song_0005680,Taylor Swift,Divide,278908,56
Song_0005681,Billie Eilish,After Hours,225726,83
Song_0005682,The Weeknd,Justice,263028,97
Song_0005683,Drake,Future Nostalgia,120141,52
Song_0005684,The Weeknd,Evolve,240909,3
Song_0005685,Taylor Swift,Scorpion,246422,93
Song_0005686,Imagine Dragons,After Hours,267059,7
Song_0005687,Imagine Dragons,When We All Fall Asleep,254293,59
Song_0005688,The Weeknd,Midnights,125850,82
Song_0005689,Taylor Swift,25,294967,21
Song_0005690,The Weeknd,Midnights,164942,62
Song_0005691,Drake,Anti,190657,89
Song_0005692,The Weeknd,When We All Fall Asleep,206751,61
Song_0005693,Rihanna,Future Nostalgia,208965,63
Song_0005694,Justin Bieber,25,289928,99
Song_0005695,Adele,Scorpion,230385,68
Song_0005696,Taylor Swift,Evolve,176261,91
Song_0005697,Adele,Justice,253021,44
Song_0005698,Taylor Swift,When We All Fall Asleep,127790,71
Song_0005699,Ed Sheeran,After Hours,277316,51
Song_0005700,Imagine Dragons,25,214523,17
Song_0005701,The Weeknd,Evolve,202739,30
Song_0005702,Rihanna,After Hours,288717,84
Song_0005703,Rihanna,Scorpion,273404,91
Song_0005704,Billie Eilish,When We All Fall Asleep,227941,99
Song_0005705,Dua Lipa,Divide,271532,62
Song_0005706,Drake,Justice,220455,40
Song_0005707,Billie Eilish,Evolve,126093,66
Song_0005708,Adele,Anti,140633,19
Song_0005709,Imagine Dragons,Anti,270420,71
Song_0005710,Billie Eilish,Divide,127808,78
Song_0005711,Justin Bieber,Anti,171192,75
Song_0005712,Adele,Scorpion,172160,92
Song_0005713,Ed Sheeran,Scorpion,271829,34
Song_0005714,Imagine Dragons,Anti,254626,44
Song_0005715,Taylor Swift,Anti,127997,52
Song_0005716,Taylor Swift,Anti,287594,22
Song_0005717,Dua Lipa,Midnights,299439,68
Song_0005718,The Weeknd,Midnights,250642,26
Song_0005719,Rihanna,Midnights,194883,19
Song_0005720,Billie Eilish,Scorpion,306633,19
Song_0005721,Ed Sheeran,Divide,203090,89
Song_0005722,Billie Eilish,Evolve,125287,25
Song_0005723,Drake,Divide,124998,30
Song_0005724,Imagine Dragons,After Hours,265308,95
Song_0005725,Taylor Swift,25,156955,28
Song_0005726,Justin Bieber,Scorpion,277750,2
Song_0005727,Dua Lipa,When We All Fall Asleep,175428,52
Song_0005728,The Weeknd,Anti,275087,59
Song_0005729,Dua Lipa,When We All Fall Asleep,286979,38
Song_0005730,Justin Bieber,25,248545,24
Song_0005731,The Weeknd,25,157189,95
Song_0005732,Dua Lipa,Scorpion,187300,60
Song_0005733,Imagine Dragons,Future Nostalgia,213822,12
Song_0005734,Justin Bieber,25,316596,91
Song_0005735,Imagine Dragons,25,243078,59
Song_0005736,Ed Sheeran,Future Nostalgia,289407,91
Song_0005737,Drake,After Hours,241668,94
Song_0005738,The Weeknd,Midnights,128880,14
Song_0005739,Dua Lipa,Divide,146228,20
Song_0005740,Imagine Dragons,Justice,128092,10
Song_0005741,Dua Lipa,When We All Fall Asleep,297687,78
Song_0005742,Rihanna,After Hours,241034,99
Song_0005743,The Weeknd,Anti,223968,71
Song_0005744,Dua Lipa,When We All Fall Asleep,236898,33
Song_0005745,Billie Eilish,Midnights,161130,23
Song_0005746,Adele,Divide,153410,18
Song_0005747,Billie Eilish,Scorpion,222406,42
Song_0005748,Rihanna,When We All Fall Asleep,237050,83
Song_0005749,Drake,Anti,270038,48
Song_0005750,Taylor Swift,Future Nostalgia,278673,61
Song_0005751,Rihanna,Justice,278985,38
Song_0005752,Ed Sheeran,When We All Fall Asleep,162861,57
Song_0005753,Rihanna,Future Nostalgia,239557,57
Song_0005754,Billie Eilish,Evolve,192716,84
Song_0005755,Rihanna,Divide,192252,92
Song_0005756,Taylor Swift,Justice,251564,59
Song_0005757,Adele,Evolve,165767,4
Song_0005758,Taylor Swift,25,206371,56
Song_0005759,Imagine Dragons,Divide,146281,16
Song_0005760,Ed Sheeran,Anti,184554,13
Song_0005761,Dua Lipa,Future Nostalgia,151471,24
Song_0005762,Billie Eilish,Anti,315336,44
Song_0005763,Rihanna,25,182166,50
Song_0005764,Rihanna,Anti,252678,33
Song_0005765,Drake,25,165217,90
Song_0005766,Taylor Swift,Evolve,180288,10
Song_0005767,The Weeknd,When We All Fall Asleep,239419,19
Song_0005768,Ed Sheeran,Justice,277984,94
Song_0005769,Rihanna,After Hours,270860,57
Song_0005770,The Weeknd,Midnights,268175,93
Song_0005771,Adele,Future Nostalgia,293490,46
Song_0005772,Adele,Justice,253099,92
Song_0005773,Billie Eilish,Justice,278475,9
Song_0005774,Taylor Swift,Future Nostalgia,242808,36
Song_0005775,Justin Bieber,Divide,267011,66
Song_0005776,Billie Eilish,Future Nostalgia,216885,49
Song_0005777,Drake,When We All Fall Asleep,223808,78
Song_0005778,Justin Bieber,After Hours,131248,14
Song_0005779,Taylor Swift,Scorpion,278203,73
Song_0005780,Ed Sheeran,When We All Fall Asleep,248036,99
Song_0005781,Rihanna,Anti,312401,59
Song_0005782,Ed Sheeran,Midnights,147884,70
Song_0005783,Imagine Dragons,Future Nostalgia,264384,83
Song_0005784,Ed Sheeran,Midnights,216693,65
Song_0005785,Imagine Dragons,25,269129,64
Song_0005786,The Weeknd,Justice,295133,52
Song_0005787,Justin Bieber,Anti,205135,13
Song_0005788,The Weeknd,After Hours,171998,88
Song_0005789,Imagine Dragons,Scorpion,270784,88
Song_0005790,Dua Lipa,Future Nostalgia,170281,4
Song_0005791,The Weeknd,Future Nostalgia,198471,98
Song_0005792,Ed Sheeran,After Hours,279981,92
Song_0005793,Justin Bieber,Evolve,236562,21
Song_0005794,Drake,Scorpion,126652,94
Song_0005795,Taylor Swift,Midnights,257454,6
Song_0005796,Drake,When We All Fall Asleep,266756,85
Song_0005797,Rihanna,Divide,260281,59
Song_0005798,Imagine Dragons,Midnights,209971,72
Song_0005799,Justin Bieber,Evolve,234010,81
Song_0005800,Billie Eilish,25,250792,79
Song_0005801,Ed Sheeran,After Hours,252503,1
Song_0005802,Adele,Evolve,267358,30
Song_0005803,Taylor Swift,After Hours,226059,33
Song_0005804,Taylor Swift,Evolve,227351,85
Song_0005805,Billie Eilish,Divide,213003,99
Song_0005806,Drake,Future Nostalgia,138035,11
Song_0005807,Imagine Dragons,25,267851,22
Song_0005808,The Weeknd,Evolve,288333,53
Song_0005809,Billie Eilish,Scorpion,253856,57
Song_0005810,Imagine Dragons,25,219687,72
Song_0005811,Drake,25,169087,96
Song_0005812,Rihanna,Midnights,247687,10
Song_0005813,Dua Lipa,25,235137,81
Song_0005814,Adele,Scorpion,159942,88
Song_0005815,Justin Bieber,Scorpion,150731,17
Song_0005816,Drake,After Hours,221894,34
Song_0005817,Justin Bieber,Evolve,273309,98
Song_0005818,Dua Lipa,Divide,124527,47
Song_0005819,Ed Sheeran,Anti,264697,74
Song_0005820,The Weeknd,Divide,264863,64
Song_0005821,Ed Sheeran,Midnights,271071,85
Song_0005822,Billie Eilish,Evolve,250038,48
Song_0005823,Ed Sheeran,Evolve,222185,68
Song_0005824,Rihanna,25,129257,14
Song_0005825,Ed Sheeran,Justice,289376,96
Song_0005826,Imagine Dragons,When We All Fall Asleep,308564,86
Song_0005827,The Weeknd,Evolve,285009,5
Song_0005828,Imagine Dragons,Evolve,156978,99
Song_0005829,Billie Eilish,When We All Fall Asleep,274208,16
Song_0005830,Ed Sheeran,25,179339,58
Song_0005831,Drake,After Hours,246293,3
Song_0005832,Adele,25,216484,68
Song_0005833,Adele,Anti,188126,54
Song_0005834,Rihanna,25,164473,73
Song_0005835,Dua Lipa,Justice,140896,66
Song_0005836,Justin Bieber,Anti,302887,52
Song_0005837,Justin Bieber,When We All Fall Asleep,199758,16
Song_0005838,Ed Sheeran,Evolve,227495,72
Song_0005839,Rihanna,Anti,154274,37
Song_0005840,Taylor Swift,After Hours,264672,49
Song_0005841,The Weeknd,Scorpion,185213,67
Song_0005842,Taylor Swift,Future Nostalgia,161258,58
Song_0005843,Taylor Swift,When We All Fall Asleep,198168,39
Song_0005844,Rihanna,Justice,242214,35
Song_0005845,Drake,Divide,273276,77
Song_0005846,Taylor Swift,25,146204,39
Song_0005847,The Weeknd,Scorpion,278248,34
Song_0005848,Taylor Swift,Justice,178152,17
Song_0005849,Imagine Dragons,Scorpion,182229,69
Song_0005850,The Weeknd,Scorpion,231612,69
Song_0005851,Justin Bieber,Justice,278430,61
Song_0005852,Justin Bieber,When We All Fall Asleep,155357,91
Song_0005853,The Weeknd,Anti,247179,8
Song_0005854,The Weeknd,Evolve,297800,18
Song_0005855,Adele,Anti,144463,49
Song_0005856,Imagine Dragons,Future Nostalgia,134679,52
Song_0005857,Rihanna,Scorpion,226406,15
Song_0005858,Ed Sheeran,Future Nostalgia,135114,20
Song_0005859,Taylor Swift,Scorpion,216136,84
Song_0005860,Billie Eilish,Scorpion,200656,60
Song_0005861,Rihanna,Justice,165581,61
Song_0005862,Drake,Justice,228627,64
Song_0005863,Taylor Swift,25,238995,43
Song_0005864,The Weeknd,Anti,267508,57
Song_0005865,Drake,25,288062,55
Song_0005866,Imagine Dragons,Anti,282409,1
Song_0005867,Imagine Dragons,Anti,307521,20
Song_0005868,Adele,After Hours,291438,66
Song_0005869,The Weeknd,After Hours,133479,48
Song_0005870,Imagine Dragons,Scorpion,274763,46
Song_0005871,Justin Bieber,Evolve,256341,10
Song_0005872,Justin Bieber,25,145080,21
Song_0005873,Rihanna,Midnights,195167,64
Song_0005874,The Weeknd,Divide,240350,1
Song_0005875,Justin Bieber,Justice,199984,79
Song_0005876,Ed Sheeran,25,209664,27
Song_0005877,Billie Eilish,After Hours,223628,90
Song_0005878,Adele,Evolve,140707,84
Song_0005879,Billie Eilish,Future Nostalgia,205811,29
Song_0005880,Justin Bieber,Divide,151918,88
Song_0005881,Adele,When We All Fall Asleep,204178,42
Song_0005882,Drake,Future Nostalgia,223147,28
Song_0005883,The Weeknd,Anti,304461,64
Song_0005884,The Weeknd,25,272253,100
Song_0005885,Ed Sheeran,25,298679,87
Song_0005886,Imagine Dragons,Scorpion,169575,8
Song_0005887,The Weeknd,After Hours,244572,91
Song_0005888,Rihanna,Evolve,295616,13
Song_0005889,Justin Bieber,Evolve,169314,84
Song_0005890,Rihanna,Future Nostalgia,273572,22
Song_0005891,Ed Sheeran,Justice,301123,27
Song_0005892,Rihanna,After Hours,195498,99
Song_0005893,Imagine Dragons,Divide,158113,84
Song_0005894,Justin Bieber,When We All Fall Asleep,176785,81
Song_0005895,Drake,Anti,185625,64
Song_0005896,Drake,Future Nostalgia,134307,18
Song_0005897,The Weeknd,Justice,223991,86
Song_0005898,Dua Lipa,Scorpion,305896,70
Song_0005899,Justin Bieber,Anti,234531,79
Song_0005900,Adele,Future Nostalgia,319556,60
Song_0005901,Justin Bieber,Anti,184321,79
Song_0005902,Billie Eilish,Anti,274338,46
Song_0005903,The Weeknd,When We All Fall Asleep,265945,50
Song_0005904,Ed Sheeran,Scorpion,139369,5
Song_0005905,Justin Bieber,25,186777,79
Song_0005906,Adele,Anti,225998,75
Song_0005907,The Weeknd,Anti,172369,84
Song_0005908,Adele,Scorpion,276193,4
Song_0005909,Justin Bieber,Future Nostalgia,167278,44
Song_0005910,Dua Lipa,Scorpion,249640,47
Song_0005911,Ed Sheeran,Future Nostalgia,249758,67
Song_0005912,Billie Eilish,When We All Fall Asleep,229474,31
Song_0005913,Rihanna,Justice,170905,99
Song_0005914,Justin Bieber,When We All Fall Asleep,215592,81
Song_0005915,Adele,Divide,136486,58
Song_0005916,The Weeknd,Midnights,161140,14
Song_0005917,Dua Lipa,Anti,189199,39
Song_0005918,Ed Sheeran,Evolve,316191,19
Song_0005919,Rihanna,25,158374,28
Song_0005920,Rihanna,After Hours,147058,3
Song_0005921,Billie Eilish,When We All Fall Asleep,252973,61
Song_0005922,Billie Eilish,Divide,281028,17
Song_0005923,Imagine Dragons,When We All Fall Asleep,152317,14
Song_0005924,Imagine Dragons,Anti,262185,10
Song_0005925,Drake,Anti,121900,73
Song_0005926,Adele,Scorpion,299678,31
Song_0005927,Ed Sheeran,Scorpion,213072,53
Song_0005928,Drake,Justice,131145,29
Song_0005929,The Weeknd,Justice,255733,35
Song_0005930,Justin Bieber,When We All Fall Asleep,288608,91
Song_0005931,Rihanna,25,223583,52
Song_0005932,Drake,Justice,129251,68
Song_0005933,Dua Lipa,Anti,198196,10
Song_0005934,The Weeknd,Future Nostalgia,312416,17
Song_0005935,Justin Bieber,25,244590,11
Song_0005936,Imagine Dragons,Evolve,137208,30
Song_0005937,Rihanna,25,204797,34
Song_0005938,Rihanna,Divide,169478,14
Song_0005939,Justin Bieber,Future Nostalgia,217862,50
Song_0005940,Imagine Dragons,Future Nostalgia,165049,30
Song_0005941,Ed Sheeran,Future Nostalgia,136207,18
Song_0005942,Justin Bieber,After Hours,163035,73
Song_0005943,The Weeknd,25,162281,24
Song_0005944,Billie Eilish,Anti,153282,87
Song_0005945,Dua Lipa,After Hours,229880,46
Song_0005946,The Weeknd,When We All Fall Asleep,290996,89
Song_0005947,Rihanna,After Hours,303655,34
Song_0005948,Rihanna,Anti,292642,4
Song_0005949,Dua Lipa,After Hours,214670,54
Song_0005950,Drake,After Hours,166050,27
Song_0005951,Justin Bieber,Divide,251073,49
Song_0005952,Billie Eilish,Justice,187146,77
Song_0005953,Billie Eilish,Scorpion,278997,43
Song_0005954,Adele,After Hours,218859,34
Song_0005955,Rihanna,When We All Fall Asleep,285838,63
Song_0005956,Rihanna,After Hours,166157,84
Song_0005957,Justin Bieber,Evolve,195837,36
Song_0005958,Dua Lipa,After Hours,169423,85
Song_0005959,Adele,Anti,170480,18
Song_0005960,Justin Bieber,Divide,295052,30
Song_0005961,Imagine Dragons,After Hours,311638,90
Song_0005962,Imagine Dragons,Midnights,272004,56
Song_0005963,The Weeknd,Midnights,177904,26
Song_0005964,Rihanna,Justice,169718,17
Song_0005965,Ed Sheeran,25,313841,11
Song_0005966,Taylor Swift,Anti,212067,8
Song_0005967,Taylor Swift,25,283788,38
Song_0005968,Dua Lipa,When We All Fall Asleep,139786,85
Song_0005969,Ed Sheeran,After Hours,316121,87
Song_0005970,Rihanna,Divide,286930,78
Song_0005971,Justin Bieber,Divide,279025,92
Song_0005972,Drake,Divide,154493,16
Song_0005973,Taylor Swift,Midnights,281735,28
Song_0005974,Drake,When We All Fall Asleep,162030,74
Song_0005975,Imagine Dragons,Justice,182393,84
Song_0005976,Billie Eilish,25,231837,64
Song_0005977,Dua Lipa,Evolve,212027,45
Song_0005978,Rihanna,Justice,224008,57
Song_0005979,Adele,When We All Fall Asleep,208805,79
Song_0005980,Taylor Swift,When We All Fall Asleep,307445,12
Song_0005981,Ed Sheeran,Divide,243446,94
Song_0005982,Imagine Dragons,25,240710,84
Song_0005983,Ed Sheeran,Future Nostalgia,181452,52
Song_0005984,Adele,Anti,191803,42
Song_0005985,Billie Eilish,Midnights,161219,3
Song_0005986,Billie Eilish,When We All Fall Asleep,212460,38
Song_0005987,Rihanna,Scorpion,184260,15
Song_0005988,Justin Bieber,Midnights,285677,72
Song_0005989,Adele,After Hours,142627,5
Song_0005990,Dua Lipa,When We All Fall Asleep,241813,68
Song_0005991,Adele,Scorpion,160210,9
Song_0005992,Billie Eilish,Midnights,141191,79
Song_0005993,Rihanna,Justice,299691,36
Song_0005994,Ed Sheeran,Justice,156963,39
Song_0005995,Adele,Future Nostalgia,244678,80
Song_0005996,Drake,Anti,263481,44
Song_0005997,Imagine Dragons,When We All Fall Asleep,197865,78
Song_0005998,Justin Bieber,25,162116,13
Song_0005999,Imagine Dragons,When We All Fall Asleep,157037,36
Song_0006000,Ed Sheeran,Future Nostalgia,298288,100
Song_0006001,Adele,Evolve,232024,9
Song_0006002,Drake,Justice,194645,64
Song_0006003,Taylor Swift,Anti,198681,93
Song_0006004,The Weeknd,25,224830,30
Song_0006005,Adele,Future Nostalgia,179852,48
Song_0006006,Imagine Dragons,Divide,205881,13
Song_0006007,Billie Eilish,After Hours,239103,2
Song_0006008,Rihanna,After Hours,256131,1
Song_0006009,Ed Sheeran,When We All Fall Asleep,163791,54
Song_0006010,Taylor Swift,Justice,207492,83
Song_0006011,Drake,Future Nostalgia,129627,50
Song_0006012,Imagine Dragons,When We All Fall Asleep,301812,8
Song_0006013,Taylor Swift,When We All Fall Asleep,171237,38
Song_0006014,Rihanna,When We All Fall Asleep,243295,78
Song_0006015,Rihanna,Justice,155121,99
Song_0006016,Justin Bieber,When We All Fall Asleep,241070,70
Song_0006017,Drake,Evolve,232450,96
Song_0006018,Taylor Swift,Evolve,150939,84
Song_0006019,Dua Lipa,Divide,211424,34
Song_0006020,Justin Bieber,25,267816,33
Song_0006021,Rihanna,25,186164,86
Song_0006022,Justin Bieber,Future Nostalgia,189756,99
Song_0006023,Billie Eilish,When We All Fall Asleep,255396,55
Song_0006024,Taylor Swift,Evolve,227587,93
Song_0006025,Rihanna,After Hours,170966,4
Song_0006026,Adele,Future Nostalgia,137727,79
Song_0006027,Dua Lipa,Justice,175032,50
Song_0006028,Dua Lipa,Divide,295434,21
Song_0006029,Billie Eilish,When We All Fall Asleep,223145,97
Song_0006030,Adele,Justice,146950,41
Song_0006031,Justin Bieber,Anti,182565,61
Song_0006032,Dua Lipa,Scorpion,266285,10
Song_0006033,Dua Lipa,Scorpion,123614,95
Song_0006034,Taylor Swift,Anti,159885,7
Song_0006035,Taylor Swift,25,296290,51
Song_0006036,Ed Sheeran,After Hours,212452,27
Song_0006037,Ed Sheeran,Future Nostalgia,205397,61
Song_0006038,Taylor Swift,Scorpion,206517,95
Song_0006039,Adele,Justice,193109,95
Song_0006040,Justin Bieber,Justice,301468,91
Song_0006041,Drake,Evolve,219895,69
Song_0006042,Billie Eilish,Midnights,292382,18
Song_0006043,Justin Bieber,Midnights,305766,57
Song_0006044,Billie Eilish,Anti,269282,98
Song_0006045,Justin Bieber,Future Nostalgia,271191,95
Song_0006046,Imagine Dragons,25,190027,43
Song_0006047,Rihanna,Anti,158394,18
Song_0006048,Dua Lipa,Divide,151431,49
Song_0006049,Adele,Divide,207227,72
Song_0006050,Rihanna,Anti,134139,49
Song_0006051,Rihanna,Midnights,298309,49
Song_0006052,Rihanna,Midnights,235178,28
Song_0006053,Justin Bieber,Divide,279906,65
Song_0006054,Rihanna,Midnights,242637,14
Song_0006055,Rihanna,Justice,251571,79
Song_0006056,Adele,Anti,234779,45
Song_0006057,Adele,25,206466,2
Song_0006058,Drake,Scorpion,130583,6
Song_0006059,Taylor Swift,Scorpion,257153,14
Song_0006060,Adele,When We All Fall Asleep,219136,99
Song_0006061,The Weeknd,Divide,129808,47
Song_0006062,Justin Bieber,Scorpion,147478,7
Song_0006063,Ed Sheeran,Justice,311706,20
Song_0006064,Adele,Scorpion,139224,34
Song_0006065,Justin Bieber,Divide,178769,13
Song_0006066,Dua Lipa,When We All Fall Asleep,122473,3
Song_0006067,Billie Eilish,After Hours,213774,70
Song_0006068,Adele,When We All Fall Asleep,279037,18
Song_0006069,The Weeknd,Evolve,284114,4
Song_0006070,Justin Bieber,After Hours,219080,13
Song_0006071,Rihanna,Scorpion,169689,21
Song_0006072,Imagine Dragons,Evolve,165377,95
Song_0006073,Imagine Dragons,Divide,137836,10
Song_0006074,Imagine Dragons,Scorpion,165289,9
Song_0006075,Drake,Midnights,235310,73
Song_0006076,Drake,When We All Fall Asleep,218737,66
Song_0006077,Taylor Swift,Future Nostalgia,246458,28
Song_0006078,Taylor Swift,Evolve,244263,13
Song_0006079,Billie Eilish,Anti,260709,16
Song_0006080,Ed Sheeran,Midnights,173112,62
Song_0006081,Imagine Dragons,Future Nostalgia,120973,25
Song_0006082,Billie Eilish,When We All Fall Asleep,311294,85
Song_0006083,Taylor Swift,Divide,197199,8
Song_0006084,Taylor Swift,Future Nostalgia,151657,36
Song_0006085,Ed Sheeran,Scorpion,297000,75
Song_0006086,Drake,25,188301,60
Song_0006087,Rihanna,After Hours,192248,57
Song_0006088,Imagine Dragons,Anti,212882,64
Song_0006089,Ed Sheeran,When We All Fall Asleep,295454,76
Song_0006090,Billie Eilish,When We All Fall Asleep,130929,91
Song_0006091,Justin Bieber,When We All Fall Asleep,177300,86
Song_0006092,Billie Eilish,Anti,291710,31
Song_0006093,Taylor Swift,After Hours,217068,10
Song_0006094,Ed Sheeran,25,163069,6
Song_0006095,The Weeknd,Evolve,188126,93
Song_0006096,Taylor Swift,Anti,259008,83
Song_0006097,Imagine Dragons,Divide,169572,80
Song_0006098,Ed Sheeran,Anti,218219,48
Song_0006099,The Weeknd,Midnights,219687,26
Song_0006100,Billie Eilish,25,316843,53
Song_0006101,Taylor Swift,Justice,197771,35
Song_0006102,Rihanna,Scorpion,306626,69
Song_0006103,Ed Sheeran,Evolve,143559,58
Song_0006104,Adele,Midnights,216251,98
Song_0006105,Dua Lipa,Midnights,143939,46
Song_0006106,Ed Sheeran,Midnights,158865,99
Song_0006107,Rihanna,Future Nostalgia,319177,13
Song_0006108,Rihanna,Evolve,143138,89
Song_0006109,Adele,Midnights,161531,19
Song_0006110,Drake,25,304203,77
Song_0006111,Rihanna,Future Nostalgia,253119,59
Song_0006112,The Weeknd,25,227552,60
Song_0006113,Justin Bieber,Scorpion,125349,38
Song_0006114,Billie Eilish,When We All Fall Asleep,243389,97
Song_0006115,Imagine Dragons,Anti,279317,76
Song_0006116,The Weeknd,After Hours,127494,15
Song_0006117,Drake,Divide,187892,58
Song_0006118,Billie Eilish,Future Nostalgia,309175,63
Song_0006119,Billie Eilish,Future Nostalgia,122343,57
Song_0006120,Justin Bieber,When We All Fall Asleep,276069,95
Song_0006121,Rihanna,Future Nostalgia,122142,80
Song_0006122,Taylor Swift,Divide,169324,78
Song_0006123,Adele,Evolve,216913,33
Song_0006124,Dua Lipa,When We All Fall Asleep,167536,41
Song_0006125,Rihanna,Evolve,145829,51
Song_0006126,Taylor Swift,Divide,166835,73
Song_0006127,Justin Bieber,When We All Fall Asleep,279098,57
Song_0006128,Imagine Dragons,Evolve,170491,31
Song_0006129,Justin Bieber,Evolve,181432,71
Song_0006130,Justin Bieber,Divide,239528,36
Song_0006131,The Weeknd,When We All Fall Asleep,138647,30
Song_0006132,Taylor Swift,Anti,283618,72
Song_0006133,Justin Bieber,Anti,292136,8
Song_0006134,Dua Lipa,After Hours,172111,11
Song_0006135,Taylor Swift,Midnights,142596,69
Song_0006136,Adele,Scorpion,199136,12
Song_0006137,Rihanna,Evolve,142583,28
Song_0006138,Rihanna,Divide,230255,28
Song_0006139,Dua Lipa,Future Nostalgia,298119,43
Song_0006140,Imagine Dragons,Midnights,290029,57
Song_0006141,Taylor Swift,Justice,204672,14
Song_0006142,Imagine Dragons,Evolve,319441,20
Song_0006143,Billie Eilish,Justice,234924,84
Song_0006144,Drake,Justice,281236,81
Song_0006145,Adele,When We All Fall Asleep,274820,88
Song_0006146,Dua Lipa,Justice,204412,51
Song_0006147,Taylor Swift,Evolve,311263,60
Song_0006148,Rihanna,Future Nostalgia,194950,96
Song_0006149,Dua Lipa,25,194654,39
Song_0006150,Dua Lipa,Future Nostalgia,258843,38
Song_0006151,Drake,Evolve,181769,22
Song_0006152,Billie Eilish,Midnights,264167,58
Song_0006153,Ed Sheeran,Midnights,136933,33
Song_0006154,Billie Eilish,Midnights,238498,31
Song_0006155,Dua Lipa,Future Nostalgia,258910,91
Song_0006156,Taylor Swift,Evolve,249429,97
Song_0006157,Dua Lipa,Future Nostalgia,207865,87
Song_0006158,Drake,Midnights,220779,79
Song_0006159,Adele,Scorpion,274124,58
Song_0006160,The Weeknd,Divide,129181,76
Song_0006161,Taylor Swift,When We All Fall Asleep,137309,77
Song_0006162,Dua Lipa,Future Nostalgia,193772,100
Song_0006163,Rihanna,Justice,181288,99
Song_0006164,Billie Eilish,Evolve,198682,71
Song_0006165,Ed Sheeran,Divide,143350,92
Song_0006166,Adele,Scorpion,169285,41
Song_0006167,Dua Lipa,Anti,271765,75
Song_0006168,Dua Lipa,Anti,287297,12
Song_0006169,Dua Lipa,Evolve,217514,80
Song_0006170,Imagine Dragons,When We All Fall Asleep,271840,85
Song_0006171,Imagine Dragons,When We All Fall Asleep,286444,2
Song_0006172,Ed Sheeran,Future Nostalgia,201029,58
Song_0006173,The Weeknd,Evolve,236215,44
Song_0006174,Imagine Dragons,Future Nostalgia,213955,66
Song_0006175,Dua Lipa,25,136316,17
Song_0006176,Adele,Justice,184385,68
Song_0006177,The Weeknd,Evolve,230600,40
Song_0006178,The Weeknd,After Hours,234034,25
Song_0006179,Drake,Future Nostalgia,295851,20
Song_0006180,Billie Eilish,Scorpion,300891,41
Song_0006181,Ed Sheeran,Divide,126771,27
Song_0006182,Ed Sheeran,Evolve,163197,100
Song_0006183,Imagine Dragons,Justice,286191,63
Song_0006184,Ed Sheeran,After Hours,311563,94
Song_0006185,Justin Bieber,After Hours,280043,61
Song_0006186,Imagine Dragons,Divide,297279,40
Song_0006187,Rihanna,25,147757,21
Song_0006188,Drake,Anti,237541,35
Song_0006189,Ed Sheeran,When We All Fall Asleep,237743,59
Song_0006190,Adele,Midnights,191484,96
Song_0006191,Adele,When We All Fall Asleep,271717,25
Song_0006192,Adele,Evolve,318170,10
Song_0006193,Dua Lipa,Future Nostalgia,153686,27
Song_0006194,The Weeknd,Future Nostalgia,233332,68
Song_0006195,Drake,Midnights,218466,36
Song_0006196,Adele,Midnights,132745,17
Song_0006197,Justin Bieber,Scorpion,213994,34
Song_0006198,Dua Lipa,Evolve,233008,16
Song_0006199,Adele,Scorpion,128487,59
Song_0006200,Adele,Scorpion,270307,40
Song_0006201,Dua Lipa,25,261456,10
Song_0006202,Rihanna,Justice,233882,87
Song_0006203,The Weeknd,Evolve,129283,1
Song_0006204,Imagine Dragons,When We All Fall Asleep,277889,72
Song_0006205,Billie Eilish,When We All Fall Asleep,286464,76
Song_0006206,Billie Eilish,Divide,154307,21
Song_0006207,Ed Sheeran,Anti,129803,75
Song_0006208,Billie Eilish,Evolve,231416,5
Song_0006209,Taylor Swift,When We All Fall Asleep,120454,32
Song_0006210,Drake,Divide,234950,16
Song_0006211,The Weeknd,Justice,280447,39
Song_0006212,Imagine Dragons,Evolve,154260,57
Song_0006213,Billie Eilish,Evolve,226963,22
Song_0006214,Ed Sheeran,Evolve,155304,26
Song_0006215,Imagine Dragons,Anti,219906,49
Song_0006216,Ed Sheeran,Evolve,261259,97
Song_0006217,Taylor Swift,Evolve,314348,93
Song_0006218,Dua Lipa,Scorpion,144914,28
Song_0006219,Ed Sheeran,Scorpion,259769,93
Song_0006220,Drake,Justice,273827,32
Song_0006221,The Weeknd,When We All Fall Asleep,195329,29
Song_0006222,Imagine Dragons,Evolve,126934,57
Song_0006223,The Weeknd,Divide,253801,49
Song_0006224,Rihanna,Anti,258828,34
Song_0006225,Adele,Justice,275336,84
Song_0006226,Rihanna,Divide,274220,79
Song_0006227,Adele,Future Nostalgia,158191,33
Song_0006228,Rihanna,When We All Fall Asleep,158035,8
Song_0006229,Justin Bieber,Divide,124537,5
Song_0006230,Drake,25,142352,65
Song_0006231,The Weeknd,Divide,213667,100
Song_0006232,Imagine Dragons,25,154673,13
Song_0006233,Rihanna,Scorpion,191310,96
Song_0006234,Billie Eilish,Future Nostalgia,231836,85
Song_0006235,The Weeknd,Divide,210837,24
Song_0006236,Dua Lipa,Justice,288040,8
Song_0006237,The Weeknd,Future Nostalgia,267255,26
Song_0006238,Imagine Dragons,Midnights,131346,21
Song_0006239,The Weeknd,Justice,282007,77
Song_0006240,Billie Eilish,Anti,205451,68
Song_0006241,Ed Sheeran,Future Nostalgia,132283,53
Song_0006242,Ed Sheeran,Midnights,248947,45
Song_0006243,Justin Bieber,25,260468,65
Song_0006244,Taylor Swift,Divide,201393,38
Song_0006245,Rihanna,Midnights,309334,83
Song_0006246,Dua Lipa,Divide,267635,35
Song_0006247,Drake,Divide,136635,73
Song_0006248,Dua Lipa,Anti,307148,76
Song_0006249,Ed Sheeran,After Hours,207044,90
Song_0006250,The Weeknd,Justice,246497,90
Song_0006251,The Weeknd,Future Nostalgia,200914,22
Song_0006252,The Weeknd,Scorpion,186783,91
Song_0006253,Rihanna,When We All Fall Asleep,313774,52
Song_0006254,The Weeknd,Justice,190350,58
Song_0006255,Justin Bieber,Divide,279150,67
Song_0006256,Ed Sheeran,Evolve,204549,86
Song_0006257,The Weeknd,Scorpion,260494,69
Song_0006258,Ed Sheeran,Future Nostalgia,299582,64
Song_0006259,Rihanna,Anti,285780,80
Song_0006260,Adele,Justice,155409,2
Song_0006261,Billie Eilish,Midnights,271958,2
Song_0006262,Adele,Future Nostalgia,268040,74
Song_0006263,Dua Lipa,Anti,177023,11
Song_0006264,Adele,Scorpion,251508,87
Song_0006265,The Weeknd,Scorpion,143259,69
Song_0006266,Ed Sheeran,Evolve,300201,1
Song_0006267,Drake,After Hours,236886,90
Song_0006268,Justin Bieber,When We All Fall Asleep,218904,23
Song_0006269,Dua Lipa,After Hours,298322,6
Song_0006270,Rihanna,When We All Fall Asleep,275368,63
Song_0006271,Ed Sheeran,After Hours,198071,91
Song_0006272,Billie Eilish,After Hours,147221,72
Song_0006273,The Weeknd,Justice,279508,68
Song_0006274,Rihanna,When We All Fall Asleep,221940,72
Song_0006275,Justin Bieber,Evolve,224104,21
Song_0006276,Rihanna,After Hours,253558,46
Song_0006277,Drake,Anti,292081,28
Song_0006278,Drake,Midnights,210241,98
Song_0006279,Adele,Midnights,303289,84
Song_0006280,The Weeknd,Midnights,299135,46
Song_0006281,Rihanna,Justice,170000,82
Song_0006282,Drake,Anti,158285,100
Song_0006283,Justin Bieber,25,250306,42
Song_0006284,Imagine Dragons,Future Nostalgia,289151,2
Song_0006285,Adele,After Hours,206210,46
Song_0006286,Ed Sheeran,When We All Fall Asleep,311356,62
Song_0006287,Ed Sheeran,Scorpion,194385,15
Song_0006288,Dua Lipa,Midnights,239772,66
Song_0006289,Billie Eilish,Divide,220744,99
Song_0006290,Justin Bieber,Evolve,190809,78
Song_0006291,Taylor Swift,Midnights,269755,29
Song_0006292,Imagine Dragons,Evolve,254327,67
Song_0006293,Dua Lipa,After Hours,318502,78
Song_0006294,The Weeknd,Future Nostalgia,153401,41
Song_0006295,Ed Sheeran,Divide,209201,3
Song_0006296,Billie Eilish,Scorpion,270826,14
Song_0006297,Adele,When We All Fall Asleep,173525,4
Song_0006298,Justin Bieber,Anti,242448,90
Song_0006299,Taylor Swift,After Hours,138792,24
Song_0006300,Justin Bieber,Justice,171150,98
Song_0006301,Taylor Swift,When We All Fall Asleep,274754,29
Song_0006302,Dua Lipa,After Hours,260138,92
Song_0006303,Adele,When We All Fall Asleep,183632,55
Song_0006304,Rihanna,25,135906,6
Song_0006305,Imagine Dragons,Future Nostalgia,227690,96
Song_0006306,Imagine Dragons,Divide,203597,60
Song_0006307,The Weeknd,Justice,208530,32
Song_0006308,Drake,Scorpion,225529,27
Song_0006309,Justin Bieber,Midnights,296712,7
Song_0006310,Justin Bieber,Anti,197543,83
Song_0006311,Ed Sheeran,Midnights,214843,38
Song_0006312,Rihanna,Divide,128477,48
Song_0006313,Dua Lipa,Divide,145512,3
Song_0006314,Ed Sheeran,Divide,193372,46
Song_0006315,Taylor Swift,Evolve,158670,2
Song_0006316,Billie Eilish,Future Nostalgia,293323,23
Song_0006317,Imagine Dragons,Future Nostalgia,318606,32
Song_0006318,Ed Sheeran,Anti,288741,46
Song_0006319,Adele,Midnights,230410,34
Song_0006320,Imagine Dragons,Future Nostalgia,197808,22
Song_0006321,Billie Eilish,Future Nostalgia,175187,42
Song_0006322,Imagine Dragons,Midnights,270865,47
Song_0006323,Taylor Swift,Scorpion,146765,7
Song_0006324,Taylor Swift,When We All Fall Asleep,231027,35
Song_0006325,Ed Sheeran,Future Nostalgia,263028,18
Song_0006326,Justin Bieber,When We All Fall Asleep,254163,11
Song_0006327,Drake,Divide,282392,50
Song_0006328,Dua Lipa,Justice,157067,45
Song_0006329,Billie Eilish,Justice,142441,31
Song_0006330,Rihanna,Evolve,154087,51
Song_0006331,Imagine Dragons,25,243433,44
Song_0006332,Billie Eilish,Midnights,274819,25
Song_0006333,Rihanna,Evolve,121356,8
Song_0006334,Billie Eilish,25,310275,46
Song_0006335,Billie Eilish,Midnights,219499,61
Song_0006336,Billie Eilish,Justice,220611,76
Song_0006337,Drake,When We All Fall Asleep,208390,57
Song_0006338,Rihanna,When We All Fall Asleep,216745,40
Song_0006339,Rihanna,After Hours,176309,16
Song_0006340,Billie Eilish,After Hours,274990,34
Song_0006341,Adele,25,244560,56
Song_0006342,Justin Bieber,Anti,282786,11
Song_0006343,The Weeknd,Anti,296973,52
Song_0006344,Imagine Dragons,25,237931,7
Song_0006345,Taylor Swift,Anti,178093,92
Song_0006346,Dua Lipa,Justice,223924,45
Song_0006347,Rihanna,Midnights,279318,34
Song_0006348,Taylor Swift,Justice,229095,56
Song_0006349,Dua Lipa,When We All Fall Asleep,220931,40
Song_0006350,Billie Eilish,Anti,306303,41
Song_0006351,Ed Sheeran,Anti,230797,52
Song_0006352,Taylor Swift,25,202862,99
Song_0006353,Justin Bieber,Evolve,235079,50
Song_0006354,Imagine Dragons,Anti,141401,1
Song_0006355,Rihanna,Midnights,188573,86
Song_0006356,Imagine Dragons,Evolve,197794,5
Song_0006357,Justin Bieber,After Hours,131096,68
Song_0006358,Billie Eilish,25,308191,16
Song_0006359,Billie Eilish,Future Nostalgia,245832,42
Song_0006360,Ed Sheeran,Justice,188246,44
Song_0006361,Ed Sheeran,After Hours,207304,74
Song_0006362,Dua Lipa,Anti,238065,37
Song_0006363,The Weeknd,Midnights,155148,10
Song_0006364,Billie Eilish,When We All Fall Asleep,148130,45
Song_0006365,Billie Eilish,Evolve,301732,85
Song_0006366,Drake,When We All Fall Asleep,220455,53
Song_0006367,Billie Eilish,Scorpion,317630,33
Song_0006368,Ed Sheeran,Future Nostalgia,283592,48
Song_0006369,Adele,When We All Fall Asleep,142900,93
Song_0006370,Adele,After Hours,247394,82
Song_0006371,Ed Sheeran,Anti,265579,100
Song_0006372,The Weeknd,After Hours,219933,100
Song_0006373,The Weeknd,Evolve,162191,58
Song_0006374,Dua Lipa,After Hours,183660,57
Song_0006375,Adele,Scorpion,166214,87
Song_0006376,Taylor Swift,Scorpion,279105,48
Song_0006377,Justin Bieber,After Hours,206559,87
Song_0006378,The Weeknd,After Hours,196368,28
Song_0006379,Imagine Dragons,25,227594,24
Song_0006380,Taylor Swift,Evolve,239050,39
Song_0006381,Adele,After Hours,309432,99
Song_0006382,Dua Lipa,Scorpion,185123,16
Song_0006383,Dua Lipa,25,297917,26
Song_0006384,Drake,Scorpion,154160,61
Song_0006385,Dua Lipa,Divide,199663,90
Song_0006386,Justin Bieber,Scorpion,271667,79
Song_0006387,Ed Sheeran,Evolve,244145,47
Song_0006388,Imagine Dragons,After Hours,262430,4
Song_0006389,Adele,After Hours,224415,77
Song_0006390,Dua Lipa,Scorpion,303124,80
Song_0006391,Ed Sheeran,Anti,299228,3
Song_0006392,Drake,After Hours,286635,36
Song_0006393,Adele,25,166472,32
Song_0006394,Billie Eilish,Justice,230985,20
Song_0006395,Drake,Future Nostalgia,137881,92
Song_0006396,Taylor Swift,After Hours,137371,72
Song_0006397,Drake,Anti,151880,30
Song_0006398,Ed Sheeran,When We All Fall Asleep,163291,31
Song_0006399,Justin Bieber,Midnights,290025,57
Song_0006400,Ed Sheeran,Future Nostalgia,198983,24
Song_0006401,Drake,Justice,209954,14
Song_0006402,Justin Bieber,When We All Fall Asleep,146337,2
Song_0006403,Rihanna,When We All Fall Asleep,273199,78
Song_0006404,Justin Bieber,Divide,206123,11
Song_0006405,Justin Bieber,Justice,245813,87
Song_0006406,The Weeknd,Justice,227269,33
Song_0006407,Drake,Anti,184441,25
Song_0006408,Drake,Anti,192665,2
Song_0006409,Drake,Evolve,219811,62
Song_0006410,Drake,25,238884,14
Song_0006411,Billie Eilish,After Hours,147185,70
Song_0006412,Dua Lipa,Anti,318422,1
Song_0006413,The Weeknd,Future Nostalgia,200977,41
Song_0006414,Imagine Dragons,When We All Fall Asleep,256475,4
Song_0006415,Billie Eilish,Midnights,263526,87
Song_0006416,Dua Lipa,Evolve,175385,4
Song_0006417,The Weeknd,When We All Fall Asleep,227414,25
Song_0006418,Billie Eilish,Midnights,294949,2
Song_0006419,Taylor Swift,Evolve,155119,85
Song_0006420,Dua Lipa,Justice,205670,27
Song_0006421,Drake,Divide,195844,50
Song_0006422,Imagine Dragons,25,298370,83
Song_0006423,Taylor Swift,25,160469,47
Song_0006424,Justin Bieber,After Hours,150179,32
Song_0006425,The Weeknd,When We All Fall Asleep,280021,38
Song_0006426,Justin Bieber,Evolve,279392,13
Song_0006427,Justin Bieber,When We All Fall Asleep,178530,47
Song_0006428,Adele,Evolve,292025,33
Song_0006429,Adele,When We All Fall Asleep,220065,61
Song_0006430,Rihanna,Midnights,255551,32
Song_0006431,Billie Eilish,Justice,265791,83
Song_0006432,The Weeknd,Justice,130278,57
Song_0006433,Justin Bieber,25,170903,90
Song_0006434,Justin Bieber,Anti,171416,12
Song_0006435,Imagine Dragons,Anti,257093,66
Song_0006436,Dua Lipa,When We All Fall Asleep,187887,100
Song_0006437,The Weeknd,Evolve,317394,93
Song_0006438,Billie Eilish,Midnights,164010,58
Song_0006439,Justin Bieber,Scorpion,304277,66
Song_0006440,Imagine Dragons,Future Nostalgia,297549,52
Song_0006441,Rihanna,Scorpion,203549,78
Song_0006442,Ed Sheeran,25,241421,55
Song_0006443,Taylor Swift,Evolve,196491,75
Song_0006444,Billie Eilish,25,288367,71
Song_0006445,Dua Lipa,Midnights,149681,17
Song_0006446,The Weeknd,Justice,186079,66
Song_0006447,Imagine Dragons,25,311566,48
Song_0006448,Imagine Dragons,Scorpion,229177,26
Song_0006449,Dua Lipa,Justice,285720,50
Song_0006450,Billie Eilish,Anti,133456,96
Song_0006451,Imagine Dragons,Anti,191363,96
Song_0006452,The Weeknd,Future Nostalgia,148191,37
Song_0006453,Dua Lipa,After Hours,213323,96
Song_0006454,Drake,Divide,251740,17
Song_0006455,Justin Bieber,Justice,147575,1
Song_0006456,Imagine Dragons,Scorpion,138911,76
Song_0006457,Adele,Future Nostalgia,290510,37
Song_0006458,Rihanna,When We All Fall Asleep,245884,67
Song_0006459,Justin Bieber,Anti,300216,91
Song_0006460,Billie Eilish,Scorpion,221912,10
Song_0006461,Imagine Dragons,After Hours,186456,32
Song_0006462,Adele,Midnights,148213,52
Song_0006463,Rihanna,After Hours,158099,100
Song_0006464,Ed Sheeran,Evolve,164804,71
Song_0006465,Taylor Swift,When We All Fall Asleep,287340,6
Song_0006466,Dua Lipa,After Hours,132610,25
Song_0006467,Rihanna,After Hours,248545,34
Song_0006468,Rihanna,Justice,193312,59
Song_0006469,Ed Sheeran,Justice,145193,65
Song_0006470,Rihanna,Scorpion,318828,94
Song_0006471,Rihanna,Future Nostalgia,168360,3
Song_0006472,Rihanna,After Hours,291053,20
Song_0006473,The Weeknd,Midnights,306756,2
Song_0006474,Dua Lipa,25,245935,68
Song_0006475,Drake,When We All Fall Asleep,290971,2
Song_0006476,Dua Lipa,25,317622,14
Song_0006477,Rihanna,When We All Fall Asleep,217543,32
Song_0006478,Rihanna,Divide,254574,1
Song_0006479,Rihanna,Scorpion,156415,55
Song_0006480,Billie Eilish,25,292922,57
Song_0006481,Justin Bieber,When We All Fall Asleep,293214,51
Song_0006482,The Weeknd,Midnights,150501,68
Song_0006483,Justin Bieber,Anti,274536,97
Song_0006484,Dua Lipa,After Hours,277253,11
Song_0006485,Imagine Dragons,Scorpion,181169,99
Song_0006486,Rihanna,25,140039,89
Song_0006487,Justin Bieber,25,294710,41
Song_0006488,Imagine Dragons,After Hours,173629,36
Song_0006489,Justin Bieber,When We All Fall Asleep,194975,60
Song_0006490,Adele,25,269936,84
Song_0006491,Adele,Future Nostalgia,314044,14
Song_0006492,Justin Bieber,Future Nostalgia,311754,83
Song_0006493,Imagine Dragons,Justice,138864,48
Song_0006494,Ed Sheeran,Justice,281926,99
Song_0006495,Drake,Future Nostalgia,304600,9
Song_0006496,The Weeknd,When We All Fall Asleep,296279,92
Song_0006497,Adele,Future Nostalgia,297141,68
Song_0006498,Imagine Dragons,Evolve,293647,51
Song_0006499,Billie Eilish,Justice,236505,10
Song_0006500,Dua Lipa,25,243685,34
Song_0006501,Taylor Swift,Midnights,284097,98
Song_0006502,Justin Bieber,After Hours,246800,37
Song_0006503,Justin Bieber,25,177687,1
Song_0006504,Justin Bieber,Anti,289932,85
Song_0006505,Imagine Dragons,Evolve,181185,53
Song_0006506,Rihanna,25,132915,64
Song_0006507,Imagine Dragons,Anti,204443,48
Song_0006508,Adele,Midnights,242335,9
Song_0006509,Imagine Dragons,Justice,174843,85
Song_0006510,Taylor Swift,After Hours,150819,53
Song_0006511,Billie Eilish,After Hours,134826,18
Song_0006512,Justin Bieber,Anti,208856,49
Song_0006513,Adele,Midnights,286436,42
Song_0006514,Billie Eilish,When We All Fall Asleep,281374,20
Song_0006515,Rihanna,Future Nostalgia,158988,96
Song_0006516,Taylor Swift,Anti,257735,72
Song_0006517,Drake,Scorpion,233469,90
Song_0006518,Rihanna,Justice,310753,80
Song_0006519,Adele,Midnights,150922,12
Song_0006520,Justin Bieber,Scorpion,168780,1
Song_0006521,Dua Lipa,Future Nostalgia,126611,8
Song_0006522,Rihanna,Future Nostalgia,150711,51
Song_0006523,Taylor Swift,When We All Fall Asleep,244351,84
Song_0006524,Billie Eilish,When We All Fall Asleep,152939,17
Song_0006525,Rihanna,Divide,170055,27
Song_0006526,Justin Bieber,25,238346,35
Song_0006527,Billie Eilish,Anti,159222,89
Song_0006528,Rihanna,Scorpion,291915,17
Song_0006529,Adele,Evolve,238680,50
Song_0006530,Taylor Swift,Future Nostalgia,295079,11
Song_0006531,Taylor Swift,Midnights,299890,70
Song_0006532,Billie Eilish,Evolve,296858,48
Song_0006533,Adele,Future Nostalgia,242191,33
Song_0006534,Drake,Midnights,248142,42
Song_0006535,Dua Lipa,25,200298,9
Song_0006536,Ed Sheeran,Anti,167602,48
Song_0006537,Imagine Dragons,Justice,199973,87
Song_0006538,Adele,Justice,311353,48
Song_0006539,Ed Sheeran,After Hours,237410,31
Song_0006540,Ed Sheeran,Future Nostalgia,283302,47
Song_0006541,Imagine Dragons,Justice,265039,41
Song_0006542,Taylor Swift,Midnights,122039,60
Song_0006543,Taylor Swift,Justice,136032,81
Song_0006544,Imagine Dragons,Midnights,164224,42
Song_0006545,The Weeknd,Midnights,129952,13
Song_0006546,Adele,Midnights,165984,99
Song_0006547,Taylor Swift,25,284993,89
Song_0006548,Imagine Dragons,After Hours,297933,8
Song_0006549,The Weeknd,Justice,285957,45
Song_0006550,Imagine Dragons,When We All Fall Asleep,146997,73
Song_0006551,Adele,Justice,246676,37
Song_0006552,Billie Eilish,When We All Fall Asleep,232681,83
Song_0006553,Billie Eilish,25,200361,2
Song_0006554,Drake,Divide,203387,55
Song_0006555,Taylor Swift,Justice,208304,97
Song_0006556,Taylor Swift,Scorpion,292259,69
Song_0006557,Rihanna,When We All Fall Asleep,220263,91
Song_0006558,The Weeknd,Evolve,306646,85
Song_0006559,Imagine Dragons,Evolve,280044,67
Song_0006560,Imagine Dragons,Scorpion,249816,48
Song_0006561,The Weeknd,Anti,165297,16
Song_0006562,Rihanna,Scorpion,315432,69
Song_0006563,The Weeknd,Divide,292701,25
Song_0006564,Taylor Swift,Scorpion,243426,100
Song_0006565,Ed Sheeran,Midnights,121136,63
Song_0006566,Imagine Dragons,Future Nostalgia,163908,85
Song_0006567,Imagine Dragons,Future Nostalgia,245863,6
Song_0006568,Taylor Swift,After Hours,265000,25
Song_0006569,Rihanna,Future Nostalgia,289037,25
Song_0006570,Rihanna,Anti,277848,14
Song_0006571,Imagine Dragons,Scorpion,147005,58
Song_0006572,Imagine Dragons,After Hours,167898,62
Song_0006573,Rihanna,25,316154,51
Song_0006574,Ed Sheeran,Justice,136416,2
Song_0006575,Taylor Swift,Evolve,214306,84
Song_0006576,Justin Bieber,25,274410,84
Song_0006577,Dua Lipa,25,131102,2
Song_0006578,Imagine Dragons,Midnights,264958,100
Song_0006579,Taylor Swift,Midnights,131085,55
Song_0006580,Rihanna,Divide,303795,2
Song_0006581,Drake,After Hours,156224,51
Song_0006582,Billie Eilish,After Hours,183267,7
Song_0006583,Drake,Justice,193564,86
Song_0006584,The Weeknd,Divide,277151,68
Song_0006585,Imagine Dragons,Scorpion,183350,22
Song_0006586,Taylor Swift,Anti,142139,99
Song_0006587,Justin Bieber,Anti,170247,42
Song_0006588,Billie Eilish,When We All Fall Asleep,138456,93
Song_0006589,Drake,Scorpion,231095,6
Song_0006590,Rihanna,After Hours,300897,13
Song_0006591,Rihanna,Evolve,247707,40
Song_0006592,Dua Lipa,Future Nostalgia,133797,72
Song_0006593,Billie Eilish,Anti,291913,61
Song_0006594,Taylor Swift,After Hours,224250,78
Song_0006595,Dua Lipa,When We All Fall Asleep,155079,14
Song_0006596,Dua Lipa,After Hours,270556,85
Song_0006597,Billie Eilish,Scorpion,319552,51
Song_0006598,Drake,Midnights,260552,64
Song_0006599,Taylor Swift,Evolve,238450,25
Song_0006600,Taylor Swift,Divide,173945,85
Song_0006601,Billie Eilish,Scorpion,284904,39
Song_0006602,The Weeknd,When We All Fall Asleep,240928,91
Song_0006603,Taylor Swift,25,295427,97
Song_0006604,Drake,Future Nostalgia,250236,37
Song_0006605,Billie Eilish,Midnights,236697,11
Song_0006606,The Weeknd,Midnights,159293,77
Song_0006607,Rihanna,Anti,170776,38
Song_0006608,Dua Lipa,Anti,319523,29
Song_0006609,Rihanna,25,196554,85
Song_0006610,Billie Eilish,When We All Fall Asleep,169373,19
Song_0006611,Justin Bieber,Anti,287074,20
Song_0006612,Ed Sheeran,Anti,196913,84
Song_0006613,Justin Bieber,25,237629,77
Song_0006614,Taylor Swift,When We All Fall Asleep,123125,17
Song_0006615,Dua Lipa,25,241131,68
Song_0006616,Billie Eilish,After Hours,140218,82
Song_0006617,Rihanna,Midnights,240198,63
Song_0006618,Billie Eilish,25,274099,74
Song_0006619,The Weeknd,Evolve,127619,85
Song_0006620,Adele,Scorpion,162385,72
Song_0006621,Ed Sheeran,Evolve,223749,90
Song_0006622,Rihanna,After Hours,166379,90
Song_0006623,The Weeknd,Anti,154187,58
Song_0006624,Billie Eilish,Justice,164511,1
Song_0006625,Billie Eilish,Midnights,193390,52
Song_0006626,Billie Eilish,When We All Fall Asleep,134300,88
Song_0006627,Adele,Evolve,198688,79
Song_0006628,Billie Eilish,Scorpion,143745,80
Song_0006629,Dua Lipa,Divide,206427,44
Song_0006630,Drake,Justice,242105,50
Song_0006631,Billie Eilish,After Hours,311853,96
Song_0006632,Drake,Scorpion,309535,41
Song_0006633,Dua Lipa,Justice,166502,77
Song_0006634,The Weeknd,Divide,256683,42
Song_0006635,Justin Bieber,Anti,241993,74
Song_0006636,Dua Lipa,25,171280,5
Song_0006637,Drake,Future Nostalgia,225159,94
Song_0006638,Rihanna,Future Nostalgia,271068,44
Song_0006639,Justin Bieber,Future Nostalgia,219280,31
Song_0006640,Rihanna,Justice,258805,58
Song_0006641,Taylor Swift,Divide,247851,12
Song_0006642,Justin Bieber,25,250764,45
Song_0006643,Drake,When We All Fall Asleep,216647,52
Song_0006644,Taylor Swift,Scorpion,128557,87
Song_0006645,Justin Bieber,Scorpion,127556,71
Song_0006646,Billie Eilish,Justice,194416,91
Song_0006647,Taylor Swift,After Hours,315298,32
Song_0006648,Taylor Swift,25,229244,23
Song_0006649,The Weeknd,Divide,273636,40
Song_0006650,Ed Sheeran,25,266857,28
Song_0006651,Taylor Swift,25,261648,77
Song_0006652,Ed Sheeran,Midnights,268100,67
Song_0006653,Rihanna,Anti,297380,51
Song_0006654,Ed Sheeran,Divide,259380,19
Song_0006655,Adele,Justice,244418,28
Song_0006656,Drake,After Hours,266573,54
Song_0006657,Drake,Midnights,279060,72
Song_0006658,Imagine Dragons,25,128077,73
Song_0006659,Justin Bieber,When We All Fall Asleep,227925,66
Song_0006660,Justin Bieber,Anti,239129,56
Song_0006661,Billie Eilish,After Hours,181921,98
Song_0006662,Justin Bieber,When We All Fall Asleep,213456,16
Song_0006663,The Weeknd,Anti,265692,92
Song_0006664,Taylor Swift,Divide,287916,79
Song_0006665,Billie Eilish,Scorpion,160044,1
Song_0006666,Justin Bieber,Evolve,120600,29
Song_0006667,Rihanna,Scorpion,224255,49
Song_0006668,Justin Bieber,After Hours,307402,29
Song_0006669,Drake,Justice,264277,25
Song_0006670,Ed Sheeran,25,261402,68
Song_0006671,Rihanna,Scorpion,252077,88
Song_0006672,Justin Bieber,Scorpion,274903,11
Song_0006673,Drake,Anti,238165,77
Song_0006674,Justin Bieber,Evolve,196779,61
Song_0006675,Ed Sheeran,Scorpion,172142,25
Song_0006676,Billie Eilish,Future Nostalgia,235685,1
Song_0006677,Rihanna,Divide,141868,42
Song_0006678,Imagine Dragons,Evolve,287635,18
Song_0006679,Ed Sheeran,When We All Fall Asleep,263679,84
Song_0006680,Imagine Dragons,Evolve,280620,34
Song_0006681,Dua Lipa,Anti,145018,32
Song_0006682,Billie Eilish,Evolve,274064,19
Song_0006683,Imagine Dragons,Scorpion,136097,23
Song_0006684,Adele,25,224209,93
Song_0006685,Adele,Justice,211865,37
Song_0006686,Dua Lipa,Evolve,137209,98
Song_0006687,Ed Sheeran,Midnights,189519,93
Song_0006688,Imagine Dragons,Scorpion,210324,87
Song_0006689,Ed Sheeran,Scorpion,161813,22
Song_0006690,Rihanna,25,315128,17
Song_0006691,Rihanna,Scorpion,193431,30
Song_0006692,Imagine Dragons,Evolve,184768,58
Song_0006693,Rihanna,Divide,264564,13
Song_0006694,Imagine Dragons,Evolve,210883,43
Song_0006695,Dua Lipa,Scorpion,156031,80
Song_0006696,Taylor Swift,When We All Fall Asleep,163377,77
Song_0006697,Imagine Dragons,Anti,228881,42
Song_0006698,Rihanna,Anti,196536,15
Song_0006699,Justin Bieber,Evolve,234447,55
Song_0006700,Adele,Future Nostalgia,259841,64
Song_0006701,Adele,25,143803,2
Song_0006702,Billie Eilish,25,159903,99
Song_0006703,The Weeknd,Midnights,215166,72
Song_0006704,Billie Eilish,When We All Fall Asleep,277370,84
Song_0006705,Adele,Divide,155796,50
Song_0006706,Imagine Dragons,Future Nostalgia,306433,73
Song_0006707,Ed Sheeran,Divide,209425,28
Song_0006708,Justin Bieber,Scorpion,124517,97
Song_0006709,Imagine Dragons,Scorpion,229253,59
Song_0006710,Billie Eilish,Divide,167469,6
Song_0006711,The Weeknd,Evolve,296366,83
Song_0006712,Imagine Dragons,25,128299,95
Song_0006713,Billie Eilish,25,223109,42
Song_0006714,Billie Eilish,Divide,257014,21
Song_0006715,Billie Eilish,Future Nostalgia,219878,49
Song_0006716,Billie Eilish,Divide,257571,25
Song_0006717,Dua Lipa,25,198227,3
Song_0006718,Dua Lipa,Midnights,178127,3
Song_0006719,The Weeknd,Justice,287414,1
Song_0006720,Ed Sheeran,Divide,225707,2
Song_0006721,Taylor Swift,Divide,215864,92
Song_0006722,Dua Lipa,When We All Fall Asleep,244076,1
Song_0006723,Justin Bieber,Future Nostalgia,292467,69
Song_0006724,Drake,Scorpion,249103,68
Song_0006725,Imagine Dragons,Evolve,309830,58
Song_0006726,Adele,Midnights,280553,39
Song_0006727,The Weeknd,Scorpion,161425,82
Song_0006728,Taylor Swift,25,248320,83
Song_0006729,Taylor Swift,Divide,170971,81
Song_0006730,Drake,Anti,255331,90
Song_0006731,Drake,After Hours,173071,5
Song_0006732,Rihanna,Scorpion,201137,77
Song_0006733,Taylor Swift,Scorpion,206604,100
Song_0006734,Rihanna,Midnights,172144,44
Song_0006735,Rihanna,Divide,181218,91
Song_0006736,Rihanna,Justice,255023,38
Song_0006737,The Weeknd,Future Nostalgia,196297,91
Song_0006738,Imagine Dragons,Future Nostalgia,239483,48
Song_0006739,The Weeknd,Scorpion,236993,10
Song_0006740,Ed Sheeran,Scorpion,218170,47
Song_0006741,Adele,Anti,160168,14
Song_0006742,Taylor Swift,Divide,306626,46
Song_0006743,Rihanna,Midnights,141657,7
Song_0006744,Taylor Swift,Scorpion,139105,30
Song_0006745,Imagine Dragons,25,193382,6
Song_0006746,The Weeknd,Midnights,142271,55
Song_0006747,Dua Lipa,Scorpion,167203,61
Song_0006748,Taylor Swift,Evolve,169942,45
Song_0006749,Adele,When We All Fall Asleep,148255,62
Song_0006750,Rihanna,Evolve,163321,99
Song_0006751,Imagine Dragons,Anti,243495,43
Song_0006752,Rihanna,Anti,183025,28
Song_0006753,The Weeknd,Divide,214323,98
Song_0006754,Adele,Midnights,223872,57
Song_0006755,Drake,When We All Fall Asleep,146333,76
Song_0006756,The Weeknd,Evolve,149808,26
Song_0006757,Drake,Divide,284534,4
Song_0006758,Imagine Dragons,Midnights,308528,39
Song_0006759,Drake,25,229625,15
Song_0006760,Ed Sheeran,Scorpion,183638,5
Song_0006761,Taylor Swift,After Hours,259268,54
Song_0006762,Taylor Swift,After Hours,288566,30
Song_0006763,The Weeknd,Future Nostalgia,245873,20
Song_0006764,The Weeknd,When We All Fall Asleep,252306,92
Song_0006765,Ed Sheeran,Midnights,292355,64
Song_0006766,Drake,Evolve,135198,100
Song_0006767,The Weeknd,25,166052,47
Song_0006768,Ed Sheeran,Midnights,238004,39
Song_0006769,Dua Lipa,After Hours,200214,23
Song_0006770,Billie Eilish,After Hours,223252,61
Song_0006771,Dua Lipa,When We All Fall Asleep,308177,21
Song_0006772,Imagine Dragons,Evolve,279383,30
Song_0006773,Taylor Swift,After Hours,310234,49
Song_0006774,Ed Sheeran,25,261724,92
Song_0006775,Adele,Justice,303902,36
Song_0006776,Justin Bieber,Scorpion,203095,15
Song_0006777,Dua Lipa,Future Nostalgia,166324,89
Song_0006778,Adele,Justice,231468,43
Song_0006779,Dua Lipa,When We All Fall Asleep,160531,81
Song_0006780,Rihanna,25,293158,84
Song_0006781,Imagine Dragons,25,215781,43
Song_0006782,Dua Lipa,Midnights,278149,38
Song_0006783,Ed Sheeran,Divide,232423,85
Song_0006784,The Weeknd,Evolve,215340,6
Song_0006785,Imagine Dragons,Midnights,242470,31
Song_0006786,Imagine Dragons,After Hours,266388,49
Song_0006787,The Weeknd,Midnights,274695,33
Song_0006788,Rihanna,Scorpion,204261,68
Song_0006789,Rihanna,After Hours,199549,27
Song_0006790,Drake,Midnights,263432,71
Song_0006791,Taylor Swift,Future Nostalgia,276451,2
Song_0006792,Justin Bieber,Evolve,245101,1
Song_0006793,Taylor Swift,Scorpion,304236,18
Song_0006794,Taylor Swift,When We All Fall Asleep,263961,100
Song_0006795,Ed Sheeran,Scorpion,229885,67
Song_0006796,Ed Sheeran,Midnights,139694,70
Song_0006797,The Weeknd,Midnights,133326,78
Song_0006798,Dua Lipa,Evolve,122027,1
Song_0006799,Justin Bieber,Justice,123342,22
Song_0006800,Drake,Anti,120472,79
Song_0006801,Drake,Scorpion,170623,5
Song_0006802,The Weeknd,Anti,213380,55
Song_0006803,Imagine Dragons,Evolve,122445,91
Song_0006804,Drake,Midnights,283215,40
Song_0006805,Adele,Divide,285211,58
Song_0006806,Rihanna,Evolve,153281,14
Song_0006807,Drake,25,267759,98
Song_0006808,Drake,Evolve,156650,2
Song_0006809,Ed Sheeran,Scorpion,284034,69
Song_0006810,The Weeknd,Anti,156651,1
Song_0006811,Dua Lipa,25,311665,53
Song_0006812,Taylor Swift,When We All Fall Asleep,264737,40
Song_0006813,The Weeknd,Future Nostalgia,178387,74
Song_0006814,Rihanna,Future Nostalgia,133194,50
Song_0006815,Taylor Swift,Scorpion,261391,75
Song_0006816,Ed Sheeran,When We All Fall Asleep,211831,67
Song_0006817,Ed Sheeran,Future Nostalgia,213514,73
Song_0006818,Billie Eilish,Scorpion,156061,43
Song_0006819,Billie Eilish,Evolve,188001,67
Song_0006820,Rihanna,Divide,248719,96
Song_0006821,Dua Lipa,After Hours,252117,84
Song_0006822,Imagine Dragons,Anti,212324,13
Song_0006823,Justin Bieber,Future Nostalgia,248293,88
Song_0006824,The Weeknd,Anti,157030,24
Song_0006825,Justin Bieber,Anti,302310,72
Song_0006826,Imagine Dragons,After Hours,161652,98
Song_0006827,The Weeknd,Evolve,127796,94
Song_0006828,Billie Eilish,When We All Fall Asleep,291688,92
Song_0006829,Dua Lipa,Evolve,130707,56
Song_0006830,Dua Lipa,Future Nostalgia,310382,77
Song_0006831,Billie Eilish,Justice,216497,35
Song_0006832,Dua Lipa,Divide,302414,8
Song_0006833,Justin Bieber,Evolve,232425,72
Song_0006834,Rihanna,Future Nostalgia,309816,56
Song_0006835,Taylor Swift,When We All Fall Asleep,257931,43
Song_0006836,The Weeknd,Midnights,179655,33
Song_0006837,Adele,Anti,319873,45
Song_0006838,Dua Lipa,When We All Fall Asleep,157673,69
Song_0006839,Billie Eilish,When We All Fall Asleep,215546,57
Song_0006840,Imagine Dragons,After Hours,256571,4
Song_0006841,Billie Eilish,Evolve,272082,21
Song_0006842,Rihanna,After Hours,141286,47
Song_0006843,Taylor Swift,Divide,227520,80
Song_0006844,Dua Lipa,Midnights,307213,14
Song_0006845,Justin Bieber,Midnights,247660,19
Song_0006846,The Weeknd,When We All Fall Asleep,264197,49
Song_0006847,The Weeknd,Midnights,155916,70
Song_0006848,Dua Lipa,Divide,244734,46
Song_0006849,Taylor Swift,When We All Fall Asleep,137331,25
Song_0006850,Ed Sheeran,Future Nostalgia,182237,54
Song_0006851,Drake,Anti,245642,8
Song_0006852,Billie Eilish,Evolve,309830,48
Song_0006853,Drake,Scorpion,265190,16
Song_0006854,Imagine Dragons,Justice,243099,72
Song_0006855,Drake,Justice,226985,37
Song_0006856,Taylor Swift,Future Nostalgia,251749,94
Song_0006857,Adele,Divide,264679,41
Song_0006858,Dua Lipa,After Hours,306255,96
Song_0006859,Adele,Divide,314901,19
Song_0006860,Justin Bieber,Anti,243250,54
Song_0006861,The Weeknd,Future Nostalgia,311880,40
Song_0006862,Drake,Anti,302386,46
Song_0006863,Taylor Swift,Midnights,160123,17
Song_0006864,Rihanna,25,221190,65
Song_0006865,Billie Eilish,Evolve,142186,39
Song_0006866,Imagine Dragons,Evolve,222428,52
Song_0006867,Ed Sheeran,Midnights,140931,68
Song_0006868,Ed Sheeran,Anti,272242,89
Song_0006869,Adele,Midnights,160211,51
Song_0006870,Ed Sheeran,Scorpion,127686,44
Song_0006871,Ed Sheeran,When We All Fall Asleep,206705,15
Song_0006872,Taylor Swift,When We All Fall Asleep,241439,55
Song_0006873,Taylor Swift,Midnights,300717,48
Song_0006874,Drake,Evolve,124580,54
Song_0006875,Ed Sheeran,Divide,259004,30
Song_0006876,The Weeknd,Scorpion,172524,75
Song_0006877,Imagine Dragons,Scorpion,193918,80
Song_0006878,Drake,Evolve,275198,26
Song_0006879,The Weeknd,Future Nostalgia,266527,67
Song_0006880,Drake,Divide,171150,94
Song_0006881,Billie Eilish,Future Nostalgia,311903,45
Song_0006882,Rihanna,When We All Fall Asleep,215329,11
Song_0006883,Rihanna,Justice,124586,82
Song_0006884,Taylor Swift,Future Nostalgia,136830,11
Song_0006885,Dua Lipa,Evolve,152626,76
Song_0006886,Ed Sheeran,Anti,220456,69
Song_0006887,Rihanna,When We All Fall Asleep,185923,1
Song_0006888,Adele,Evolve,159833,39
Song_0006889,Billie Eilish,Midnights,174430,18
Song_0006890,Adele,Divide,134783,52
Song_0006891,Ed Sheeran,Scorpion,217237,53
Song_0006892,Drake,Anti,169103,60
Song_0006893,Drake,Divide,197649,79
Song_0006894,Justin Bieber,Future Nostalgia,182314,86
Song_0006895,Dua Lipa,Midnights,131608,13
Song_0006896,Taylor Swift,Evolve,196439,24
Song_0006897,Rihanna,Future Nostalgia,307127,68
Song_0006898,Rihanna,25,144396,97
Song_0006899,Billie Eilish,25,264542,96
Song_0006900,Adele,Evolve,230630,27
Song_0006901,Imagine Dragons,Future Nostalgia,169959,88
Song_0006902,Imagine Dragons,Scorpion,233806,9
Song_0006903,Imagine Dragons,After Hours,231906,60
Song_0006904,Taylor Swift,Evolve,210964,98
Song_0006905,The Weeknd,Future Nostalgia,259255,76
Song_0006906,Imagine Dragons,Scorpion,315391,28
Song_0006907,The Weeknd,Evolve,283384,3
Song_0006908,Ed Sheeran,Divide,286489,31
Song_0006909,Imagine Dragons,Scorpion,204935,97
Song_0006910,Dua Lipa,Justice,230731,45
Song_0006911,Billie Eilish,Scorpion,307939,94
Song_0006912,Adele,Justice,235171,32
Song_0006913,Dua Lipa,Evolve,213833,77
Song_0006914,Adele,Justice,301603,64
Song_0006915,Ed Sheeran,After Hours,230115,30
Song_0006916,Justin Bieber,Scorpion,220814,93
Song_0006917,Justin Bieber,After Hours,138648,75
Song_0006918,Imagine Dragons,Divide,220127,8
Song_0006919,Taylor Swift,When We All Fall Asleep,138761,28
Song_0006920,Taylor Swift,Divide,224968,92
Song_0006921,Drake,Evolve,225370,54
Song_0006922,The Weeknd,Future Nostalgia,196232,92
Song_0006923,Rihanna,Divide,201193,98
Song_0006924,Dua Lipa,Divide,217037,6
Song_0006925,Rihanna,When We All Fall Asleep,160346,37
Song_0006926,Imagine Dragons,Justice,220146,49
Song_0006927,Imagine Dragons,25,141938,71
Song_0006928,Taylor Swift,Divide,268240,75
Song_0006929,Billie Eilish,Scorpion,258050,92
Song_0006930,Ed Sheeran,Anti,251040,56
Song_0006931,Rihanna,Future Nostalgia,306852,26
Song_0006932,Justin Bieber,Justice,186434,75
Song_0006933,Drake,When We All Fall Asleep,164547,8
Song_0006934,Justin Bieber,Divide,245936,41
Song_0006935,The Weeknd,Divide,176712,10
Song_0006936,Rihanna,Anti,145562,69
Song_0006937,Dua Lipa,Anti,173197,4
Song_0006938,Ed Sheeran,Evolve,290615,60
Song_0006939,Drake,When We All Fall Asleep,261643,55
Song_0006940,Dua Lipa,Anti,175302,81
Song_0006941,Adele,Divide,181395,29
Song_0006942,Justin Bieber,Future Nostalgia,158414,75
Song_0006943,The Weeknd,Divide,293874,26
Song_0006944,Justin Bieber,Justice,161093,37
Song_0006945,Rihanna,Future Nostalgia,172931,32
Song_0006946,Rihanna,Midnights,187377,7
Song_0006947,The Weeknd,When We All Fall Asleep,162528,78
Song_0006948,Rihanna,Divide,227502,24
Song_0006949,Ed Sheeran,Midnights,148382,16
Song_0006950,Justin Bieber,Midnights,168350,27
Song_0006951,Imagine Dragons,When We All Fall Asleep,319097,92
Song_0006952,Dua Lipa,When We All Fall Asleep,238685,13
Song_0006953,Justin Bieber,After Hours,267560,24
Song_0006954,Drake,Evolve,244110,40
Song_0006955,The Weeknd,Midnights,175366,11
Song_0006956,Rihanna,Divide,161515,72
Song_0006957,Dua Lipa,Divide,298290,33
Song_0006958,Drake,25,200484,61
Song_0006959,Rihanna,Midnights,273820,86
Song_0006960,Rihanna,Divide,245633,56
Song_0006961,The Weeknd,When We All Fall Asleep,153156,67
Song_0006962,Adele,Anti,299114,50
Song_0006963,Dua Lipa,Evolve,151616,63
Song_0006964,Ed Sheeran,Anti,209180,41
Song_0006965,Taylor Swift,Midnights,317414,89
Song_0006966,Ed Sheeran,Midnights,147298,40
Song_0006967,Imagine Dragons,Anti,168343,54
Song_0006968,Drake,Divide,145080,35
Song_0006969,Dua Lipa,When We All Fall Asleep,166518,88
Song_0006970,Rihanna,Future Nostalgia,144229,55
Song_0006971,Imagine Dragons,Future Nostalgia,274935,74
Song_0006972,Ed Sheeran,When We All Fall Asleep,124845,75
Song_0006973,Imagine Dragons,After Hours,318013,67
Song_0006974,Dua Lipa,Midnights,232594,30
Song_0006975,Imagine Dragons,When We All Fall Asleep,141335,27
Song_0006976,Billie Eilish,Midnights,133683,79
Song_0006977,Dua Lipa,Future Nostalgia,219332,79
Song_0006978,Adele,Scorpion,183106,62
Song_0006979,Rihanna,25,240231,70
Song_0006980,Adele,Future Nostalgia,161717,18
Song_0006981,The Weeknd,After Hours,229590,17
Song_0006982,Billie Eilish,Evolve,130444,42
Song_0006983,Ed Sheeran,After Hours,190152,36
Song_0006984,Taylor Swift,Future Nostalgia,128340,63
Song_0006985,Dua Lipa,Anti,178108,56
Song_0006986,The Weeknd,Anti,132608,41
Song_0006987,Drake,Anti,244780,72
Song_0006988,Billie Eilish,When We All Fall Asleep,194176,40
Song_0006989,Rihanna,25,214053,47
Song_0006990,Imagine Dragons,25,225858,81
Song_0006991,Imagine Dragons,Divide,123147,16
Song_0006992,Drake,Future Nostalgia,127051,46
Song_0006993,Imagine Dragons,Anti,304792,86
Song_0006994,Drake,After Hours,146847,5
Song_0006995,Justin Bieber,Evolve,208387,44
Song_0006996,Billie Eilish,Justice,230304,85
Song_0006997,The Weeknd,When We All Fall Asleep,150010,29
Song_0006998,Justin Bieber,After Hours,281892,12
Song_0006999,Taylor Swift,Midnights,254536,89
Song_0007000,Drake,Anti,154686,56
Song_0007001,Rihanna,25,225525,25
Song_0007002,Justin Bieber,When We All Fall Asleep,264658,61
Song_0007003,The Weeknd,Divide,204194,24
Song_0007004,Billie Eilish,Future Nostalgia,277762,43
Song_0007005,The Weeknd,When We All Fall Asleep,245403,91
Song_0007006,Justin Bieber,Future Nostalgia,307852,6
Song_0007007,Drake,Midnights,199223,25
Song_0007008,Ed Sheeran,Scorpion,216062,11
Song_0007009,Taylor Swift,Midnights,211191,1
Song_0007010,Taylor Swift,After Hours,214668,32
Song_0007011,Taylor Swift,Justice,212464,1
Song_0007012,Adele,After Hours,200048,41
Song_0007013,Imagine Dragons,Evolve,172485,15
Song_0007014,Taylor Swift,Scorpion,273928,89
Song_0007015,Adele,25,213392,45
Song_0007016,Dua Lipa,Scorpion,260619,7
Song_0007017,The Weeknd,Anti,194657,12
Song_0007018,Taylor Swift,Scorpion,142473,87
Song_0007019,Ed Sheeran,Future Nostalgia,268722,36
Song_0007020,Adele,After Hours,275976,35
Song_0007021,The Weeknd,Anti,166467,43
Song_0007022,The Weeknd,Midnights,223631,69
Song_0007023,Ed Sheeran,When We All Fall Asleep,194025,84
Song_0007024,Dua Lipa,Midnights,244136,22
Song_0007025,Billie Eilish,Justice,167336,97
Song_0007026,The Weeknd,When We All Fall Asleep,251270,100
Song_0007027,Dua Lipa,After Hours,288602,61
Song_0007028,Adele,Justice,120070,44
Song_0007029,Justin Bieber,When We All Fall Asleep,319748,98
Song_0007030,Dua Lipa,Future Nostalgia,140195,88
Song_0007031,Drake,25,285936,90
Song_0007032,The Weeknd,Divide,163703,11
Song_0007033,Imagine Dragons,When We All Fall Asleep,141704,7
Song_0007034,Imagine Dragons,Midnights,304827,48
Song_0007035,Taylor Swift,After Hours,291974,88
Song_0007036,Dua Lipa,Evolve,176921,68
Song_0007037,Billie Eilish,When We All Fall Asleep,259954,51
Song_0007038,Rihanna,Scorpion,223665,72
Song_0007039,Justin Bieber,Future Nostalgia,252447,10
Song_0007040,Billie Eilish,After Hours,228658,54
Song_0007041,Rihanna,After Hours,241764,87
Song_0007042,Adele,Evolve,261927,24
Song_0007043,Justin Bieber,Evolve,143707,22
Song_0007044,Imagine Dragons,Midnights,272762,23
Song_0007045,Drake,Divide,306906,37
Song_0007046,Rihanna,Divide,248051,50
Song_0007047,Taylor Swift,Scorpion,138976,36
Song_0007048,Taylor Swift,Divide,167073,53
Song_0007049,Justin Bieber,Future Nostalgia,242750,81
Song_0007050,Imagine Dragons,When We All Fall Asleep,144615,67
Song_0007051,Billie Eilish,When We All Fall Asleep,274541,100
Song_0007052,Justin Bieber,Scorpion,234699,58
Song_0007053,Adele,Scorpion,281864,49
Song_0007054,Ed Sheeran,Anti,145334,49
Song_0007055,Taylor Swift,Scorpion,316882,14
Song_0007056,Drake,Future Nostalgia,181081,89
Song_0007057,Imagine Dragons,After Hours,146057,78
Song_0007058,Adele,Anti,142272,70
Song_0007059,The Weeknd,Justice,314619,53
Song_0007060,Ed Sheeran,Evolve,316235,84
Song_0007061,Adele,Midnights,285087,11
Song_0007062,Ed Sheeran,Anti,278586,43
Song_0007063,Adele,Evolve,246804,53
Song_0007064,Imagine Dragons,Evolve,300180,12
Song_0007065,Rihanna,Divide,242667,24
Song_0007066,Imagine Dragons,Midnights,157401,68
Song_0007067,Billie Eilish,Divide,218981,59
Song_0007068,Adele,When We All Fall Asleep,268701,5
Song_0007069,Adele,Scorpion,312408,80
Song_0007070,Imagine Dragons,When We All Fall Asleep,190343,91
Song_0007071,Billie Eilish,When We All Fall Asleep,127837,6
Song_0007072,Dua Lipa,Anti,269506,80
Song_0007073,Billie Eilish,Future Nostalgia,144168,69
Song_0007074,Ed Sheeran,Justice,193673,9
Song_0007075,Justin Bieber,Divide,138093,51
Song_0007076,Rihanna,Evolve,120339,13
Song_0007077,The Weeknd,Justice,219338,16
Song_0007078,Justin Bieber,Scorpion,156644,20
Song_0007079,Adele,Divide,230856,25
Song_0007080,Billie Eilish,25,226923,19
Song_0007081,Billie Eilish,Scorpion,128935,66
Song_0007082,Ed Sheeran,After Hours,294092,93
Song_0007083,Taylor Swift,Anti,261914,35
Song_0007084,The Weeknd,25,309629,61
Song_0007085,Taylor Swift,Midnights,266229,27
Song_0007086,Rihanna,Evolve,306248,41
Song_0007087,Justin Bieber,Future Nostalgia,301448,83
Song_0007088,Imagine Dragons,Midnights,202363,58
Song_0007089,Ed Sheeran,25,308014,14
Song_0007090,The Weeknd,When We All Fall Asleep,289728,92
Song_0007091,Rihanna,Future Nostalgia,310026,53
Song_0007092,Dua Lipa,Scorpion,134556,55
Song_0007093,Justin Bieber,Justice,283969,50
Song_0007094,Rihanna,Justice,271917,98
Song_0007095,Dua Lipa,After Hours,313828,45
Song_0007096,Justin Bieber,Justice,171802,99
Song_0007097,Imagine Dragons,Justice,177705,88
Song_0007098,Justin Bieber,After Hours,130365,18
Song_0007099,Rihanna,Anti,136999,95
Song_0007100,Billie Eilish,Evolve,266071,8
Song_0007101,Adele,Anti,125841,62
Song_0007102,Justin Bieber,Anti,176675,54
Song_0007103,Dua Lipa,When We All Fall Asleep,194303,25
Song_0007104,The Weeknd,After Hours,216853,8
Song_0007105,Ed Sheeran,Scorpion,293582,5
Song_0007106,The Weeknd,25,213939,87
Song_0007107,Imagine Dragons,Scorpion,278980,11
Song_0007108,Rihanna,Justice,240358,5
Song_0007109,Adele,25,137409,48
Song_0007110,Dua Lipa,Justice,170195,53
Song_0007111,Dua Lipa,Scorpion,266543,8
Song_0007112,Ed Sheeran,Divide,258664,13
Song_0007113,Rihanna,25,292998,80
Song_0007114,Adele,Justice,180627,53
Song_0007115,The Weeknd,Future Nostalgia,246899,52
Song_0007116,Billie Eilish,Midnights,194594,20
Song_0007117,Adele,Scorpion,309030,87
Song_0007118,Billie Eilish,Anti,221590,83
Song_0007119,The Weeknd,Future Nostalgia,176058,13
Song_0007120,Taylor Swift,Midnights,127234,28
Song_0007121,Rihanna,When We All Fall Asleep,277743,20
Song_0007122,Ed Sheeran,Evolve,315835,42
Song_0007123,Justin Bieber,Anti,279415,7
Song_0007124,Dua Lipa,Scorpion,231837,98
Song_0007125,Billie Eilish,Divide,138522,31
Song_0007126,Justin Bieber,Evolve,275894,21
Song_0007127,The Weeknd,Justice,280618,70
Song_0007128,The Weeknd,When We All Fall Asleep,299259,26
Song_0007129,Ed Sheeran,25,137337,99
Song_0007130,Drake,25,243255,44
Song_0007131,Justin Bieber,Justice,260962,52
Song_0007132,Justin Bieber,Scorpion,232812,64
Song_0007133,Rihanna,Anti,132999,64
Song_0007134,Imagine Dragons,Scorpion,269527,57
Song_0007135,Justin Bieber,After Hours,228059,4
Song_0007136,Adele,Scorpion,243307,87
Song_0007137,Ed Sheeran,Midnights,129439,43
Song_0007138,Imagine Dragons,Midnights,169194,82
Song_0007139,Imagine Dragons,Evolve,300465,53
Song_0007140,Drake,Divide,162367,86
Song_0007141,Taylor Swift,After Hours,126784,11
Song_0007142,The Weeknd,Evolve,285558,70
Song_0007143,Billie Eilish,Evolve,234861,95
Song_0007144,Adele,Midnights,301790,18
Song_0007145,Ed Sheeran,Midnights,157896,32
Song_0007146,Rihanna,Divide,181244,27
Song_0007147,Imagine Dragons,Divide,217598,30
Song_0007148,Drake,Scorpion,305019,52
Song_0007149,The Weeknd,Midnights,316336,39
Song_0007150,Justin Bieber,25,299564,8
Song_0007151,Ed Sheeran,Anti,161256,92
Song_0007152,Justin Bieber,When We All Fall Asleep,247036,93
Song_0007153,Rihanna,Scorpion,302149,22
Song_0007154,Drake,Divide,141955,55
Song_0007155,Taylor Swift,Midnights,242862,60
Song_0007156,Dua Lipa,Divide,239017,8
Song_0007157,Adele,25,146820,69
Song_0007158,Justin Bieber,25,312425,92
Song_0007159,Billie Eilish,25,286025,50
Song_0007160,The Weeknd,Evolve,255385,53
Song_0007161,The Weeknd,Evolve,124186,80
Song_0007162,Justin Bieber,25,185481,22
Song_0007163,The Weeknd,Divide,234146,41
Song_0007164,Taylor Swift,Midnights,263616,38
Song_0007165,Rihanna,Evolve,207479,55
Song_0007166,Taylor Swift,25,317983,78
Song_0007167,Drake,After Hours,265937,85
Song_0007168,Drake,When We All Fall Asleep,154659,44
Song_0007169,Dua Lipa,25,207776,24
Song_0007170,Billie Eilish,25,172107,10
Song_0007171,Taylor Swift,When We All Fall Asleep,297578,6
Song_0007172,Taylor Swift,After Hours,123975,80
Song_0007173,Adele,Scorpion,149821,42
Song_0007174,Adele,Justice,272703,8
Song_0007175,Adele,Midnights,199833,41
Song_0007176,Ed Sheeran,Midnights,310891,27
Song_0007177,Taylor Swift,Divide,182149,8
Song_0007178,Rihanna,Anti,257730,65
Song_0007179,Drake,When We All Fall Asleep,270861,15
Song_0007180,Rihanna,Evolve,190488,25
Song_0007181,Adele,Midnights,313210,22
Song_0007182,Imagine Dragons,Scorpion,136827,18
Song_0007183,Imagine Dragons,When We All Fall Asleep,138000,99
Song_0007184,Imagine Dragons,Divide,146961,94
Song_0007185,Dua Lipa,Evolve,313838,23
Song_0007186,Taylor Swift,25,227291,99
Song_0007187,Drake,Future Nostalgia,170004,19
Song_0007188,Justin Bieber,Evolve,198854,71
Song_0007189,Billie Eilish,Scorpion,245116,7
Song_0007190,Imagine Dragons,Justice,216371,91
Song_0007191,Dua Lipa,25,206838,92
Song_0007192,Imagine Dragons,Justice,237305,73
Song_0007193,Taylor Swift,After Hours,302589,42
Song_0007194,Imagine Dragons,Divide,257765,67
Song_0007195,Justin Bieber,Divide,220492,64
Song_0007196,Billie Eilish,When We All Fall Asleep,250367,31
Song_0007197,Billie Eilish,Scorpion,154697,15
Song_0007198,Drake,Scorpion,298747,62
Song_0007199,Taylor Swift,Evolve,130094,21
Song_0007200,Billie Eilish,Evolve,145879,82
Song_0007201,Ed Sheeran,Future Nostalgia,122515,44
Song_0007202,Billie Eilish,Justice,161007,35
Song_0007203,Imagine Dragons,When We All Fall Asleep,195319,58
Song_0007204,Imagine Dragons,25,269240,5
Song_0007205,Rihanna,Scorpion,307744,13
Song_0007206,Adele,Midnights,213708,82
Song_0007207,Ed Sheeran,Midnights,204656,64
Song_0007208,Taylor Swift,When We All Fall Asleep,144590,74
Song_0007209,Adele,After Hours,174986,84
Song_0007210,Justin Bieber,After Hours,129557,58
Song_0007211,Taylor Swift,When We All Fall Asleep,296259,57
Song_0007212,Adele,Future Nostalgia,168516,91
Song_0007213,Dua Lipa,Scorpion,281976,23
Song_0007214,Drake,Midnights,301591,1
Song_0007215,Taylor Swift,Divide,145562,90
Song_0007216,Dua Lipa,Divide,298151,88
Song_0007217,The Weeknd,Divide,256036,19
Song_0007218,Dua Lipa,Justice,164654,28
Song_0007219,Taylor Swift,Future Nostalgia,165094,2
Song_0007220,Billie Eilish,Divide,237435,47
Song_0007221,Rihanna,Evolve,207172,30
Song_0007222,Ed Sheeran,When We All Fall Asleep,312268,37
Song_0007223,Taylor Swift,25,319386,39
Song_0007224,The Weeknd,Anti,229524,33
Song_0007225,The Weeknd,Justice,295511,55
Song_0007226,Adele,After Hours,125157,93
Song_0007227,Adele,Future Nostalgia,170457,37
Song_0007228,Billie Eilish,Justice,209028,39
Song_0007229,Rihanna,Future Nostalgia,170216,24
Song_0007230,Dua Lipa,When We All Fall Asleep,208590,54
Song_0007231,Justin Bieber,Midnights,138102,48
Song_0007232,Imagine Dragons,When We All Fall Asleep,141692,97
Song_0007233,Billie Eilish,Evolve,120691,40
Song_0007234,Billie Eilish,Midnights,243895,65
Song_0007235,Imagine Dragons,Scorpion,175979,27
Song_0007236,Drake,25,145482,98
Song_0007237,Drake,Anti,300240,84
Song_0007238,Imagine Dragons,Scorpion,196621,35
Song_0007239,Billie Eilish,Justice,183948,57
Song_0007240,Drake,Anti,296962,20
Song_0007241,Drake,Future Nostalgia,175340,42
Song_0007242,Taylor Swift,Evolve,215904,61
Song_0007243,Billie Eilish,25,262072,6
Song_0007244,Drake,Evolve,161134,18
Song_0007245,Adele,Scorpion,223996,53
Song_0007246,Adele,Midnights,306977,65
Song_0007247,Taylor Swift,Justice,121728,25
Song_0007248,Billie Eilish,Future Nostalgia,186175,98
Song_0007249,Imagine Dragons,Midnights,180428,40
Song_0007250,Imagine Dragons,Future Nostalgia,305653,9
Song_0007251,Dua Lipa,Evolve,244004,100
Song_0007252,Taylor Swift,After Hours,196441,59
Song_0007253,Justin Bieber,Divide,284212,7
Song_0007254,Rihanna,Scorpion,210824,82
Song_0007255,The Weeknd,After Hours,213697,95
Song_0007256,The Weeknd,Scorpion,286772,43
Song_0007257,Imagine Dragons,After Hours,316163,92
Song_0007258,Adele,25,226982,44
Song_0007259,The Weeknd,Future Nostalgia,124231,29
Song_0007260,Adele,Divide,293118,13
Song_0007261,Dua Lipa,When We All Fall Asleep,150705,85
Song_0007262,Taylor Swift,Scorpion,135007,85
Song_0007263,Ed Sheeran,Divide,152860,89
Song_0007264,Dua Lipa,Justice,152118,75
Song_0007265,The Weeknd,When We All Fall Asleep,260955,26
Song_0007266,Billie Eilish,When We All Fall Asleep,151416,58
Song_0007267,The Weeknd,Scorpion,257779,98
Song_0007268,Taylor Swift,Evolve,158143,23
Song_0007269,Drake,After Hours,305297,28
Song_0007270,The Weeknd,25,178346,10
Song_0007271,Imagine Dragons,After Hours,296679,89
Song_0007272,Justin Bieber,When We All Fall Asleep,271344,47
Song_0007273,Imagine Dragons,When We All Fall Asleep,284056,12
Song_0007274,Adele,Divide,257766,46
Song_0007275,Dua Lipa,Future Nostalgia,136952,7
Song_0007276,Taylor Swift,Evolve,126995,6
Song_0007277,Justin Bieber,25,318019,27
Song_0007278,Taylor Swift,Justice,213326,54
Song_0007279,Billie Eilish,Midnights,227299,23
Song_0007280,Billie Eilish,Midnights,270874,63
Song_0007281,Ed Sheeran,25,211976,53
Song_0007282,Taylor Swift,Evolve,301226,64
Song_0007283,Justin Bieber,Midnights,301523,9
Song_0007284,Imagine Dragons,Midnights,221367,67
Song_0007285,Taylor Swift,Justice,187887,8
Song_0007286,Billie Eilish,After Hours,196981,16
Song_0007287,Dua Lipa,25,247993,16
Song_0007288,Imagine Dragons,Anti,133083,24
Song_0007289,Billie Eilish,When We All Fall Asleep,133387,58
Song_0007290,The Weeknd,Scorpion,137036,57
Song_0007291,Taylor Swift,Justice,319624,29
Song_0007292,Taylor Swift,Scorpion,187608,28
Song_0007293,The Weeknd,25,164828,68
Song_0007294,Ed Sheeran,25,317108,85
Song_0007295,Billie Eilish,Future Nostalgia,122936,20
Song_0007296,Adele,25,278235,65
Song_0007297,Imagine Dragons,When We All Fall Asleep,121373,98
Song_0007298,Adele,Future Nostalgia,245934,21
Song_0007299,Drake,Justice,298019,6
Song_0007300,Drake,When We All Fall Asleep,273189,18
Song_0007301,The Weeknd,Divide,239514,85
Song_0007302,Ed Sheeran,Justice,296234,7
Song_0007303,Adele,After Hours,158356,63
Song_0007304,Drake,Divide,258126,29
Song_0007305,Billie Eilish,Evolve,257769,59
Song_0007306,Billie Eilish,Midnights,316600,70
Song_0007307,Adele,Midnights,264984,21
Song_0007308,Drake,When We All Fall Asleep,213921,87
Song_0007309,Ed Sheeran,Scorpion,169542,49
Song_0007310,The Weeknd,Future Nostalgia,248158,15
Song_0007311,Ed Sheeran,Midnights,261385,15
Song_0007312,Ed Sheeran,Evolve,216280,20
Song_0007313,Dua Lipa,Scorpion,262895,24
Song_0007314,Adele,When We All Fall Asleep,219123,86
Song_0007315,Ed Sheeran,Future Nostalgia,256869,23
Song_0007316,Taylor Swift,Scorpion,229419,81
Song_0007317,Imagine Dragons,Evolve,238358,56
Song_0007318,Billie Eilish,Midnights,311685,20
Song_0007319,The Weeknd,Divide,287604,76
Song_0007320,Ed Sheeran,Anti,166905,85
Song_0007321,Imagine Dragons,Divide,271688,36
Song_0007322,Billie Eilish,Evolve,185714,45
Song_0007323,Billie Eilish,Midnights,166555,23
Song_0007324,The Weeknd,Evolve,143266,38
Song_0007325,Ed Sheeran,25,225411,3
Song_0007326,Adele,Justice,174603,33
Song_0007327,Justin Bieber,When We All Fall Asleep,221453,5
Song_0007328,Taylor Swift,25,169947,24
Song_0007329,Justin Bieber,Midnights,269184,65
Song_0007330,Adele,When We All Fall Asleep,127573,84
Song_0007331,The Weeknd,Justice,139101,92
Song_0007332,The Weeknd,When We All Fall Asleep,139236,78
Song_0007333,Justin Bieber,Anti,272863,63
Song_0007334,Taylor Swift,Future Nostalgia,128680,100
Song_0007335,Adele,After Hours,227664,86
Song_0007336,Billie Eilish,Scorpion,241943,42
Song_0007337,Taylor Swift,Future Nostalgia,316666,36
Song_0007338,Dua Lipa,Future Nostalgia,251056,19
Song_0007339,Dua Lipa,After Hours,216897,61
Song_0007340,Adele,After Hours,214146,56
Song_0007341,Drake,Scorpion,243322,68
Song_0007342,The Weeknd,When We All Fall Asleep,123735,42
Song_0007343,Adele,After Hours,246636,84
Song_0007344,Billie Eilish,Divide,166327,43
Song_0007345,Ed Sheeran,When We All Fall Asleep,263030,64
Song_0007346,Ed Sheeran,25,308622,89
Song_0007347,Justin Bieber,Evolve,168184,10
Song_0007348,Rihanna,Evolve,235148,66
Song_0007349,Drake,Anti,301334,46
Song_0007350,Rihanna,Divide,160980,91
Song_0007351,Dua Lipa,Divide,220091,33
Song_0007352,Ed Sheeran,Evolve,310673,89
Song_0007353,Drake,Future Nostalgia,307435,49
Song_0007354,Taylor Swift,Justice,126285,63
Song_0007355,Drake,Anti,178891,61
Song_0007356,Billie Eilish,When We All Fall Asleep,284715,80
Song_0007357,Drake,Scorpion,133067,92
Song_0007358,Justin Bieber,25,156093,24
Song_0007359,Adele,Divide,123076,79
Song_0007360,Adele,25,196502,18
Song_0007361,Drake,Scorpion,195093,46
Song_0007362,Dua Lipa,After Hours,200976,82
Song_0007363,Rihanna,Scorpion,166652,99
Song_0007364,Adele,Justice,263607,26
Song_0007365,Justin Bieber,After Hours,154617,91
Song_0007366,Adele,25,225365,72
Song_0007367,Rihanna,Anti,178290,34
Song_0007368,Billie Eilish,Justice,304371,55
Song_0007369,Dua Lipa,Scorpion,260469,1
Song_0007370,Dua Lipa,Anti,313052,38
Song_0007371,Drake,Future Nostalgia,183807,27
Song_0007372,Justin Bieber,Anti,273319,68
Song_0007373,Ed Sheeran,25,268191,2
Song_0007374,Adele,Midnights,231146,17
Song_0007375,Adele,Anti,274829,87
Song_0007376,Billie Eilish,Justice,261398,82
Song_0007377,Billie Eilish,Divide,147855,97
Song_0007378,The Weeknd,Evolve,237541,94
Song_0007379,Justin Bieber,Anti,177772,71
Song_0007380,Drake,25,137121,96
Song_0007381,Ed Sheeran,Anti,122436,74
Song_0007382,The Weeknd,Evolve,234948,36
Song_0007383,Rihanna,Anti,290213,24
Song_0007384,The Weeknd,Future Nostalgia,201287,32
Song_0007385,Justin Bieber,Scorpion,164381,73
Song_0007386,Rihanna,Divide,244871,48
Song_0007387,Billie Eilish,Justice,310382,13
Song_0007388,The Weeknd,Evolve,280023,96
Song_0007389,Adele,Divide,251228,75
Song_0007390,Justin Bieber,Evolve,247915,43
Song_0007391,Adele,When We All Fall Asleep,300647,64
Song_0007392,Taylor Swift,Evolve,207117,13
Song_0007393,Rihanna,Divide,240444,47
Song_0007394,Ed Sheeran,After Hours,266124,34
Song_0007395,Ed Sheeran,After Hours,227471,42
Song_0007396,Imagine Dragons,Divide,244228,98
Song_0007397,Dua Lipa,Divide,138227,8
Song_0007398,The Weeknd,After Hours,125800,36
Song_0007399,Billie Eilish,25,242104,34
Song_0007400,Rihanna,When We All Fall Asleep,245755,65
Song_0007401,Taylor Swift,Scorpion,251153,83
Song_0007402,Rihanna,Midnights,264352,16
Song_0007403,Imagine Dragons,Justice,123727,75
Song_0007404,Rihanna,Future Nostalgia,205065,28
Song_0007405,Ed Sheeran,After Hours,219594,78
Song_0007406,Adele,Anti,137384,45
Song_0007407,Adele,Future Nostalgia,270247,40
Song_0007408,Rihanna,Midnights,302304,52
Song_0007409,Ed Sheeran,Anti,157626,88
Song_0007410,Adele,When We All Fall Asleep,134746,66
Song_0007411,Dua Lipa,Scorpion,233122,21
Song_0007412,Dua Lipa,After Hours,164921,89
Song_0007413,Justin Bieber,Future Nostalgia,251360,81
Song_0007414,Drake,Anti,296642,2
Song_0007415,Rihanna,25,124772,86
Song_0007416,Adele,Justice,226135,72
Song_0007417,Drake,Future Nostalgia,133209,4
Song_0007418,Justin Bieber,25,260540,26
Song_0007419,Ed Sheeran,Anti,297187,94
Song_0007420,Justin Bieber,Future Nostalgia,203485,17
Song_0007421,Dua Lipa,After Hours,180623,36
Song_0007422,Imagine Dragons,Future Nostalgia,243323,70
Song_0007423,Justin Bieber,After Hours,206756,18
Song_0007424,Drake,Divide,226689,90
Song_0007425,Rihanna,After Hours,284689,100
Song_0007426,Adele,Midnights,130813,9
Song_0007427,Billie Eilish,After Hours,179154,88
Song_0007428,Taylor Swift,After Hours,315325,27
Song_0007429,Rihanna,After Hours,257294,52
Song_0007430,Dua Lipa,Evolve,149881,85
Song_0007431,Dua Lipa,Justice,274821,82
Song_0007432,Imagine Dragons,Justice,160637,71
Song_0007433,Justin Bieber,Anti,160441,82
Song_0007434,Justin Bieber,After Hours,177257,3
Song_0007435,Ed Sheeran,Anti,169723,85
Song_0007436,Dua Lipa,When We All Fall Asleep,181381,31
Song_0007437,Taylor Swift,Evolve,266596,55
Song_0007438,Billie Eilish,After Hours,272174,76
Song_0007439,Imagine Dragons,Scorpion,135207,61
Song_0007440,Imagine Dragons,Evolve,121995,77
Song_0007441,Drake,Midnights,186938,34
Song_0007442,The Weeknd,Divide,185734,49
Song_0007443,Ed Sheeran,Justice,187880,69
Song_0007444,Ed Sheeran,Midnights,166770,62
Song_0007445,Adele,Anti,216087,31
Song_0007446,The Weeknd,25,132781,42
Song_0007447,Dua Lipa,When We All Fall Asleep,296252,87
Song_0007448,Drake,Evolve,181001,72
Song_0007449,Imagine Dragons,Future Nostalgia,279201,9
Song_0007450,Justin Bieber,Anti,289314,98
Song_0007451,Justin Bieber,Future Nostalgia,318130,87
Song_0007452,The Weeknd,Scorpion,264159,27
Song_0007453,Justin Bieber,Scorpion,298884,48
Song_0007454,Rihanna,Divide,142374,34
Song_0007455,Justin Bieber,Scorpion,167341,77
Song_0007456,Rihanna,Evolve,185273,12
Song_0007457,Justin Bieber,When We All Fall Asleep,159076,30
Song_0007458,Adele,Scorpion,177079,85
Song_0007459,Drake,25,145308,76
Song_0007460,Taylor Swift,Justice,313682,71
Song_0007461,Imagine Dragons,Midnights,190660,74
Song_0007462,Ed Sheeran,Divide,193187,90
Song_0007463,Billie Eilish,After Hours,139159,53
Song_0007464,Billie Eilish,Justice,235067,82
Song_0007465,Billie Eilish,When We All Fall Asleep,199743,41
Song_0007466,The Weeknd,After Hours,139960,79
Song_0007467,Billie Eilish,After Hours,287022,87
Song_0007468,Dua Lipa,Justice,275413,18
Song_0007469,Drake,25,313553,22
Song_0007470,Dua Lipa,Midnights,278505,76
Song_0007471,Drake,Evolve,288083,33
Song_0007472,Justin Bieber,Justice,199897,40
Song_0007473,Ed Sheeran,Evolve,305284,62
Song_0007474,Billie Eilish,Future Nostalgia,202722,89
Song_0007475,Dua Lipa,Evolve,266262,62
Song_0007476,Dua Lipa,When We All Fall Asleep,272740,100
Song_0007477,Justin Bieber,Anti,294290,71
Song_0007478,Dua Lipa,25,262808,44
Song_0007479,Dua Lipa,After Hours,145276,77
Song_0007480,Dua Lipa,Justice,253196,57
Song_0007481,The Weeknd,Scorpion,231743,81
Song_0007482,Dua Lipa,When We All Fall Asleep,290393,19
Song_0007483,Justin Bieber,Anti,230607,12
Song_0007484,Justin Bieber,After Hours,137605,77
Song_0007485,Billie Eilish,25,239949,52
Song_0007486,Imagine Dragons,Future Nostalgia,268584,86
Song_0007487,Imagine Dragons,After Hours,201902,56
Song_0007488,The Weeknd,Scorpion,224578,50
Song_0007489,Ed Sheeran,Divide,174055,93
Song_0007490,Justin Bieber,Midnights,231293,12
Song_0007491,Ed Sheeran,When We All Fall Asleep,212109,95
Song_0007492,Justin Bieber,Divide,122855,23
Song_0007493,Billie Eilish,Divide,147131,20
Song_0007494,Imagine Dragons,Anti,270754,1
Song_0007495,Ed Sheeran,Anti,262812,32
Song_0007496,Ed Sheeran,Midnights,301287,87
Song_0007497,Taylor Swift,After Hours,198188,76
Song_0007498,The Weeknd,Future Nostalgia,314202,3
Song_0007499,Billie Eilish,25,149129,2
Song_0007500,Justin Bieber,When We All Fall Asleep,303484,68
Song_0007501,Rihanna,Future Nostalgia,303900,61
Song_0007502,Billie Eilish,Anti,238554,60
Song_0007503,Ed Sheeran,Scorpion,286380,21
Song_0007504,The Weeknd,After Hours,164900,5
Song_0007505,Rihanna,When We All Fall Asleep,162707,54
Song_0007506,Taylor Swift,Justice,126996,26
Song_0007507,Adele,Scorpion,235388,4
Song_0007508,Ed Sheeran,25,266358,14
Song_0007509,Imagine Dragons,Scorpion,211210,75
Song_0007510,Taylor Swift,When We All Fall Asleep,266161,91
Song_0007511,Justin Bieber,25,319220,95
Song_0007512,The Weeknd,Scorpion,148570,73
Song_0007513,The Weeknd,Future Nostalgia,197381,50
Song_0007514,Adele,Scorpion,293584,42
Song_0007515,Billie Eilish,Evolve,124239,42
Song_0007516,Imagine Dragons,When We All Fall Asleep,300661,30
Song_0007517,Justin Bieber,Justice,200126,33
Song_0007518,Billie Eilish,When We All Fall Asleep,224278,55
Song_0007519,Justin Bieber,When We All Fall Asleep,256447,99
Song_0007520,Taylor Swift,Anti,241174,12
Song_0007521,Ed Sheeran,Divide,216528,93
Song_0007522,Adele,Divide,217808,56
Song_0007523,The Weeknd,Justice,147645,32
Song_0007524,Justin Bieber,Future Nostalgia,263630,87
Song_0007525,Imagine Dragons,Justice,276319,61
Song_0007526,Billie Eilish,After Hours,219743,79
Song_0007527,Billie Eilish,Future Nostalgia,265471,28
Song_0007528,The Weeknd,Evolve,136406,95
Song_0007529,Drake,Future Nostalgia,172585,100
Song_0007530,Rihanna,Evolve,254794,50
Song_0007531,Imagine Dragons,Scorpion,242810,100
Song_0007532,Imagine Dragons,25,259112,65
Song_0007533,Billie Eilish,Evolve,142280,56
Song_0007534,Rihanna,Future Nostalgia,216268,63
Song_0007535,Drake,Divide,234754,72
Song_0007536,Ed Sheeran,After Hours,251897,19
Song_0007537,Rihanna,Justice,307812,97
Song_0007538,Billie Eilish,Justice,144745,10
Song_0007539,Billie Eilish,Future Nostalgia,244281,1
Song_0007540,Rihanna,After Hours,190160,8
Song_0007541,Justin Bieber,When We All Fall Asleep,154723,23
Song_0007542,The Weeknd,Justice,239872,31
Song_0007543,Drake,Scorpion,163792,93
Song_0007544,Billie Eilish,Evolve,247481,32
Song_0007545,The Weeknd,Midnights,203327,12
Song_0007546,Adele,Scorpion,241031,82
Song_0007547,Rihanna,Divide,212212,47
Song_0007548,Dua Lipa,Justice,249585,36
Song_0007549,Imagine Dragons,Scorpion,232823,69
Song_0007550,Drake,Scorpion,164004,48
Song_0007551,Dua Lipa,Scorpion,268262,86
Song_0007552,Imagine Dragons,Justice,180199,20
Song_0007553,Dua Lipa,Scorpion,224391,97
Song_0007554,The Weeknd,After Hours,172045,73
Song_0007555,Justin Bieber,Justice,306060,40
Song_0007556,Dua Lipa,25,294126,44
Song_0007557,Ed Sheeran,Midnights,179772,84
Song_0007558,The Weeknd,Midnights,306617,23
Song_0007559,Ed Sheeran,Scorpion,239943,38
Song_0007560,Rihanna,Divide,282180,77
Song_0007561,Drake,Divide,251679,3
Song_0007562,Drake,Scorpion,145772,2
Song_0007563,Ed Sheeran,Evolve,169294,85
Song_0007564,Dua Lipa,After Hours,275707,83
Song_0007565,Imagine Dragons,When We All Fall Asleep,207653,63
Song_0007566,Rihanna,25,155335,64
Song_0007567,Imagine Dragons,After Hours,221234,3
Song_0007568,Billie Eilish,Evolve,315954,15
Song_0007569,Dua Lipa,When We All Fall Asleep,181704,49
Song_0007570,Justin Bieber,Anti,227899,77
Song_0007571,Justin Bieber,Justice,291605,13
Song_0007572,Drake,Justice,227475,27
Song_0007573,Rihanna,25,121693,23
Song_0007574,Drake,Anti,162935,40
Song_0007575,Dua Lipa,Justice,286346,92
Song_0007576,Taylor Swift,Evolve,299876,22
Song_0007577,Adele,Future Nostalgia,170527,2
Song_0007578,Imagine Dragons,When We All Fall Asleep,182373,90
Song_0007579,Ed Sheeran,25,267973,6
Song_0007580,Billie Eilish,Evolve,196821,40
Song_0007581,The Weeknd,After Hours,267263,13
Song_0007582,Justin Bieber,Scorpion,283413,12
Song_0007583,The Weeknd,When We All Fall Asleep,290575,1
Song_0007584,Ed Sheeran,25,177773,65
Song_0007585,The Weeknd,25,167122,10
Song_0007586,Rihanna,Justice,133996,9
Song_0007587,The Weeknd,Scorpion,275597,17
Song_0007588,Rihanna,25,223404,75
Song_0007589,Billie Eilish,Evolve,213448,68
Song_0007590,Billie Eilish,Midnights,157795,94
Song_0007591,Rihanna,Justice,151071,65
Song_0007592,Taylor Swift,Divide,129665,8
Song_0007593,Rihanna,Evolve,164349,58
Song_0007594,Justin Bieber,Future Nostalgia,296527,55
Song_0007595,Rihanna,Divide,179928,4
Song_0007596,Adele,After Hours,243663,3
Song_0007597,Billie Eilish,Midnights,214077,32
Song_0007598,Rihanna,Future Nostalgia,138573,13
Song_0007599,Ed Sheeran,Scorpion,295998,41
Song_0007600,Dua Lipa,Divide,308278,80
Song_0007601,Taylor Swift,Midnights,222633,60
Song_0007602,Drake,After Hours,298743,24
Song_0007603,Justin Bieber,Scorpion,311974,36
Song_0007604,Adele,Justice,260877,24
Song_0007605,Drake,After Hours,251256,27
Song_0007606,Justin Bieber,Scorpion,137663,17
Song_0007607,Drake,Midnights,135657,68
Song_0007608,Imagine Dragons,Scorpion,258672,36
Song_0007609,Billie Eilish,Scorpion,178619,37
Song_0007610,Dua Lipa,Future Nostalgia,195491,49
Song_0007611,Ed Sheeran,Justice,307970,83
Song_0007612,Adele,Anti,310544,37
Song_0007613,Billie Eilish,Future Nostalgia,225266,71
Song_0007614,Dua Lipa,Evolve,129979,51
Song_0007615,The Weeknd,After Hours,228516,83
Song_0007616,Imagine Dragons,25,129280,84
Song_0007617,Adele,Scorpion,192980,13
Song_0007618,Billie Eilish,Scorpion,244413,21
Song_0007619,Rihanna,When We All Fall Asleep,168417,29
Song_0007620,Taylor Swift,Scorpion,138667,96
Song_0007621,Ed Sheeran,Divide,240638,96
Song_0007622,Drake,Anti,157679,36
Song_0007623,Drake,25,160756,78
Song_0007624,Justin Bieber,Divide,255723,90
Song_0007625,Rihanna,Midnights,153036,2
Song_0007626,Rihanna,25,301113,17
Song_0007627,Drake,25,286615,57
Song_0007628,Rihanna,After Hours,196215,48
Song_0007629,Drake,25,186593,26
Song_0007630,The Weeknd,Divide,131830,91
Song_0007631,Ed Sheeran,Evolve,191097,56
Song_0007632,Ed Sheeran,Future Nostalgia,281719,3
Song_0007633,Billie Eilish,When We All Fall Asleep,140938,41
Song_0007634,Ed Sheeran,Scorpion,291785,21
Song_0007635,Dua Lipa,Anti,308507,25
Song_0007636,Dua Lipa,After Hours,191642,82
Song_0007637,Drake,Scorpion,187862,77
Song_0007638,Rihanna,Divide,280293,33
Song_0007639,Ed Sheeran,25,192149,27
Song_0007640,Dua Lipa,Future Nostalgia,205206,6
Song_0007641,Taylor Swift,Future Nostalgia,286653,98
Song_0007642,Drake,Midnights,145742,30
Song_0007643,Adele,25,173332,33
Song_0007644,Ed Sheeran,Anti,271532,84
Song_0007645,The Weeknd,Anti,316149,55
Song_0007646,The Weeknd,After Hours,172585,93
Song_0007647,Drake,Scorpion,155832,49
Song_0007648,The Weeknd,Midnights,268030,77
Song_0007649,Adele,Anti,190119,65
Song_0007650,Rihanna,Justice,209414,13
Song_0007651,Ed Sheeran,When We All Fall Asleep,284825,33
Song_0007652,Adele,Anti,207572,45
Song_0007653,Ed Sheeran,Anti,150552,29
Song_0007654,Imagine Dragons,Anti,152585,15
Song_0007655,Rihanna,After Hours,302116,41
Song_0007656,Taylor Swift,Scorpion,223726,98
Song_0007657,Adele,Scorpion,285838,62
Song_0007658,Ed Sheeran,Divide,233615,43
Song_0007659,Rihanna,After Hours,294228,58
Song_0007660,Dua Lipa,After Hours,301025,70
Song_0007661,The Weeknd,Midnights,224879,4
Song_0007662,Imagine Dragons,Future Nostalgia,122578,21
Song_0007663,Dua Lipa,When We All Fall Asleep,240676,11
Song_0007664,Drake,Midnights,309387,72
Song_0007665,Dua Lipa,Divide,273963,51
Song_0007666,Dua Lipa,Midnights,233069,55
Song_0007667,Ed Sheeran,25,177110,19
Song_0007668,Taylor Swift,When We All Fall Asleep,277938,60
Song_0007669,Justin Bieber,Justice,139496,6
Song_0007670,Rihanna,25,239199,31
Song_0007671,Ed Sheeran,Future Nostalgia,161705,8
Song_0007672,Ed Sheeran,Divide,265774,56
Song_0007673,Dua Lipa,Scorpion,223619,55
Song_0007674,Rihanna,When We All Fall Asleep,302423,21
Song_0007675,Rihanna,Divide,218025,50
Song_0007676,Justin Bieber,Evolve,309345,2
Song_0007677,Justin Bieber,Evolve,180378,57
Song_0007678,Imagine Dragons,Divide,219034,50
Song_0007679,Taylor Swift,Evolve,126212,17
Song_0007680,Taylor Swift,Scorpion,199421,66
Song_0007681,Dua Lipa,When We All Fall Asleep,262474,87
Song_0007682,Taylor Swift,Future Nostalgia,124843,60
Song_0007683,The Weeknd,Scorpion,186301,92
Song_0007684,Rihanna,Divide,272416,60
Song_0007685,Adele,Divide,311391,45
Song_0007686,The Weeknd,Future Nostalgia,121822,27
Song_0007687,Justin Bieber,25,259956,72
Song_0007688,Rihanna,Future Nostalgia,217671,5
Song_0007689,Adele,Scorpion,147513,86
Song_0007690,Dua Lipa,25,131616,7
Song_0007691,Drake,Divide,286961,14
Song_0007692,Imagine Dragons,When We All Fall Asleep,143307,45
Song_0007693,Taylor Swift,Scorpion,123895,94
Song_0007694,Dua Lipa,After Hours,132620,82
Song_0007695,Rihanna,25,315177,22
Song_0007696,The Weeknd,Midnights,291275,45
Song_0007697,Drake,Anti,274984,85
Song_0007698,Justin Bieber,After Hours,233425,53
Song_0007699,Drake,Justice,267001,86
Song_0007700,Rihanna,Justice,160062,58
Song_0007701,Imagine Dragons,Midnights,207819,7
Song_0007702,Taylor Swift,Justice,234797,1
Song_0007703,Justin Bieber,After Hours,212841,100
Song_0007704,Justin Bieber,Divide,315976,96
Song_0007705,Adele,Justice,150501,33
Song_0007706,Imagine Dragons,Justice,282041,88
Song_0007707,Rihanna,Future Nostalgia,276721,50
Song_0007708,Adele,Evolve,165494,77
Song_0007709,Adele,25,228127,48
Song_0007710,Dua Lipa,After Hours,152187,29
Song_0007711,Ed Sheeran,Justice,151896,23
Song_0007712,Drake,Anti,302456,25
Song_0007713,Dua Lipa,Anti,263401,2
Song_0007714,Imagine Dragons,When We All Fall Asleep,134096,78
Song_0007715,Dua Lipa,Future Nostalgia,150261,69
Song_0007716,Billie Eilish,Justice,252669,52
Song_0007717,Imagine Dragons,Justice,189517,72
Song_0007718,Drake,Divide,257242,23
Song_0007719,Dua Lipa,When We All Fall Asleep,195075,79
Song_0007720,Ed Sheeran,Evolve,156967,50
Song_0007721,Rihanna,Future Nostalgia,152363,9
Song_0007722,Imagine Dragons,Scorpion,179693,53
Song_0007723,Justin Bieber,Divide,303380,56
Song_0007724,Imagine Dragons,Midnights,196430,32
Song_0007725,Justin Bieber,Divide,308790,81
Song_0007726,Drake,Scorpion,167472,3
Song_0007727,Imagine Dragons,Justice,314986,50
Song_0007728,Taylor Swift,Evolve,238403,60
Song_0007729,Ed Sheeran,Divide,138214,96
Song_0007730,Rihanna,25,207795,89
Song_0007731,Billie Eilish,When We All Fall Asleep,177059,99
Song_0007732,Imagine Dragons,After Hours,267882,67
Song_0007733,Billie Eilish,Midnights,250627,49
Song_0007734,Imagine Dragons,Anti,305899,67
Song_0007735,Dua Lipa,Midnights,212330,17
Song_0007736,Adele,Future Nostalgia,224323,81
Song_0007737,Justin Bieber,25,169074,30
Song_0007738,Imagine Dragons,After Hours,224402,59
Song_0007739,Rihanna,When We All Fall Asleep,252656,93
Song_0007740,Imagine Dragons,Future Nostalgia,246015,59
Song_0007741,Imagine Dragons,When We All Fall Asleep,204374,92
Song_0007742,Imagine Dragons,Midnights,216282,83
Song_0007743,Justin Bieber,Midnights,276987,43
Song_0007744,Dua Lipa,Midnights,226386,18
Song_0007745,Billie Eilish,Future Nostalgia,283852,98
Song_0007746,Imagine Dragons,Justice,310307,90
Song_0007747,Ed Sheeran,When We All Fall Asleep,298038,43
Song_0007748,Imagine Dragons,Justice,221545,98
Song_0007749,Imagine Dragons,When We All Fall Asleep,238684,56
Song_0007750,Taylor Swift,When We All Fall Asleep,169003,67
Song_0007751,Ed Sheeran,Divide,288387,61
Song_0007752,Adele,Justice,298833,85
Song_0007753,Ed Sheeran,Future Nostalgia,243510,82
Song_0007754,Ed Sheeran,Scorpion,299125,52
Song_0007755,Drake,Future Nostalgia,312017,7
Song_0007756,Ed Sheeran,Anti,145339,80
Song_0007757,Imagine Dragons,Midnights,191365,81
Song_0007758,Billie Eilish,Divide,183793,41
Song_0007759,Rihanna,Midnights,300952,91
Song_0007760,Dua Lipa,Anti,252587,72
Song_0007761,Dua Lipa,After Hours,269796,76
Song_0007762,Justin Bieber,Evolve,315260,33
Song_0007763,Dua Lipa,When We All Fall Asleep,257843,59
Song_0007764,Ed Sheeran,After Hours,239818,11
Song_0007765,Taylor Swift,After Hours,130932,80
Song_0007766,Justin Bieber,Evolve,272181,78
Song_0007767,Billie Eilish,When We All Fall Asleep,225357,49
Song_0007768,Dua Lipa,25,152815,3
Song_0007769,The Weeknd,Divide,288260,66
Song_0007770,Rihanna,Justice,191329,32
Song_0007771,Taylor Swift,After Hours,141108,2
Song_0007772,The Weeknd,Justice,186393,18
Song_0007773,Ed Sheeran,25,135699,84
Song_0007774,Ed Sheeran,After Hours,242202,91
Song_0007775,Justin Bieber,Anti,293207,51
Song_0007776,Rihanna,After Hours,269165,31
Song_0007777,Ed Sheeran,25,278728,93
Song_0007778,Justin Bieber,When We All Fall Asleep,288445,35
Song_0007779,Drake,After Hours,129534,66
Song_0007780,Drake,After Hours,249387,33
Song_0007781,Drake,Justice,231608,56
Song_0007782,Rihanna,Divide,234357,75
Song_0007783,Rihanna,Evolve,212416,97
Song_0007784,Justin Bieber,25,157879,13
Song_0007785,Drake,Future Nostalgia,198718,44
Song_0007786,Ed Sheeran,Evolve,180987,87
Song_0007787,Drake,Justice,123381,21
Song_0007788,Drake,When We All Fall Asleep,315251,58
Song_0007789,Rihanna,25,121111,91
Song_0007790,Justin Bieber,Future Nostalgia,258754,88
Song_0007791,Adele,25,122023,25
Song_0007792,Imagine Dragons,Future Nostalgia,252867,28
Song_0007793,Drake,Scorpion,311334,81
Song_0007794,The Weeknd,Anti,318820,87
Song_0007795,Justin Bieber,Anti,250238,11
Song_0007796,Justin Bieber,Scorpion,158780,42
Song_0007797,Imagine Dragons,After Hours,238500,44
Song_0007798,Ed Sheeran,When We All Fall Asleep,315085,91
Song_0007799,Drake,Future Nostalgia,274955,8
Song_0007800,Billie Eilish,Future Nostalgia,259440,52
Song_0007801,Drake,Midnights,273767,35
Song_0007802,Imagine Dragons,Scorpion,176148,69
Song_0007803,Imagine Dragons,25,139657,22
Song_0007804,Billie Eilish,Justice,188200,91
Song_0007805,Taylor Swift,Anti,309621,89
Song_0007806,The Weeknd,After Hours,215871,96
Song_0007807,Taylor Swift,Divide,145351,49
Song_0007808,Billie Eilish,Anti,145755,21
Song_0007809,The Weeknd,Divide,277808,69
Song_0007810,The Weeknd,Divide,179674,76
Song_0007811,Adele,After Hours,258131,89
Song_0007812,Rihanna,25,205985,84
Song_0007813,Imagine Dragons,After Hours,227267,37
Song_0007814,Imagine Dragons,Future Nostalgia,295679,63
Song_0007815,Taylor Swift,25,161505,54
Song_0007816,Adele,Evolve,135326,52
Song_0007817,Rihanna,Justice,278636,13
Song_0007818,Adele,Evolve,274418,46
Song_0007819,Adele,25,270050,91
Song_0007820,Adele,Scorpion,218937,16
Song_0007821,Dua Lipa,25,199740,15
Song_0007822,Adele,Justice,266384,98
Song_0007823,Imagine Dragons,Midnights,188884,6
Song_0007824,Drake,After Hours,258809,29
Song_0007825,Ed Sheeran,Divide,206258,99
Song_0007826,Justin Bieber,Justice,148058,56
Song_0007827,Drake,Midnights,284412,29
Song_0007828,Imagine Dragons,25,273972,9
Song_0007829,Billie Eilish,Midnights,310531,79
Song_0007830,Dua Lipa,Future Nostalgia,186377,85
Song_0007831,Drake,Justice,253033,68
Song_0007832,Adele,Evolve,289138,78
Song_0007833,Rihanna,Anti,199021,78
Song_0007834,Drake,Justice,216901,49
Song_0007835,Justin Bieber,Scorpion,246972,20
Song_0007836,Dua Lipa,After Hours,291369,31
Song_0007837,Adele,Justice,207656,33
Song_0007838,Ed Sheeran,Midnights,311877,44
Song_0007839,Ed Sheeran,Future Nostalgia,159566,65
Song_0007840,Adele,When We All Fall Asleep,145932,76
Song_0007841,Ed Sheeran,25,129974,80
Song_0007842,Dua Lipa,When We All Fall Asleep,218360,69
Song_0007843,Drake,When We All Fall Asleep,235232,22
Song_0007844,Billie Eilish,Scorpion,148911,95
Song_0007845,Rihanna,Evolve,185221,12
Song_0007846,The Weeknd,25,317147,58
Song_0007847,Justin Bieber,25,265370,72
Song_0007848,Drake,Future Nostalgia,253237,65
Song_0007849,Dua Lipa,Evolve,235392,35
Song_0007850,Billie Eilish,Evolve,181349,23
Song_0007851,Dua Lipa,When We All Fall Asleep,168443,69
Song_0007852,Justin Bieber,Justice,208757,48
Song_0007853,Imagine Dragons,After Hours,294322,86
Song_0007854,Billie Eilish,Justice,154523,14
Song_0007855,Drake,Evolve,237039,8
Song_0007856,Adele,Anti,241940,84
Song_0007857,Adele,Anti,252501,64
Song_0007858,Ed Sheeran,Anti,242663,36
Song_0007859,Adele,Anti,282160,87
Song_0007860,Billie Eilish,Future Nostalgia,211053,57
Song_0007861,Rihanna,When We All Fall Asleep,228209,14
Song_0007862,Adele,When We All Fall Asleep,198483,10
Song_0007863,Taylor Swift,Scorpion,312977,70
Song_0007864,Justin Bieber,Evolve,299768,91
Song_0007865,Ed Sheeran,25,161908,75
Song_0007866,The Weeknd,Midnights,136921,88
Song_0007867,Adele,Divide,213107,80
Song_0007868,Imagine Dragons,Future Nostalgia,200820,47
Song_0007869,Taylor Swift,Divide,218756,40
Song_0007870,Adele,After Hours,165384,49
Song_0007871,Dua Lipa,Justice,278242,68
Song_0007872,Justin Bieber,Divide,282683,84
Song_0007873,Taylor Swift,Future Nostalgia,176294,69
Song_0007874,Imagine Dragons,Justice,182941,36
Song_0007875,Ed Sheeran,Future Nostalgia,262321,19
Song_0007876,Justin Bieber,Evolve,168768,52
Song_0007877,Billie Eilish,Evolve,154117,80
Song_0007878,Billie Eilish,Justice,186445,46
Song_0007879,Billie Eilish,Scorpion,212381,92
Song_0007880,Taylor Swift,Divide,313982,78
Song_0007881,Justin Bieber,After Hours,131732,82
Song_0007882,Ed Sheeran,Justice,298838,3
Song_0007883,Imagine Dragons,Anti,233766,62
Song_0007884,The Weeknd,When We All Fall Asleep,131920,89
Song_0007885,Drake,Midnights,120818,60
Song_0007886,Ed Sheeran,Evolve,231636,71
Song_0007887,Imagine Dragons,Justice,125141,10
Song_0007888,Billie Eilish,Anti,223768,96
Song_0007889,Taylor Swift,Anti,209072,73
Song_0007890,Justin Bieber,Midnights,173091,74
Song_0007891,Imagine Dragons,When We All Fall Asleep,133924,23
Song_0007892,The Weeknd,After Hours,304426,30
Song_0007893,Taylor Swift,Divide,306736,23
Song_0007894,The Weeknd,After Hours,193409,88
Song_0007895,Drake,Future Nostalgia,255157,56
Song_0007896,Taylor Swift,25,301969,12
Song_0007897,Taylor Swift,Future Nostalgia,207772,9
Song_0007898,Imagine Dragons,Midnights,226327,8
Song_0007899,The Weeknd,When We All Fall Asleep,260394,66
Song_0007900,Dua Lipa,After Hours,290458,36
Song_0007901,Ed Sheeran,Justice,232771,22
Song_0007902,The Weeknd,Evolve,186954,27
Song_0007903,Taylor Swift,When We All Fall Asleep,155751,78
Song_0007904,Imagine Dragons,25,168179,16
Song_0007905,Ed Sheeran,Future Nostalgia,186449,23
Song_0007906,Imagine Dragons,After Hours,136933,26
Song_0007907,Rihanna,Justice,164954,96
Song_0007908,Justin Bieber,Evolve,275865,87
Song_0007909,Billie Eilish,25,287897,15
Song_0007910,Imagine Dragons,Evolve,281415,18
Song_0007911,Billie Eilish,Midnights,225519,97
Song_0007912,Adele,25,293275,28
Song_0007913,Taylor Swift,Divide,173638,75
Song_0007914,The Weeknd,25,125177,46
Song_0007915,Imagine Dragons,After Hours,317098,81
Song_0007916,Billie Eilish,25,315156,64
Song_0007917,The Weeknd,25,160081,74
Song_0007918,The Weeknd,Evolve,222163,71
Song_0007919,Billie Eilish,Future Nostalgia,163596,59
Song_0007920,Dua Lipa,When We All Fall Asleep,242818,87
Song_0007921,Taylor Swift,Evolve,174117,63
Song_0007922,Adele,After Hours,147932,89
Song_0007923,Rihanna,Midnights,124266,52
Song_0007924,Billie Eilish,After Hours,205469,67
Song_0007925,Dua Lipa,Anti,254116,9
Song_0007926,Adele,Scorpion,163191,43
Song_0007927,The Weeknd,When We All Fall Asleep,304491,28
Song_0007928,Justin Bieber,Future Nostalgia,238969,95
Song_0007929,Rihanna,Justice,294780,50
Song_0007930,Justin Bieber,25,233826,8
Song_0007931,Justin Bieber,When We All Fall Asleep,188098,22
Song_0007932,Dua Lipa,After Hours,144065,66
Song_0007933,Drake,Evolve,208938,6
Song_0007934,Billie Eilish,Anti,192415,7
Song_0007935,Adele,Justice,273760,44
Song_0007936,Imagine Dragons,25,268980,57
Song_0007937,Dua Lipa,Midnights,140787,92
Song_0007938,Billie Eilish,Future Nostalgia,311801,97
Song_0007939,Imagine Dragons,Justice,228763,36
Song_0007940,Rihanna,Anti,292100,42
Song_0007941,Drake,Anti,217372,100
Song_0007942,Taylor Swift,Scorpion,199827,66
Song_0007943,Taylor Swift,Evolve,310452,18
Song_0007944,Billie Eilish,Anti,300307,84
Song_0007945,Imagine Dragons,Divide,145565,57
Song_0007946,Dua Lipa,After Hours,169101,7
Song_0007947,Imagine Dragons,Scorpion,220715,78
Song_0007948,Imagine Dragons,25,219451,52
Song_0007949,Rihanna,When We All Fall Asleep,156843,29
Song_0007950,The Weeknd,Justice,123827,68
Song_0007951,Adele,Justice,200814,83
Song_0007952,The Weeknd,When We All Fall Asleep,268180,60
Song_0007953,The Weeknd,Anti,181861,25
Song_0007954,The Weeknd,Midnights,183753,58
Song_0007955,Drake,After Hours,196473,86
Song_0007956,The Weeknd,Anti,136357,69
Song_0007957,Rihanna,Anti,153592,51
Song_0007958,Dua Lipa,Anti,167992,39
Song_0007959,Adele,Evolve,291199,6
Song_0007960,The Weeknd,Future Nostalgia,177364,72
Song_0007961,Imagine Dragons,Justice,288814,52
Song_0007962,Justin Bieber,After Hours,155638,82
Song_0007963,Dua Lipa,Midnights,225911,7
Song_0007964,The Weeknd,After Hours,297104,12
Song_0007965,Taylor Swift,Justice,138847,16
Song_0007966,Drake,Future Nostalgia,242535,87
Song_0007967,Taylor Swift,25,195328,68
Song_0007968,Taylor Swift,Anti,289748,94
Song_0007969,Rihanna,Future Nostalgia,175991,13
Song_0007970,The Weeknd,After Hours,314450,21
Song_0007971,Taylor Swift,When We All Fall Asleep,181212,2
Song_0007972,Ed Sheeran,After Hours,204907,19
Song_0007973,Justin Bieber,After Hours,125760,55
Song_0007974,Imagine Dragons,Scorpion,183629,17
Song_0007975,Justin Bieber,After Hours,129370,34
Song_0007976,Ed Sheeran,Scorpion,268387,92
Song_0007977,Imagine Dragons,After Hours,120084,45
Song_0007978,Justin Bieber,Scorpion,300158,83
Song_0007979,Taylor Swift,Divide,144484,67
Song_0007980,Ed Sheeran,After Hours,279424,93
Song_0007981,Drake,Scorpion,213084,81
Song_0007982,Ed Sheeran,Evolve,213164,48
Song_0007983,The Weeknd,Evolve,144113,33
Song_0007984,Drake,Evolve,144760,9
Song_0007985,Dua Lipa,Justice,310086,81
Song_0007986,Ed Sheeran,When We All Fall Asleep,285588,17
Song_0007987,The Weeknd,Scorpion,129225,73
Song_0007988,Billie Eilish,Anti,231585,25
Song_0007989,Drake,After Hours,291351,88
Song_0007990,Drake,When We All Fall Asleep,164073,14
Song_0007991,Taylor Swift,Divide,126001,81
Song_0007992,Justin Bieber,Future Nostalgia,189889,21
Song_0007993,Drake,When We All Fall Asleep,147763,80
Song_0007994,Ed Sheeran,Divide,180454,42
Song_0007995,Taylor Swift,Evolve,153861,44
Song_0007996,Adele,Future Nostalgia,170707,13
Song_0007997,Ed Sheeran,Divide,123215,28
Song_0007998,Billie Eilish,After Hours,279824,15
Song_0007999,Billie Eilish,Divide,196873,37
Song_0008000,Dua Lipa,Evolve,296021,8
Song_0008001,Imagine Dragons,Evolve,310754,23
Song_0008002,Drake,Future Nostalgia,285295,58
Song_0008003,Imagine Dragons,When We All Fall Asleep,285325,39
Song_0008004,The Weeknd,Justice,229239,77
Song_0008005,Imagine Dragons,Evolve,194217,37
Song_0008006,Drake,Evolve,232100,96
Song_0008007,Dua Lipa,Divide,168230,17
Song_0008008,The Weeknd,25,269770,35
Song_0008009,Drake,Scorpion,293214,75
Song_0008010,Ed Sheeran,After Hours,184557,70
Song_0008011,Adele,Midnights,260579,85
Song_0008012,Billie Eilish,After Hours,133952,77
Song_0008013,Rihanna,Anti,265780,74
Song_0008014,Adele,Divide,281843,34
Song_0008015,Justin Bieber,After Hours,228464,53
Song_0008016,The Weeknd,Scorpion,154073,37
Song_0008017,Ed Sheeran,Scorpion,168801,64
Song_0008018,Taylor Swift,When We All Fall Asleep,247792,38
Song_0008019,Justin Bieber,Midnights,182987,44
Song_0008020,Taylor Swift,After Hours,180438,100
Song_0008021,Dua Lipa,Scorpion,272623,92
Song_0008022,Taylor Swift,After Hours,248593,48
Song_0008023,Taylor Swift,When We All Fall Asleep,317157,87
Song_0008024,Adele,After Hours,303084,82
Song_0008025,Ed Sheeran,Divide,203231,63
Song_0008026,Taylor Swift,25,236375,38
Song_0008027,Adele,After Hours,158803,5
Song_0008028,Imagine Dragons,Anti,228499,84
Song_0008029,Rihanna,Midnights,172114,42
Song_0008030,Drake,When We All Fall Asleep,294142,12
Song_0008031,Billie Eilish,Scorpion,307566,85
Song_0008032,Imagine Dragons,Divide,147511,63
Song_0008033,Billie Eilish,When We All Fall Asleep,314654,1
Song_0008034,Dua Lipa,Midnights,310900,41
Song_0008035,The Weeknd,Evolve,194376,10
Song_0008036,Adele,After Hours,147775,74
Song_0008037,Billie Eilish,25,208181,98
Song_0008038,Ed Sheeran,Justice,294789,63
Song_0008039,Drake,Evolve,229488,1
Song_0008040,The Weeknd,Midnights,240957,89
Song_0008041,Justin Bieber,Midnights,202647,32
Song_0008042,Taylor Swift,Anti,136108,80
Song_0008043,Billie Eilish,After Hours,121460,68
Song_0008044,Justin Bieber,Divide,169344,22
Song_0008045,Imagine Dragons,Justice,177634,34
Song_0008046,Imagine Dragons,Evolve,309478,3
Song_0008047,Adele,25,233454,6
Song_0008048,Dua Lipa,Future Nostalgia,194501,78
Song_0008049,Billie Eilish,Midnights,199934,81
Song_0008050,Justin Bieber,Midnights,128614,31
Song_0008051,Rihanna,Anti,288863,16
Song_0008052,Dua Lipa,After Hours,176950,59
Song_0008053,Adele,Justice,222166,79
Song_0008054,Taylor Swift,Divide,120830,15
Song_0008055,Adele,Anti,271548,38
Song_0008056,Drake,25,218601,65
Song_0008057,The Weeknd,Future Nostalgia,133292,14
Song_0008058,Imagine Dragons,When We All Fall Asleep,292590,10
Song_0008059,Taylor Swift,Anti,298857,79
Song_0008060,Taylor Swift,Divide,176509,70
Song_0008061,The Weeknd,Justice,154290,80
Song_0008062,Imagine Dragons,When We All Fall Asleep,304729,38
Song_0008063,Justin Bieber,Divide,253035,58
Song_0008064,Taylor Swift,Evolve,296060,51
Song_0008065,Ed Sheeran,Evolve,229054,4
Song_0008066,Taylor Swift,25,237156,14
Song_0008067,The Weeknd,Future Nostalgia,127713,44
Song_0008068,The Weeknd,Midnights,128691,7
Song_0008069,Drake,After Hours,138588,31
Song_0008070,Imagine Dragons,Scorpion,227305,19
Song_0008071,Rihanna,When We All Fall Asleep,127620,99
Song_0008072,Justin Bieber,Scorpion,319311,27
Song_0008073,Ed Sheeran,25,214094,36
Song_0008074,Justin Bieber,25,307702,89
Song_0008075,Billie Eilish,Evolve,249789,24
Song_0008076,Adele,Justice,122203,61
Song_0008077,The Weeknd,Midnights,317341,5
Song_0008078,Taylor Swift,Midnights,279564,18
Song_0008079,Justin Bieber,25,295054,3
Song_0008080,Ed Sheeran,When We All Fall Asleep,227313,48
Song_0008081,Imagine Dragons,Future Nostalgia,130997,84
Song_0008082,Dua Lipa,Scorpion,319305,73
Song_0008083,Justin Bieber,Midnights,149314,17
Song_0008084,Imagine Dragons,After Hours,247913,18
Song_0008085,Taylor Swift,Scorpion,311030,89
Song_0008086,Drake,After Hours,233361,8
Song_0008087,Dua Lipa,Divide,231559,73
Song_0008088,Adele,Midnights,235280,30
Song_0008089,Taylor Swift,After Hours,164547,20
Song_0008090,Dua Lipa,Scorpion,223348,32
Song_0008091,Adele,Scorpion,183685,93
Song_0008092,Billie Eilish,After Hours,190697,33
Song_0008093,The Weeknd,When We All Fall Asleep,138321,96
Song_0008094,The Weeknd,Evolve,297380,49
Song_0008095,Justin Bieber,Scorpion,318914,69
Song_0008096,Dua Lipa,When We All Fall Asleep,291184,68
Song_0008097,Taylor Swift,Anti,199872,61
Song_0008098,Ed Sheeran,25,174016,11
Song_0008099,Justin Bieber,Evolve,300561,78
Song_0008100,Justin Bieber,Future Nostalgia,276184,67
Song_0008101,Drake,Evolve,180110,9
Song_0008102,The Weeknd,Scorpion,157803,71
Song_0008103,Dua Lipa,Scorpion,165702,25
Song_0008104,Billie Eilish,Justice,187102,39
Song_0008105,Justin Bieber,Justice,265437,96
Song_0008106,Rihanna,Scorpion,283115,11
Song_0008107,Ed Sheeran,Evolve,242093,15
Song_0008108,Drake,Scorpion,234489,59
Song_0008109,Imagine Dragons,Evolve,215347,65
Song_0008110,Dua Lipa,When We All Fall Asleep,157796,96
Song_0008111,Imagine Dragons,Midnights,209426,4
Song_0008112,Dua Lipa,Midnights,195075,26
Song_0008113,Ed Sheeran,Future Nostalgia,192521,34
Song_0008114,Dua Lipa,Anti,295496,56
Song_0008115,Ed Sheeran,Evolve,296813,79
Song_0008116,Justin Bieber,Divide,308629,84
Song_0008117,Dua Lipa,Justice,318668,55
Song_0008118,Imagine Dragons,When We All Fall Asleep,205816,18
Song_0008119,The Weeknd,Justice,184064,53
Song_0008120,Rihanna,Future Nostalgia,249609,25
Song_0008121,Dua Lipa,Divide,270254,31
Song_0008122,Rihanna,Justice,130774,11
Song_0008123,Drake,Scorpion,176821,72
Song_0008124,Ed Sheeran,After Hours,129113,41
Song_0008125,Rihanna,Future Nostalgia,312119,12
Song_0008126,Drake,Anti,168555,11
Song_0008127,Justin Bieber,Future Nostalgia,279992,30
Song_0008128,Adele,After Hours,130380,85
Song_0008129,Adele,Scorpion,253682,57
Song_0008130,Adele,Justice,229659,99
Song_0008131,Drake,25,309365,66
Song_0008132,Rihanna,25,214424,95
Song_0008133,Drake,After Hours,315137,60
Song_0008134,Drake,Midnights,262718,79
Song_0008135,Adele,Justice,264303,5
Song_0008136,Billie Eilish,25,133903,16
Song_0008137,Drake,After Hours,185186,57
Song_0008138,Taylor Swift,Justice,248744,87
Song_0008139,Rihanna,When We All Fall Asleep,169629,7
Song_0008140,Taylor Swift,After Hours,202116,46
Song_0008141,Dua Lipa,Evolve,294001,26
Song_0008142,The Weeknd,Justice,175193,61
Song_0008143,Ed Sheeran,25,133537,69
Song_0008144,Drake,Midnights,219732,19
Song_0008145,The Weeknd,Divide,200375,53
Song_0008146,Drake,Midnights,239852,56
Song_0008147,Taylor Swift,Anti,256452,56
Song_0008148,Taylor Swift,After Hours,177482,82
Song_0008149,The Weeknd,Midnights,286600,21
Song_0008150,Dua Lipa,Anti,147822,38
Song_0008151,Dua Lipa,When We All Fall Asleep,295758,9
Song_0008152,Ed Sheeran,When We All Fall Asleep,221889,88
Song_0008153,Dua Lipa,Scorpion,290006,15
Song_0008154,Justin Bieber,When We All Fall Asleep,243789,13
Song_0008155,Rihanna,Evolve,231468,31
Song_0008156,Rihanna,After Hours,193875,28
Song_0008157,Justin Bieber,Future Nostalgia,120429,56
Song_0008158,Billie Eilish,Evolve,318819,32
Song_0008159,Drake,After Hours,223450,42
Song_0008160,Billie Eilish,Divide,224210,88
Song_0008161,Drake,Scorpion,269790,61
Song_0008162,Drake,Future Nostalgia,283936,12
Song_0008163,The Weeknd,Midnights,130555,35
Song_0008164,Imagine Dragons,Future Nostalgia,155558,34
Song_0008165,Billie Eilish,When We All Fall Asleep,188732,50
Song_0008166,The Weeknd,Future Nostalgia,204486,36
Song_0008167,Ed Sheeran,Evolve,297441,67
Song_0008168,Ed Sheeran,Divide,181582,34
Song_0008169,Adele,Evolve,296849,95
Song_0008170,Taylor Swift,Midnights,299850,4
Song_0008171,Ed Sheeran,Divide,232294,48
Song_0008172,Dua Lipa,Midnights,179328,41
Song_0008173,Rihanna,Midnights,284325,13
Song_0008174,The Weeknd,Scorpion,140968,99
Song_0008175,Drake,25,189302,43
Song_0008176,Imagine Dragons,Evolve,189987,90
Song_0008177,Adele,Midnights,264009,95
Song_0008178,The Weeknd,Justice,136109,15
Song_0008179,Adele,Midnights,175495,28
Song_0008180,Dua Lipa,Evolve,308916,59
Song_0008181,Rihanna,After Hours,153921,97
Song_0008182,Ed Sheeran,Anti,186642,82
Song_0008183,Adele,When We All Fall Asleep,318498,57
Song_0008184,Billie Eilish,When We All Fall Asleep,138451,51
Song_0008185,Rihanna,When We All Fall Asleep,243998,4
Song_0008186,Ed Sheeran,Evolve,244074,69
Song_0008187,Drake,Divide,171161,8
Song_0008188,Ed Sheeran,Future Nostalgia,122405,20
Song_0008189,Justin Bieber,Justice,140850,23
Song_0008190,Imagine Dragons,Future Nostalgia,159666,38
Song_0008191,The Weeknd,After Hours,240499,13
Song_0008192,Drake,Evolve,130832,43
Song_0008193,Drake,After Hours,308843,9
Song_0008194,Billie Eilish,25,243854,89
Song_0008195,The Weeknd,Divide,135177,17
Song_0008196,Imagine Dragons,Anti,127052,75
Song_0008197,Rihanna,Scorpion,297012,32
Song_0008198,The Weeknd,Justice,144331,56
Song_0008199,Dua Lipa,Midnights,237948,12
Song_0008200,Dua Lipa,Justice,221059,95
Song_0008201,Adele,25,144281,75
Song_0008202,Billie Eilish,Anti,258891,61
Song_0008203,Rihanna,Scorpion,272055,23
Song_0008204,Dua Lipa,Evolve,189729,44
Song_0008205,The Weeknd,Scorpion,148159,21
Song_0008206,Justin Bieber,Justice,207063,44
Song_0008207,Rihanna,Midnights,277301,19
Song_0008208,Ed Sheeran,Scorpion,309876,7
Song_0008209,Ed Sheeran,Midnights,262411,53
Song_0008210,The Weeknd,Justice,298628,39
Song_0008211,Taylor Swift,Future Nostalgia,154294,49
Song_0008212,Billie Eilish,When We All Fall Asleep,232020,70
Song_0008213,Imagine Dragons,Evolve,220849,60
Song_0008214,Billie Eilish,When We All Fall Asleep,218191,45
Song_0008215,Billie Eilish,Divide,284348,49
Song_0008216,Imagine Dragons,Anti,318188,36
Song_0008217,Adele,Justice,193415,35
Song_0008218,Rihanna,Evolve,193491,72
Song_0008219,Ed Sheeran,Future Nostalgia,227418,59
Song_0008220,Adele,Divide,165688,38
Song_0008221,Taylor Swift,Scorpion,246921,95
Song_0008222,Imagine Dragons,Midnights,314200,24
Song_0008223,Taylor Swift,Justice,177032,60
Song_0008224,Rihanna,Anti,152070,94
Song_0008225,Taylor Swift,Future Nostalgia,246210,66
Song_0008226,Drake,Future Nostalgia,131771,55
Song_0008227,Drake,Future Nostalgia,168635,53
Song_0008228,Drake,25,276159,69
Song_0008229,Imagine Dragons,When We All Fall Asleep,168386,74
Song_0008230,Drake,25,292312,32
Song_0008231,Drake,When We All Fall Asleep,218170,92
Song_0008232,Imagine Dragons,Evolve,206592,45
Song_0008233,The Weeknd,Midnights,206601,84
Song_0008234,Dua Lipa,Justice,262134,42
Song_0008235,Billie Eilish,Midnights,186363,98
Song_0008236,The Weeknd,Midnights,286959,50
Song_0008237,Imagine Dragons,Midnights,262419,4
Song_0008238,Taylor Swift,Anti,276974,92
Song_0008239,Dua Lipa,25,230457,7
Song_0008240,Adele,Evolve,154961,20
Song_0008241,Drake,Midnights,151926,45
Song_0008242,Imagine Dragons,Evolve,309509,72
Song_0008243,Rihanna,Midnights,230453,37
Song_0008244,Imagine Dragons,After Hours,219305,53
Song_0008245,Billie Eilish,Divide,210110,84
Song_0008246,The Weeknd,When We All Fall Asleep,173664,91
Song_0008247,Justin Bieber,Justice,139684,18
Song_0008248,Rihanna,Future Nostalgia,171001,48
Song_0008249,Imagine Dragons,25,316938,87
Song_0008250,Justin Bieber,When We All Fall Asleep,218190,93
Song_0008251,Drake,Anti,147528,43
Song_0008252,Drake,When We All Fall Asleep,305033,18
Song_0008253,Adele,Future Nostalgia,235952,46
Song_0008254,Dua Lipa,Scorpion,262314,54
Song_0008255,Rihanna,Anti,269180,46
Song_0008256,Justin Bieber,Justice,317294,65
Song_0008257,Drake,25,157464,51
Song_0008258,Justin Bieber,Divide,166782,54
Song_0008259,Drake,Midnights,246699,45
Song_0008260,Ed Sheeran,After Hours,150369,92
Song_0008261,Billie Eilish,Anti,295343,94
Song_0008262,The Weeknd,Evolve,289125,21
Song_0008263,The Weeknd,Scorpion,200487,50
Song_0008264,Justin Bieber,Anti,130705,19
Song_0008265,Billie Eilish,Midnights,237123,92
Song_0008266,Taylor Swift,Divide,309596,65
Song_0008267,Imagine Dragons,25,167938,100
Song_0008268,The Weeknd,25,167087,51
Song_0008269,Imagine Dragons,Divide,249150,32
Song_0008270,Drake,Divide,229927,12
Song_0008271,Billie Eilish,When We All Fall Asleep,207357,43
Song_0008272,Dua Lipa,When We All Fall Asleep,247817,15
Song_0008273,Rihanna,Midnights,186544,88
Song_0008274,Justin Bieber,Evolve,288389,61
Song_0008275,The Weeknd,Midnights,298974,29
Song_0008276,Taylor Swift,Divide,275088,89
Song_0008277,Ed Sheeran,Justice,168567,93
Song_0008278,Dua Lipa,25,234723,63
Song_0008279,Adele,Anti,207188,13
Song_0008280,Billie Eilish,Midnights,286794,6
Song_0008281,Ed Sheeran,Divide,138886,15
Song_0008282,Ed Sheeran,Justice,290125,60
Song_0008283,Imagine Dragons,Divide,291574,36
Song_0008284,Rihanna,Midnights,163662,76
Song_0008285,Adele,Scorpion,201516,63
Song_0008286,Adele,Divide,190241,27
Song_0008287,Dua Lipa,Future Nostalgia,230216,34
Song_0008288,Billie Eilish,Evolve,151876,100
Song_0008289,Dua Lipa,Divide,170952,55
Song_0008290,Rihanna,When We All Fall Asleep,291346,5
Song_0008291,Justin Bieber,Justice,138288,88
Song_0008292,Imagine Dragons,When We All Fall Asleep,312337,97
Song_0008293,Rihanna,Anti,122143,15
Song_0008294,Ed Sheeran,25,129209,32
Song_0008295,The Weeknd,Anti,251325,41
Song_0008296,Ed Sheeran,After Hours,231450,19
Song_0008297,Justin Bieber,Midnights,130555,91
Song_0008298,Taylor Swift,Evolve,174938,47
Song_0008299,Taylor Swift,Anti,149253,79
Song_0008300,Imagine Dragons,After Hours,286226,26
Song_0008301,Ed Sheeran,After Hours,280696,95
Song_0008302,The Weeknd,Future Nostalgia,262137,19
Song_0008303,Taylor Swift,Evolve,131816,3
Song_0008304,The Weeknd,When We All Fall Asleep,219842,94
Song_0008305,Drake,Midnights,121366,67
Song_0008306,Taylor Swift,When We All Fall Asleep,121856,14
Song_0008307,Billie Eilish,25,144233,18
Song_0008308,Dua Lipa,Divide,224238,26
Song_0008309,Rihanna,Scorpion,315941,17
Song_0008310,Ed Sheeran,Divide,188630,68
Song_0008311,Justin Bieber,Evolve,298662,46
Song_0008312,Taylor Swift,Future Nostalgia,203030,23
Song_0008313,Imagine Dragons,Midnights,213027,33
Song_0008314,Billie Eilish,Midnights,243559,97
Song_0008315,Ed Sheeran,Divide,245617,93
Song_0008316,Billie Eilish,Divide,147989,29
Song_0008317,Imagine Dragons,Scorpion,292285,55
Song_0008318,Drake,Justice,168728,78
Song_0008319,Drake,Anti,165844,48
Song_0008320,Rihanna,Anti,147581,89
Song_0008321,Imagine Dragons,Midnights,191542,36
Song_0008322,Taylor Swift,Scorpion,306745,35
Song_0008323,Billie Eilish,25,291989,65
Song_0008324,Adele,When We All Fall Asleep,182066,68
Song_0008325,Dua Lipa,After Hours,239553,80
Song_0008326,Adele,Anti,281684,58
Song_0008327,Adele,25,238125,94
Song_0008328,Drake,Justice,152472,87
Song_0008329,The Weeknd,Midnights,142230,91
Song_0008330,Taylor Swift,Divide,286074,12
Song_0008331,Billie Eilish,Midnights,219819,79
Song_0008332,Imagine Dragons,Evolve,174573,40
Song_0008333,Ed Sheeran,When We All Fall Asleep,261819,51
Song_0008334,Drake,After Hours,120964,12
Song_0008335,Imagine Dragons,Future Nostalgia,271532,58
Song_0008336,The Weeknd,When We All Fall Asleep,131211,90
Song_0008337,Dua Lipa,After Hours,173074,59
Song_0008338,The Weeknd,Anti,212093,12
Song_0008339,Drake,Divide,171187,72
Song_0008340,Rihanna,Evolve,268615,97
Song_0008341,Adele,Midnights,311852,63
Song_0008342,Dua Lipa,Future Nostalgia,121554,89
Song_0008343,Dua Lipa,Scorpion,163032,87
Song_0008344,Taylor Swift,When We All Fall Asleep,288428,92
Song_0008345,The Weeknd,Anti,165895,30
Song_0008346,Dua Lipa,Divide,319598,64
Song_0008347,Adele,Anti,233752,97
Song_0008348,Rihanna,Evolve,296579,93
Song_0008349,Taylor Swift,25,306055,58
Song_0008350,Ed Sheeran,Divide,220258,77
Song_0008351,Adele,Future Nostalgia,204329,20
Song_0008352,Justin Bieber,When We All Fall Asleep,260540,4
Song_0008353,Rihanna,Midnights,161435,10
Song_0008354,The Weeknd,Justice,124614,100
Song_0008355,Ed Sheeran,Midnights,281638,74
Song_0008356,Ed Sheeran,Scorpion,316357,34
Song_0008357,Imagine Dragons,25,212530,49
Song_0008358,Drake,Justice,275355,31
Song_0008359,Imagine Dragons,Midnights,288704,16
Song_0008360,Billie Eilish,After Hours,207429,40
Song_0008361,Dua Lipa,25,204848,89
Song_0008362,Rihanna,Evolve,167117,13
Song_0008363,Adele,Evolve,300227,98
Song_0008364,Ed Sheeran,Future Nostalgia,267906,93
Song_0008365,Imagine Dragons,Midnights,245894,20
Song_0008366,The Weeknd,After Hours,133471,42
Song_0008367,Justin Bieber,Anti,188872,65
Song_0008368,Adele,Future Nostalgia,303160,33
Song_0008369,Rihanna,Divide,206995,49
Song_0008370,Billie Eilish,After Hours,172531,13
Song_0008371,Drake,Evolve,175526,52
Song_0008372,Dua Lipa,Future Nostalgia,136565,13
Song_0008373,Taylor Swift,Divide,297868,51
Song_0008374,Adele,When We All Fall Asleep,167599,97
Song_0008375,Rihanna,Scorpion,192295,9
Song_0008376,Rihanna,Justice,128411,23
Song_0008377,Dua Lipa,Scorpion,229871,35
Song_0008378,Ed Sheeran,Divide,195972,3
Song_0008379,Drake,Future Nostalgia,246616,85
Song_0008380,Imagine Dragons,After Hours,281223,63
Song_0008381,Imagine Dragons,Justice,123916,50
Song_0008382,Adele,25,242375,87
Song_0008383,Drake,After Hours,146031,61
Song_0008384,Drake,25,249677,28
Song_0008385,Billie Eilish,Evolve,150113,24
Song_0008386,The Weeknd,Future Nostalgia,312769,22
Song_0008387,Imagine Dragons,Divide,292716,89
Song_0008388,The Weeknd,When We All Fall Asleep,260318,26
Song_0008389,Drake,25,137004,62
Song_0008390,Dua Lipa,Future Nostalgia,255221,36
Song_0008391,Billie Eilish,Scorpion,240294,54
Song_0008392,Adele,When We All Fall Asleep,277216,56
Song_0008393,The Weeknd,Justice,301459,30
Song_0008394,Rihanna,Anti,233363,66
Song_0008395,Justin Bieber,Future Nostalgia,189269,34
Song_0008396,Ed Sheeran,Midnights,240603,2
Song_0008397,Taylor Swift,Justice,130587,92
Song_0008398,Ed Sheeran,Future Nostalgia,236316,40
Song_0008399,The Weeknd,After Hours,267850,37
Song_0008400,Dua Lipa,25,262248,1
Song_0008401,Rihanna,Justice,240115,52
Song_0008402,The Weeknd,Midnights,215474,52
Song_0008403,Ed Sheeran,Anti,216843,42
Song_0008404,The Weeknd,Future Nostalgia,202540,52
Song_0008405,Taylor Swift,Justice,277466,10
Song_0008406,Taylor Swift,Anti,240852,39
Song_0008407,Adele,When We All Fall Asleep,241768,4
Song_0008408,Billie Eilish,25,247833,96
Song_0008409,Taylor Swift,Midnights,294430,88
Song_0008410,Dua Lipa,Justice,189003,75
Song_0008411,Dua Lipa,Anti,250891,19
Song_0008412,Dua Lipa,Future Nostalgia,298372,48
Song_0008413,Ed Sheeran,Scorpion,275883,71
Song_0008414,Taylor Swift,Midnights,188587,72
Song_0008415,The Weeknd,When We All Fall Asleep,314336,36
Song_0008416,Ed Sheeran,When We All Fall Asleep,237109,28
Song_0008417,Justin Bieber,Divide,239626,64
Song_0008418,Justin Bieber,Midnights,162350,36
Song_0008419,Imagine Dragons,Future Nostalgia,164335,24
Song_0008420,Justin Bieber,Anti,268907,54
Song_0008421,Drake,Future Nostalgia,185401,36
Song_0008422,The Weeknd,Future Nostalgia,254132,46
Song_0008423,Billie Eilish,Justice,209853,80
Song_0008424,Justin Bieber,Future Nostalgia,140420,65
Song_0008425,Rihanna,Evolve,145885,53
Song_0008426,Taylor Swift,When We All Fall Asleep,222104,79
Song_0008427,Rihanna,When We All Fall Asleep,235540,44
Song_0008428,Justin Bieber,After Hours,232349,61
Song_0008429,Rihanna,Midnights,132366,37
Song_0008430,Imagine Dragons,Evolve,179361,68
Song_0008431,Taylor Swift,Divide,142199,24
Song_0008432,Billie Eilish,When We All Fall Asleep,272268,87
Song_0008433,Billie Eilish,When We All Fall Asleep,158358,19
Song_0008434,Justin Bieber,25,134670,63
Song_0008435,Drake,Anti,198768,86
Song_0008436,Justin Bieber,Divide,254563,45
Song_0008437,Justin Bieber,Anti,260315,62
Song_0008438,Justin Bieber,25,151921,34
Song_0008439,Drake,Anti,132386,11
Song_0008440,Drake,When We All Fall Asleep,270716,23
Song_0008441,Justin Bieber,Divide,306299,56
Song_0008442,Taylor Swift,25,218839,75
Song_0008443,Imagine Dragons,Justice,180089,5
Song_0008444,The Weeknd,Future Nostalgia,199241,20
Song_0008445,The Weeknd,Divide,137768,22
Song_0008446,Billie Eilish,Justice,207502,85
Song_0008447,The Weeknd,Justice,281891,55
Song_0008448,Dua Lipa,When We All Fall Asleep,137822,41
Song_0008449,Justin Bieber,Scorpion,180172,65
Song_0008450,Imagine Dragons,Divide,246955,86
Song_0008451,Taylor Swift,Midnights,231550,52
Song_0008452,Justin Bieber,After Hours,250657,20
Song_0008453,Drake,Scorpion,287487,7
Song_0008454,Ed Sheeran,Justice,313882,30
Song_0008455,Drake,When We All Fall Asleep,126832,96
Song_0008456,Billie Eilish,Evolve,263509,53
Song_0008457,Dua Lipa,After Hours,182055,60
Song_0008458,Dua Lipa,Anti,252852,15
Song_0008459,Drake,Divide,184659,68
Song_0008460,Taylor Swift,25,167903,74
Song_0008461,Ed Sheeran,Scorpion,271585,67
Song_0008462,Rihanna,After Hours,200408,27
Song_0008463,Billie Eilish,After Hours,243168,20
Song_0008464,Taylor Swift,After Hours,146690,22
Song_0008465,Adele,Evolve,282866,86
Song_0008466,Taylor Swift,Midnights,128552,35
Song_0008467,Dua Lipa,Future Nostalgia,229339,5
Song_0008468,Taylor Swift,25,132510,38
Song_0008469,Ed Sheeran,When We All Fall Asleep,203166,53
Song_0008470,Rihanna,Justice,266728,56
Song_0008471,Taylor Swift,Midnights,224916,56
Song_0008472,Billie Eilish,Scorpion,266597,87
Song_0008473,Rihanna,Evolve,260173,63
Song_0008474,Drake,Midnights,268431,58
Song_0008475,Dua Lipa,Midnights,244259,24
Song_0008476,Drake,When We All Fall Asleep,128189,30
Song_0008477,Billie Eilish,When We All Fall Asleep,225010,54
Song_0008478,Dua Lipa,Future Nostalgia,271053,18
Song_0008479,Justin Bieber,Divide,159591,71
Song_0008480,Drake,After Hours,196084,27
Song_0008481,The Weeknd,After Hours,286292,3
Song_0008482,Drake,Midnights,124107,85
Song_0008483,Justin Bieber,When We All Fall Asleep,289680,90
Song_0008484,Adele,Divide,251315,10
Song_0008485,Billie Eilish,Justice,219148,24
Song_0008486,Billie Eilish,Anti,294056,47
Song_0008487,The Weeknd,Divide,169337,64
Song_0008488,Billie Eilish,25,169494,70
Song_0008489,Drake,25,262982,93
Song_0008490,Drake,25,146289,13
Song_0008491,Adele,Divide,273554,79
Song_0008492,Rihanna,Future Nostalgia,271497,38
Song_0008493,Ed Sheeran,25,217233,89
Song_0008494,Billie Eilish,Divide,262059,7
Song_0008495,Rihanna,Anti,246483,49
Song_0008496,Billie Eilish,Justice,211852,55
Song_0008497,Rihanna,Scorpion,238939,47
Song_0008498,Dua Lipa,Justice,139069,1
Song_0008499,Imagine Dragons,Divide,303507,65
Song_0008500,Drake,After Hours,203698,45
Song_0008501,Taylor Swift,Future Nostalgia,205133,48
Song_0008502,Justin Bieber,Justice,123351,56
Song_0008503,Dua Lipa,After Hours,187982,34
Song_0008504,Justin Bieber,Evolve,138024,21
Song_0008505,Justin Bieber,Evolve,175898,96
Song_0008506,Ed Sheeran,Future Nostalgia,157175,65
Song_0008507,Dua Lipa,Justice,140974,89
Song_0008508,Justin Bieber,When We All Fall Asleep,237914,24
Song_0008509,Imagine Dragons,Justice,285314,30
Song_0008510,Ed Sheeran,After Hours,251171,53
Song_0008511,The Weeknd,Justice,251600,88
Song_0008512,Billie Eilish,When We All Fall Asleep,190763,39
Song_0008513,Billie Eilish,When We All Fall Asleep,263672,18
Song_0008514,Dua Lipa,Scorpion,234804,42
Song_0008515,Ed Sheeran,Justice,149584,16
Song_0008516,Billie Eilish,Midnights,148609,39
Song_0008517,Dua Lipa,Scorpion,164940,73
Song_0008518,Adele,25,256812,93
Song_0008519,The Weeknd,Scorpion,168082,27
Song_0008520,Imagine Dragons,Anti,136611,50
Song_0008521,Drake,Midnights,314418,26
Song_0008522,Drake,Anti,207763,48
Song_0008523,Taylor Swift,Justice,305322,97
Song_0008524,The Weeknd,Evolve,305859,20
Song_0008525,Justin Bieber,After Hours,256179,25
Song_0008526,Dua Lipa,25,147835,85
Song_0008527,Imagine Dragons,After Hours,220160,83
Song_0008528,Drake,25,291673,36
Song_0008529,Imagine Dragons,Anti,274288,3
Song_0008530,Justin Bieber,Anti,122121,15
Song_0008531,Dua Lipa,25,235530,27
Song_0008532,Ed Sheeran,25,279271,36
Song_0008533,Ed Sheeran,25,275033,13
Song_0008534,Ed Sheeran,Justice,200299,31
Song_0008535,Billie Eilish,When We All Fall Asleep,295688,42
Song_0008536,Imagine Dragons,Future Nostalgia,125512,91
Song_0008537,The Weeknd,Evolve,232625,32
Song_0008538,Imagine Dragons,Divide,164939,12
Song_0008539,Dua Lipa,Midnights,291612,94
Song_0008540,The Weeknd,Future Nostalgia,208649,69
Song_0008541,Justin Bieber,Evolve,203284,21
Song_0008542,Justin Bieber,Anti,260750,46
Song_0008543,Billie Eilish,When We All Fall Asleep,289953,5
Song_0008544,The Weeknd,25,213368,84
Song_0008545,Rihanna,Midnights,141393,28
Song_0008546,Taylor Swift,Evolve,299597,62
Song_0008547,Rihanna,Scorpion,178088,95
Song_0008548,Taylor Swift,Justice,225508,79
Song_0008549,Billie Eilish,Scorpion,225304,78
Song_0008550,Adele,Scorpion,233982,52
Song_0008551,The Weeknd,Midnights,212163,44
Song_0008552,Adele,Anti,145842,51
Song_0008553,Drake,After Hours,212874,79
Song_0008554,Ed Sheeran,Midnights,304132,44
Song_0008555,Billie Eilish,Justice,270489,56
Song_0008556,Justin Bieber,Divide,151417,31
Song_0008557,Dua Lipa,Scorpion,310065,86
Song_0008558,Ed Sheeran,Scorpion,157943,6
Song_0008559,Taylor Swift,Anti,280957,7
Song_0008560,Justin Bieber,25,146891,20
Song_0008561,Ed Sheeran,When We All Fall Asleep,273671,76
Song_0008562,Ed Sheeran,Future Nostalgia,120804,72
Song_0008563,Imagine Dragons,Evolve,160273,46
Song_0008564,Dua Lipa,Justice,319504,62
Song_0008565,Justin Bieber,Justice,302450,20
Song_0008566,Taylor Swift,When We All Fall Asleep,153789,26
Song_0008567,Justin Bieber,Scorpion,206017,25
Song_0008568,Taylor Swift,Anti,295677,86
Song_0008569,Imagine Dragons,Scorpion,308492,49
Song_0008570,Justin Bieber,Scorpion,316577,15
Song_0008571,The Weeknd,Midnights,227725,79
Song_0008572,Rihanna,Justice,250764,27
Song_0008573,Dua Lipa,Evolve,194956,90
Song_0008574,Taylor Swift,Justice,171147,36
Song_0008575,Adele,Anti,205057,81
Song_0008576,The Weeknd,Divide,245301,10
Song_0008577,Justin Bieber,When We All Fall Asleep,276001,73
Song_0008578,Dua Lipa,25,192888,58
Song_0008579,Dua Lipa,Scorpion,233977,24
Song_0008580,Adele,Scorpion,205750,20
Song_0008581,Imagine Dragons,Justice,288338,95
Song_0008582,Adele,Midnights,272272,98
Song_0008583,Ed Sheeran,25,278504,29
Song_0008584,Ed Sheeran,Divide,208478,14
Song_0008585,Taylor Swift,25,200029,62
Song_0008586,Taylor Swift,Scorpion,171748,32
Song_0008587,Adele,Justice,126869,76
Song_0008588,The Weeknd,Divide,155582,7
Song_0008589,Adele,Divide,133420,67
Song_0008590,Drake,Midnights,239440,56
Song_0008591,Billie Eilish,Anti,164484,74
Song_0008592,Adele,Evolve,286230,59
Song_0008593,Imagine Dragons,Anti,150480,2
Song_0008594,Adele,Evolve,299656,11
Song_0008595,Dua Lipa,Anti,173402,42
Song_0008596,Dua Lipa,Justice,170841,1
Song_0008597,Imagine Dragons,Evolve,134022,39
Song_0008598,Dua Lipa,Scorpion,155577,50
Song_0008599,Rihanna,After Hours,277874,55
Song_0008600,Imagine Dragons,Scorpion,134312,72
Song_0008601,Imagine Dragons,Divide,259490,4
Song_0008602,Billie Eilish,Future Nostalgia,215548,48
Song_0008603,Dua Lipa,Divide,294232,86
Song_0008604,The Weeknd,After Hours,221199,72
Song_0008605,The Weeknd,Future Nostalgia,148696,39
Song_0008606,Justin Bieber,Future Nostalgia,161335,4
Song_0008607,The Weeknd,Evolve,194495,73
Song_0008608,Adele,Justice,191786,52
Song_0008609,Ed Sheeran,Evolve,171057,23
Song_0008610,Taylor Swift,After Hours,157189,28
Song_0008611,The Weeknd,Divide,295637,51
Song_0008612,Ed Sheeran,Divide,315782,2
Song_0008613,Ed Sheeran,After Hours,192811,86
Song_0008614,Imagine Dragons,When We All Fall Asleep,234479,40
Song_0008615,Ed Sheeran,Future Nostalgia,214311,79
Song_0008616,Rihanna,Scorpion,310695,75
Song_0008617,Drake,25,226207,100
Song_0008618,Imagine Dragons,Future Nostalgia,187310,83
Song_0008619,Ed Sheeran,Anti,241374,97
Song_0008620,Taylor Swift,25,228880,3
Song_0008621,Dua Lipa,Future Nostalgia,291907,31
Song_0008622,Drake,Divide,273689,12
Song_0008623,Billie Eilish,Evolve,166054,97
Song_0008624,Dua Lipa,25,292589,98
Song_0008625,Billie Eilish,Scorpion,299660,32
Song_0008626,Ed Sheeran,Justice,254457,42
Song_0008627,Imagine Dragons,25,221891,52
Song_0008628,Justin Bieber,Evolve,178605,85
Song_0008629,Drake,Justice,191929,33
Song_0008630,Dua Lipa,25,133398,58
Song_0008631,Drake,After Hours,305887,54
Song_0008632,Dua Lipa,Evolve,255042,99
Song_0008633,Drake,Scorpion,258390,44
Song_0008634,Drake,Future Nostalgia,155489,13
Song_0008635,Rihanna,Justice,211958,87
Song_0008636,Billie Eilish,Evolve,177086,80
Song_0008637,Drake,Justice,286492,70
Song_0008638,Ed Sheeran,Midnights,266469,93
Song_0008639,Adele,Evolve,310001,63
Song_0008640,Justin Bieber,Justice,254270,75
Song_0008641,Imagine Dragons,Future Nostalgia,317039,79
Song_0008642,Imagine Dragons,After Hours,131307,16
Song_0008643,Rihanna,Scorpion,162603,42
Song_0008644,Adele,25,283250,10
Song_0008645,Dua Lipa,Anti,227928,49
Song_0008646,Taylor Swift,Future Nostalgia,208731,76
Song_0008647,Taylor Swift,Divide,239337,74
Song_0008648,Rihanna,Divide,138130,95
Song_0008649,Taylor Swift,Midnights,229495,52
Song_0008650,Billie Eilish,After Hours,137272,10
Song_0008651,Rihanna,Scorpion,160254,5
Song_0008652,Ed Sheeran,Scorpion,157324,41
Song_0008653,Ed Sheeran,Justice,187503,39
Song_0008654,Rihanna,Anti,290833,83
Song_0008655,Rihanna,Anti,243782,99
Song_0008656,Adele,When We All Fall Asleep,126071,11
Song_0008657,Rihanna,Midnights,237579,74
Song_0008658,The Weeknd,Evolve,145707,78
Song_0008659,Justin Bieber,Scorpion,192620,45
Song_0008660,The Weeknd,Anti,206079,70
Song_0008661,Rihanna,Evolve,228590,18
Song_0008662,Dua Lipa,Midnights,211479,68
Song_0008663,Justin Bieber,25,283410,55
Song_0008664,Taylor Swift,When We All Fall Asleep,249254,83
Song_0008665,Adele,Evolve,168073,72
Song_0008666,Ed Sheeran,Anti,139773,3
Song_0008667,Billie Eilish,After Hours,226787,80
Song_0008668,Billie Eilish,Evolve,161183,87
Song_0008669,The Weeknd,25,193892,70
Song_0008670,Billie Eilish,Scorpion,286989,11
Song_0008671,The Weeknd,Anti,295349,65
Song_0008672,The Weeknd,Scorpion,227114,65
Song_0008673,Drake,When We All Fall Asleep,307364,48
Song_0008674,Drake,Future Nostalgia,195236,97
Song_0008675,Drake,After Hours,174865,14
Song_0008676,Imagine Dragons,Future Nostalgia,194515,37
Song_0008677,Dua Lipa,Evolve,183550,11
Song_0008678,Imagine Dragons,When We All Fall Asleep,239689,36
Song_0008679,Ed Sheeran,25,245540,11
Song_0008680,Dua Lipa,Divide,178812,57
Song_0008681,Imagine Dragons,Anti,317548,15
Song_0008682,Rihanna,Future Nostalgia,145549,36
Song_0008683,Justin Bieber,Scorpion,204972,34
Song_0008684,Rihanna,Evolve,316638,89
Song_0008685,Drake,Scorpion,285634,98
Song_0008686,Adele,When We All Fall Asleep,203487,73
Song_0008687,Rihanna,Future Nostalgia,305809,47
Song_0008688,Rihanna,Justice,226380,62
Song_0008689,The Weeknd,Justice,222912,47
Song_0008690,Imagine Dragons,Evolve,197703,22
Song_0008691,Dua Lipa,When We All Fall Asleep,305260,96
Song_0008692,Rihanna,Future Nostalgia,249114,14
Song_0008693,The Weeknd,When We All Fall Asleep,291114,55
Song_0008694,Imagine Dragons,25,312353,10
Song_0008695,Justin Bieber,25,302289,48
Song_0008696,The Weeknd,When We All Fall Asleep,249367,46
Song_0008697,Ed Sheeran,Divide,152388,36
Song_0008698,Dua Lipa,When We All Fall Asleep,170093,97
Song_0008699,Justin Bieber,Evolve,289980,45
Song_0008700,Taylor Swift,Justice,276595,77
Song_0008701,Billie Eilish,Midnights,191985,48
Song_0008702,Taylor Swift,Future Nostalgia,260318,7
Song_0008703,Dua Lipa,25,239688,22
Song_0008704,Rihanna,Evolve,272035,14
Song_0008705,Dua Lipa,After Hours,318251,72
Song_0008706,Taylor Swift,After Hours,294779,33
Song_0008707,Imagine Dragons,Future Nostalgia,214461,28
Song_0008708,Taylor Swift,25,169406,14
Song_0008709,Adele,Anti,184006,48
Song_0008710,Drake,Justice,186153,21
Song_0008711,Taylor Swift,After Hours,303505,78
Song_0008712,Taylor Swift,Anti,283946,97
Song_0008713,Dua Lipa,When We All Fall Asleep,170262,91
Song_0008714,Imagine Dragons,Scorpion,170476,41
Song_0008715,Adele,Justice,162090,36
Song_0008716,Drake,Scorpion,164455,40
Song_0008717,Adele,Scorpion,200066,20
Song_0008718,The Weeknd,Anti,152115,49
Song_0008719,Billie Eilish,Future Nostalgia,234564,30
Song_0008720,The Weeknd,Justice,179245,98
Song_0008721,Ed Sheeran,Justice,125699,83
Song_0008722,Ed Sheeran,Scorpion,186055,8
Song_0008723,Rihanna,Future Nostalgia,242860,20
Song_0008724,The Weeknd,Midnights,123039,46
Song_0008725,The Weeknd,Divide,290051,58
Song_0008726,Dua Lipa,Anti,290233,85
Song_0008727,Rihanna,After Hours,249560,46
Song_0008728,Rihanna,Future Nostalgia,281064,32
Song_0008729,Taylor Swift,Evolve,305215,86
Song_0008730,Rihanna,After Hours,265708,46
Song_0008731,Justin Bieber,25,156642,3
Song_0008732,Justin Bieber,Midnights,172503,65
Song_0008733,Imagine Dragons,When We All Fall Asleep,226961,47
Song_0008734,The Weeknd,Scorpion,259654,5
Song_0008735,The Weeknd,When We All Fall Asleep,179219,40
Song_0008736,Drake,25,259397,100
Song_0008737,The Weeknd,25,245296,84
Song_0008738,Adele,After Hours,164911,66
Song_0008739,Taylor Swift,Justice,243934,61
Song_0008740,The Weeknd,When We All Fall Asleep,194854,92
Song_0008741,Adele,Future Nostalgia,193133,20
Song_0008742,Dua Lipa,Divide,253160,44
Song_0008743,The Weeknd,Evolve,120114,9
Song_0008744,Taylor Swift,Divide,121315,45
Song_0008745,Rihanna,Anti,298382,22
Song_0008746,Dua Lipa,Evolve,264941,50
Song_0008747,Adele,Justice,185119,90
Song_0008748,Taylor Swift,When We All Fall Asleep,221245,51
Song_0008749,Ed Sheeran,25,226171,65
Song_0008750,The Weeknd,Midnights,177786,38
Song_0008751,Justin Bieber,Future Nostalgia,284392,83
Song_0008752,Ed Sheeran,Future Nostalgia,254737,72
Song_0008753,Drake,Midnights,136181,95
Song_0008754,Adele,Divide,254021,36
Song_0008755,Billie Eilish,Divide,242169,75
Song_0008756,Dua Lipa,After Hours,217889,61
Song_0008757,The Weeknd,Scorpion,294062,62
Song_0008758,Billie Eilish,Anti,189128,43
Song_0008759,Drake,25,227475,15
Song_0008760,Rihanna,Anti,162948,23
Song_0008761,Adele,25,266735,44
Song_0008762,Justin Bieber,Anti,202762,15
Song_0008763,Billie Eilish,Evolve,296987,9
Song_0008764,Dua Lipa,When We All Fall Asleep,191273,11
Song_0008765,Rihanna,Scorpion,256410,21
Song_0008766,The Weeknd,After Hours,251684,65
Song_0008767,Rihanna,Divide,261093,22
Song_0008768,Imagine Dragons,Scorpion,244114,3
Song_0008769,The Weeknd,Future Nostalgia,174371,31
Song_0008770,Justin Bieber,Midnights,275084,55
Song_0008771,Adele,Anti,319251,40
Song_0008772,Justin Bieber,Anti,171174,6
Song_0008773,Dua Lipa,Scorpion,254970,40
Song_0008774,Ed Sheeran,Midnights,242147,42
Song_0008775,Imagine Dragons,Anti,174128,63
Song_0008776,Dua Lipa,Future Nostalgia,183507,71
Song_0008777,Dua Lipa,When We All Fall Asleep,182021,99
Song_0008778,Rihanna,When We All Fall Asleep,189856,26
Song_0008779,Imagine Dragons,Evolve,293980,82
Song_0008780,Dua Lipa,Midnights,190243,91
Song_0008781,Adele,Midnights,256215,77
Song_0008782,Rihanna,Justice,232395,61
Song_0008783,Drake,When We All Fall Asleep,160538,87
Song_0008784,Justin Bieber,Anti,289505,3
Song_0008785,Billie Eilish,Justice,159229,70
Song_0008786,Taylor Swift,Scorpion,317320,80
Song_0008787,Taylor Swift,After Hours,132627,96
Song_0008788,Imagine Dragons,When We All Fall Asleep,275491,21
Song_0008789,The Weeknd,Midnights,190206,27
Song_0008790,Drake,Divide,225565,42
Song_0008791,Billie Eilish,Justice,212682,76
Song_0008792,Billie Eilish,Evolve,316025,65
Song_0008793,Drake,Evolve,283372,84
Song_0008794,Dua Lipa,Anti,248803,70
Song_0008795,Justin Bieber,25,216670,63
Song_0008796,Taylor Swift,When We All Fall Asleep,140240,33
Song_0008797,Rihanna,Anti,213367,88
Song_0008798,Ed Sheeran,Scorpion,264731,8
Song_0008799,The Weeknd,Future Nostalgia,265064,30
Song_0008800,Drake,Evolve,300325,39
Song_0008801,Drake,Anti,260677,65
Song_0008802,Dua Lipa,Future Nostalgia,294709,82
Song_0008803,Drake,Midnights,230291,89
Song_0008804,Taylor Swift,After Hours,186723,99
Song_0008805,Taylor Swift,Scorpion,126148,94
Song_0008806,Imagine Dragons,After Hours,206165,39
Song_0008807,Justin Bieber,Midnights,227907,14
Song_0008808,Adele,Evolve,277690,44
Song_0008809,Adele,After Hours,214512,7
Song_0008810,Justin Bieber,Midnights,282334,42
Song_0008811,Rihanna,Anti,168874,93
Song_0008812,Dua Lipa,Evolve,278106,90
Song_0008813,Adele,Anti,216461,87
Song_0008814,Justin Bieber,After Hours,252481,97
Song_0008815,Drake,Scorpion,188997,66
Song_0008816,Adele,Divide,265205,45
Song_0008817,Imagine Dragons,25,208650,54
Song_0008818,Drake,25,313108,2
Song_0008819,Drake,After Hours,241180,8
Song_0008820,Justin Bieber,Midnights,168494,79
Song_0008821,Rihanna,Midnights,187056,44
Song_0008822,Taylor Swift,Scorpion,230117,50
Song_0008823,Rihanna,Future Nostalgia,231805,35
Song_0008824,Ed Sheeran,Evolve,170532,88
Song_0008825,The Weeknd,Midnights,283637,98
Song_0008826,Drake,Evolve,316268,82
Song_0008827,Justin Bieber,Midnights,268545,65
Song_0008828,Rihanna,Divide,170439,59
Song_0008829,Taylor Swift,After Hours,211255,42
Song_0008830,Imagine Dragons,After Hours,157198,55
Song_0008831,Justin Bieber,When We All Fall Asleep,161189,33
Song_0008832,Taylor Swift,Evolve,286338,76
Song_0008833,Drake,Divide,167197,54
Song_0008834,Adele,When We All Fall Asleep,318313,70
Song_0008835,The Weeknd,Future Nostalgia,187837,13
Song_0008836,Taylor Swift,Scorpion,146886,74
Song_0008837,The Weeknd,Evolve,164815,50
Song_0008838,Ed Sheeran,25,281328,27
Song_0008839,Taylor Swift,Anti,131259,85
Song_0008840,Adele,Justice,292405,38
Song_0008841,Rihanna,When We All Fall Asleep,279719,26
Song_0008842,Rihanna,After Hours,190960,96
Song_0008843,Drake,Divide,133392,23
Song_0008844,Justin Bieber,Justice,300774,94
Song_0008845,Billie Eilish,After Hours,160249,86
Song_0008846,Imagine Dragons,25,152042,25
Song_0008847,The Weeknd,25,183688,67
Song_0008848,Rihanna,Evolve,193933,98
Song_0008849,Adele,25,270442,44
Song_0008850,Dua Lipa,Midnights,257026,80
Song_0008851,Adele,After Hours,207977,24
Song_0008852,Billie Eilish,Midnights,220615,83
Song_0008853,Taylor Swift,Divide,254846,10
Song_0008854,Justin Bieber,Divide,293081,62
Song_0008855,Dua Lipa,25,255318,38
Song_0008856,Drake,When We All Fall Asleep,279574,91
Song_0008857,Imagine Dragons,Divide,288321,67
Song_0008858,The Weeknd,After Hours,220635,10
Song_0008859,Imagine Dragons,Future Nostalgia,199835,24
Song_0008860,Ed Sheeran,25,179021,86
Song_0008861,Rihanna,Justice,163248,94
Song_0008862,Adele,Justice,137876,5
Song_0008863,Dua Lipa,Scorpion,276683,67
Song_0008864,Imagine Dragons,Divide,254565,3
Song_0008865,Imagine Dragons,Evolve,280721,24
Song_0008866,Ed Sheeran,25,201242,28
Song_0008867,Taylor Swift,Midnights,251290,73
Song_0008868,Imagine Dragons,Scorpion,280468,40
Song_0008869,Drake,Evolve,278338,21
Song_0008870,Adele,Scorpion,260873,50
Song_0008871,The Weeknd,Evolve,275596,95
Song_0008872,Taylor Swift,After Hours,146758,91
Song_0008873,Adele,Justice,203582,32
Song_0008874,Billie Eilish,Evolve,251464,84
Song_0008875,Dua Lipa,Evolve,162515,65
Song_0008876,Ed Sheeran,Anti,229181,57
Song_0008877,Rihanna,Evolve,142286,2
Song_0008878,Billie Eilish,When We All Fall Asleep,181042,20
Song_0008879,Justin Bieber,Justice,258294,42
Song_0008880,Drake,Future Nostalgia,160203,11
Song_0008881,Taylor Swift,Scorpion,157832,26
Song_0008882,Drake,Evolve,299064,93
Song_0008883,Dua Lipa,Future Nostalgia,312846,79
Song_0008884,Billie Eilish,Future Nostalgia,156604,65
Song_0008885,Ed Sheeran,Justice,296052,35
Song_0008886,Drake,Divide,250203,82
Song_0008887,Justin Bieber,When We All Fall Asleep,252545,76
Song_0008888,Drake,Scorpion,195467,76
Song_0008889,Adele,After Hours,202705,36
Song_0008890,Justin Bieber,Midnights,252034,29
Song_0008891,Drake,Scorpion,198235,55
Song_0008892,Taylor Swift,Future Nostalgia,316660,60
Song_0008893,Billie Eilish,After Hours,278783,50
Song_0008894,Taylor Swift,When We All Fall Asleep,248175,93
Song_0008895,Ed Sheeran,Divide,242392,53
Song_0008896,Ed Sheeran,When We All Fall Asleep,214335,25
Song_0008897,Justin Bieber,Evolve,177245,85
Song_0008898,Billie Eilish,25,181689,9
Song_0008899,Taylor Swift,Midnights,154346,14
Song_0008900,Taylor Swift,Scorpion,225559,39
Song_0008901,Drake,Scorpion,139966,14
Song_0008902,Adele,Scorpion,172978,92
Song_0008903,Taylor Swift,Anti,173426,53
Song_0008904,Rihanna,Future Nostalgia,317459,99
Song_0008905,The Weeknd,25,189213,25
Song_0008906,Imagine Dragons,Anti,212236,51
Song_0008907,Justin Bieber,Divide,265228,12
Song_0008908,Imagine Dragons,25,154619,33
Song_0008909,Rihanna,Future Nostalgia,280000,25
Song_0008910,Dua Lipa,Anti,225922,15
Song_0008911,Dua Lipa,Future Nostalgia,214745,39
Song_0008912,Drake,Midnights,208513,80
Song_0008913,Adele,When We All Fall Asleep,174365,89
Song_0008914,Rihanna,When We All Fall Asleep,262194,5
Song_0008915,Billie Eilish,Evolve,207734,53
Song_0008916,Imagine Dragons,Evolve,241851,40
Song_0008917,Imagine Dragons,When We All Fall Asleep,260314,46
Song_0008918,Imagine Dragons,Divide,198811,63
Song_0008919,Rihanna,Midnights,269589,34
Song_0008920,Imagine Dragons,25,185955,8
Song_0008921,Billie Eilish,Future Nostalgia,316284,65
Song_0008922,Billie Eilish,When We All Fall Asleep,130846,12
Song_0008923,Justin Bieber,Future Nostalgia,194031,89
Song_0008924,Drake,After Hours,171628,97
Song_0008925,Drake,After Hours,216798,23
Song_0008926,Ed Sheeran,Future Nostalgia,319451,7
Song_0008927,Ed Sheeran,Anti,131090,100
Song_0008928,Billie Eilish,Evolve,225628,72
Song_0008929,Rihanna,Future Nostalgia,173648,72
Song_0008930,Taylor Swift,Anti,318049,7
Song_0008931,Ed Sheeran,Anti,293683,52
Song_0008932,Justin Bieber,25,146235,87
Song_0008933,Imagine Dragons,When We All Fall Asleep,207768,8
Song_0008934,Drake,25,137405,74
Song_0008935,Justin Bieber,Scorpion,262939,25
Song_0008936,Ed Sheeran,When We All Fall Asleep,127908,48
Song_0008937,Dua Lipa,Midnights,309445,62
Song_0008938,Justin Bieber,After Hours,191249,2
Song_0008939,The Weeknd,Anti,189495,72
Song_0008940,Drake,Midnights,282852,23
Song_0008941,Adele,25,281298,13
Song_0008942,Justin Bieber,Midnights,281608,38
Song_0008943,Ed Sheeran,When We All Fall Asleep,305926,62
Song_0008944,Adele,Evolve,304753,14
Song_0008945,Billie Eilish,When We All Fall Asleep,251079,11
Song_0008946,Ed Sheeran,25,274492,74
Song_0008947,Rihanna,Scorpion,187012,32
Song_0008948,Adele,When We All Fall Asleep,159265,72
Song_0008949,Justin Bieber,Divide,289319,57
Song_0008950,Adele,Justice,164297,96
Song_0008951,The Weeknd,Scorpion,154337,21
Song_0008952,Billie Eilish,After Hours,242302,89
Song_0008953,Ed Sheeran,After Hours,137393,58
Song_0008954,Dua Lipa,After Hours,139581,41
Song_0008955,Justin Bieber,After Hours,188606,16
Song_0008956,Drake,After Hours,172927,37
Song_0008957,Dua Lipa,Midnights,289962,62
Song_0008958,Justin Bieber,After Hours,206363,10
Song_0008959,Adele,When We All Fall Asleep,294479,35
Song_0008960,Justin Bieber,Justice,158894,15
Song_0008961,Dua Lipa,Future Nostalgia,230685,74
Song_0008962,Ed Sheeran,Anti,203518,58
Song_0008963,The Weeknd,When We All Fall Asleep,273074,80
Song_0008964,Rihanna,Future Nostalgia,178213,1
Song_0008965,Drake,Anti,264471,44
Song_0008966,Rihanna,Justice,273536,87
Song_0008967,Ed Sheeran,Justice,220644,80
Song_0008968,Drake,Scorpion,222238,88
Song_0008969,Dua Lipa,Anti,267767,43
Song_0008970,Ed Sheeran,After Hours,261099,21
Song_0008971,Justin Bieber,Midnights,319246,57
Song_0008972,Billie Eilish,Evolve,302797,60
Song_0008973,Drake,Justice,159192,88
Song_0008974,The Weeknd,Future Nostalgia,316597,44
Song_0008975,Justin Bieber,Scorpion,154959,48
Song_0008976,Imagine Dragons,When We All Fall Asleep,287702,93
Song_0008977,Rihanna,Scorpion,271326,79
Song_0008978,Justin Bieber,After Hours,128171,3
Song_0008979,The Weeknd,Evolve,157045,50
Song_0008980,Drake,When We All Fall Asleep,314266,69
Song_0008981,The Weeknd,Evolve,129146,28
Song_0008982,Drake,Divide,153771,7
Song_0008983,Imagine Dragons,Midnights,148440,39
Song_0008984,Drake,25,306355,4
Song_0008985,Adele,After Hours,305468,14
Song_0008986,Taylor Swift,Anti,310279,88
Song_0008987,Adele,Justice,201158,1
Song_0008988,Adele,Divide,266419,88
Song_0008989,Billie Eilish,Scorpion,210165,22
Song_0008990,Adele,Future Nostalgia,216616,40
Song_0008991,Billie Eilish,Future Nostalgia,286431,22
Song_0008992,Dua Lipa,After Hours,128246,28
Song_0008993,Ed Sheeran,Future Nostalgia,187949,8
Song_0008994,Adele,Justice,125728,92
Song_0008995,Billie Eilish,Divide,188347,92
Song_0008996,Ed Sheeran,25,142713,49
Song_0008997,Drake,Divide,197577,15
Song_0008998,Ed Sheeran,Evolve,186178,76
Song_0008999,Imagine Dragons,Midnights,304867,81
Song_0009000,Drake,After Hours,241139,26
Song_0009001,Ed Sheeran,25,191200,88
Song_0009002,The Weeknd,25,120762,44
Song_0009003,Dua Lipa,Evolve,298184,87
Song_0009004,Justin Bieber,Future Nostalgia,218488,10
Song_0009005,Dua Lipa,Divide,138406,98
Song_0009006,Adele,When We All Fall Asleep,314420,33
Song_0009007,Ed Sheeran,Justice,283112,84
Song_0009008,Taylor Swift,Midnights,213273,97
Song_0009009,Ed Sheeran,25,266660,17
Song_0009010,Ed Sheeran,Midnights,157897,73
Song_0009011,Taylor Swift,Justice,130673,23
Song_0009012,Billie Eilish,Divide,288571,83
Song_0009013,Dua Lipa,Future Nostalgia,152452,76
Song_0009014,Billie Eilish,Scorpion,275511,40
Song_0009015,Justin Bieber,25,315041,9
Song_0009016,Imagine Dragons,Divide,212021,78
Song_0009017,Drake,Scorpion,214143,26
Song_0009018,Taylor Swift,Justice,272619,65
Song_0009019,Dua Lipa,25,182088,52
Song_0009020,Adele,Midnights,271220,94
Song_0009021,Drake,Evolve,264969,80
Song_0009022,Ed Sheeran,After Hours,244028,63
Song_0009023,Rihanna,Divide,253753,40
Song_0009024,Taylor Swift,Anti,265225,32
Song_0009025,Taylor Swift,25,185458,85
Song_0009026,Dua Lipa,Evolve,240569,77
Song_0009027,Justin Bieber,After Hours,210422,48
Song_0009028,Taylor Swift,Evolve,209090,34
Song_0009029,Rihanna,Evolve,159778,33
Song_0009030,Imagine Dragons,Evolve,218865,81
Song_0009031,Ed Sheeran,25,291701,21
Song_0009032,Taylor Swift,After Hours,214614,47
Song_0009033,Taylor Swift,Scorpion,173290,76
Song_0009034,Taylor Swift,Future Nostalgia,126698,55
Song_0009035,Taylor Swift,Evolve,304504,84
Song_0009036,Ed Sheeran,Justice,230356,100
Song_0009037,Justin Bieber,Future Nostalgia,256842,18
Song_0009038,Billie Eilish,Scorpion,162443,63
Song_0009039,Billie Eilish,Scorpion,127125,76
Song_0009040,Rihanna,Midnights,223697,61
Song_0009041,Billie Eilish,Justice,162663,62
Song_0009042,Imagine Dragons,Justice,191525,24
Song_0009043,Imagine Dragons,Justice,297504,89
Song_0009044,The Weeknd,Justice,258550,95
Song_0009045,The Weeknd,When We All Fall Asleep,241933,57
Song_0009046,Drake,After Hours,160315,9
Song_0009047,The Weeknd,Anti,223333,87
Song_0009048,Rihanna,After Hours,208700,81
Song_0009049,Dua Lipa,Anti,155901,36
Song_0009050,Rihanna,Evolve,231102,96
Song_0009051,Taylor Swift,Justice,131599,92
Song_0009052,Drake,After Hours,129024,93
Song_0009053,The Weeknd,Divide,243869,8
Song_0009054,Drake,When We All Fall Asleep,188652,65
Song_0009055,Adele,After Hours,245211,7
Song_0009056,Imagine Dragons,Divide,249468,82
Song_0009057,Taylor Swift,Midnights,282045,10
Song_0009058,Taylor Swift,After Hours,249188,56
Song_0009059,Billie Eilish,After Hours,240680,36
Song_0009060,Imagine Dragons,When We All Fall Asleep,291974,48
Song_0009061,Billie Eilish,Scorpion,229733,25
Song_0009062,Justin Bieber,25,218159,88
Song_0009063,Ed Sheeran,Scorpion,152129,99
Song_0009064,Dua Lipa,Midnights,130412,74
Song_0009065,Taylor Swift,Future Nostalgia,234670,90
Song_0009066,Ed Sheeran,Midnights,305430,24
Song_0009067,Dua Lipa,Midnights,270039,72
Song_0009068,Ed Sheeran,Future Nostalgia,225277,78
Song_0009069,Taylor Swift,Future Nostalgia,235370,35
Song_0009070,Billie Eilish,Divide,191522,12
Song_0009071,Drake,Scorpion,279245,33
Song_0009072,Dua Lipa,Scorpion,268519,80
Song_0009073,Ed Sheeran,Divide,268847,43
Song_0009074,Imagine Dragons,After Hours,289345,6
Song_0009075,Dua Lipa,Scorpion,231251,95
Song_0009076,Ed Sheeran,25,249572,1
Song_0009077,The Weeknd,Midnights,237768,4
Song_0009078,Ed Sheeran,When We All Fall Asleep,286245,35
Song_0009079,Dua Lipa,After Hours,162914,80
Song_0009080,Justin Bieber,Divide,238138,81
Song_0009081,Ed Sheeran,Scorpion,318679,94
Song_0009082,Taylor Swift,Evolve,145840,75
Song_0009083,Rihanna,25,148125,62
Song_0009084,Drake,Justice,141485,30
Song_0009085,Dua Lipa,Divide,255529,82
Song_0009086,Billie Eilish,When We All Fall Asleep,265715,53
Song_0009087,Adele,Divide,219624,43
Song_0009088,Adele,Divide,192649,6
Song_0009089,Dua Lipa,After Hours,278259,21
Song_0009090,Justin Bieber,Midnights,139773,8
Song_0009091,Rihanna,After Hours,176481,97
Song_0009092,Rihanna,Divide,230000,90
Song_0009093,The Weeknd,Future Nostalgia,138150,76
Song_0009094,Taylor Swift,Anti,250699,14
Song_0009095,The Weeknd,Justice,168266,26
Song_0009096,Rihanna,Midnights,194832,94
Song_0009097,Ed Sheeran,Future Nostalgia,238853,88
Song_0009098,Justin Bieber,Scorpion,135242,58
Song_0009099,Justin Bieber,Scorpion,188775,16
Song_0009100,Billie Eilish,When We All Fall Asleep,313578,14
Song_0009101,Adele,Midnights,168666,74
Song_0009102,Imagine Dragons,Divide,124278,59
Song_0009103,Dua Lipa,When We All Fall Asleep,290471,96
Song_0009104,Adele,Anti,136353,15
Song_0009105,Justin Bieber,Anti,293182,35
Song_0009106,The Weeknd,Justice,254135,68
Song_0009107,Justin Bieber,Anti,144328,1
Song_0009108,Imagine Dragons,Anti,140456,41
Song_0009109,Ed Sheeran,After Hours,219651,61
Song_0009110,Adele,Anti,148900,47
Song_0009111,Rihanna,When We All Fall Asleep,307288,14
Song_0009112,Rihanna,Divide,145478,53
Song_0009113,Billie Eilish,Evolve,216755,71
Song_0009114,The Weeknd,Scorpion,256627,76
Song_0009115,Drake,When We All Fall Asleep,124984,91
Song_0009116,Taylor Swift,After Hours,284998,93
Song_0009117,Billie Eilish,Midnights,243087,90
Song_0009118,Billie Eilish,25,154847,87
Song_0009119,Adele,Evolve,232894,40
Song_0009120,Rihanna,Justice,279162,2
Song_0009121,Ed Sheeran,When We All Fall Asleep,313951,64
Song_0009122,Imagine Dragons,Scorpion,152606,88
Song_0009123,Billie Eilish,25,313364,21
Song_0009124,Dua Lipa,Scorpion,310505,2
Song_0009125,Imagine Dragons,Evolve,180434,45
Song_0009126,Imagine Dragons,25,150475,79
Song_0009127,Adele,Evolve,217223,16
Song_0009128,Ed Sheeran,Divide,293664,45
Song_0009129,Dua Lipa,After Hours,304085,1
Song_0009130,Rihanna,After Hours,122025,46
Song_0009131,Drake,Justice,142328,88
Song_0009132,The Weeknd,Justice,251527,49
Song_0009133,Justin Bieber,Evolve,150083,77
Song_0009134,The Weeknd,Future Nostalgia,218264,9
Song_0009135,Billie Eilish,Justice,225083,33
Song_0009136,Adele,Midnights,129961,81
Song_0009137,Adele,Midnights,302070,4
Song_0009138,Billie Eilish,Divide,200462,67
Song_0009139,Justin Bieber,25,193281,62
Song_0009140,Dua Lipa,Justice,131654,10
Song_0009141,Imagine Dragons,When We All Fall Asleep,313367,99
Song_0009142,Taylor Swift,Midnights,271135,84
Song_0009143,Rihanna,Divide,229727,80
Song_0009144,Drake,25,129731,71
Song_0009145,Taylor Swift,25,132848,49
Song_0009146,Justin Bieber,Future Nostalgia,159773,6
Song_0009147,Billie Eilish,Evolve,241496,45
Song_0009148,Rihanna,Justice,154032,29
Song_0009149,Taylor Swift,Scorpion,194855,95
Song_0009150,Ed Sheeran,Midnights,310800,29
Song_0009151,Imagine Dragons,Scorpion,123358,80
Song_0009152,Dua Lipa,Anti,161520,22
Song_0009153,Imagine Dragons,After Hours,296628,57
Song_0009154,Ed Sheeran,Scorpion,256048,68
Song_0009155,Adele,25,224067,35
Song_0009156,Ed Sheeran,Midnights,182381,9
Song_0009157,Billie Eilish,When We All Fall Asleep,204736,11
Song_0009158,Rihanna,25,130498,57
Song_0009159,Drake,Justice,295785,2
Song_0009160,Billie Eilish,Scorpion,210271,60
Song_0009161,Rihanna,After Hours,223651,41
Song_0009162,The Weeknd,Evolve,166116,19
Song_0009163,Billie Eilish,Future Nostalgia,309006,3
Song_0009164,Ed Sheeran,Divide,165150,73
Song_0009165,Imagine Dragons,25,173683,31
Song_0009166,Taylor Swift,Scorpion,126847,17
Song_0009167,Imagine Dragons,Future Nostalgia,121348,73
Song_0009168,Ed Sheeran,Divide,137982,10
Song_0009169,Billie Eilish,Anti,213071,78
Song_0009170,Billie Eilish,Divide,193278,4
Song_0009171,Adele,Justice,289937,88
Song_0009172,Drake,Future Nostalgia,222529,28
Song_0009173,The Weeknd,Scorpion,196719,32
Song_0009174,Imagine Dragons,Justice,206996,100
Song_0009175,Billie Eilish,Future Nostalgia,165444,59
Song_0009176,Rihanna,Divide,150906,96
Song_0009177,Rihanna,When We All Fall Asleep,246085,69
Song_0009178,Dua Lipa,25,214254,66
Song_0009179,Taylor Swift,Anti,252210,53
Song_0009180,Taylor Swift,When We All Fall Asleep,242875,22
Song_0009181,The Weeknd,Scorpion,183593,16
Song_0009182,Billie Eilish,Midnights,173311,65
Song_0009183,Imagine Dragons,Midnights,203193,63
Song_0009184,Taylor Swift,Anti,219101,61
Song_0009185,Drake,Divide,261968,33
Song_0009186,Adele,Evolve,135758,70
Song_0009187,Justin Bieber,Midnights,153479,41
Song_0009188,Drake,Midnights,233585,75
Song_0009189,Drake,Evolve,148785,51
Song_0009190,Billie Eilish,Justice,201354,40
Song_0009191,Rihanna,Divide,283265,60
Song_0009192,Dua Lipa,Midnights,138811,46
Song_0009193,The Weeknd,When We All Fall Asleep,255843,30
Song_0009194,Taylor Swift,25,301655,9
Song_0009195,Adele,25,259142,67
Song_0009196,Taylor Swift,Justice,196067,51
Song_0009197,Rihanna,Evolve,153111,3
Song_0009198,Imagine Dragons,After Hours,137715,11
Song_0009199,Rihanna,After Hours,291095,29
Song_0009200,Justin Bieber,Scorpion,261060,70
Song_0009201,Ed Sheeran,Divide,233902,42
Song_0009202,Rihanna,When We All Fall Asleep,317363,4
Song_0009203,Billie Eilish,25,287906,13
Song_0009204,Adele,25,249191,53
Song_0009205,Adele,After Hours,205282,28
Song_0009206,Ed Sheeran,Justice,232403,33
Song_0009207,Ed Sheeran,25,175003,45
Song_0009208,Dua Lipa,Midnights,191847,31
Song_0009209,Imagine Dragons,When We All Fall Asleep,151544,18
Song_0009210,Dua Lipa,When We All Fall Asleep,282264,19
Song_0009211,The Weeknd,Anti,148551,21
Song_0009212,Imagine Dragons,Divide,167827,65
Song_0009213,Rihanna,25,206289,39
Song_0009214,Justin Bieber,After Hours,228888,11
Song_0009215,Justin Bieber,After Hours,174684,62
Song_0009216,Drake,Divide,160478,67
Song_0009217,Ed Sheeran,Evolve,269264,79
Song_0009218,Drake,Midnights,291514,81
Song_0009219,Imagine Dragons,When We All Fall Asleep,164446,21
Song_0009220,Dua Lipa,Evolve,262945,19
Song_0009221,Drake,Evolve,200425,32
Song_0009222,Ed Sheeran,Scorpion,176017,34
Song_0009223,Rihanna,After Hours,312956,14
Song_0009224,The Weeknd,25,210905,44
Song_0009225,Drake,Scorpion,140275,43
Song_0009226,Dua Lipa,Justice,130869,89
Song_0009227,Rihanna,After Hours,242544,90
Song_0009228,Ed Sheeran,Anti,199192,52
Song_0009229,Dua Lipa,Evolve,151803,90
Song_0009230,Ed Sheeran,25,194877,20
Song_0009231,Drake,Midnights,266709,84
Song_0009232,Adele,When We All Fall Asleep,226781,21
Song_0009233,Billie Eilish,Future Nostalgia,167904,28
Song_0009234,The Weeknd,Future Nostalgia,282738,72
Song_0009235,Adele,Anti,252718,87
Song_0009236,Taylor Swift,Scorpion,258930,38
Song_0009237,Rihanna,Divide,239113,81
Song_0009238,Taylor Swift,Future Nostalgia,231556,41
Song_0009239,Justin Bieber,Justice,171475,48
Song_0009240,Adele,After Hours,127076,62
Song_0009241,Imagine Dragons,When We All Fall Asleep,127538,36
Song_0009242,Billie Eilish,Scorpion,142573,21
Song_0009243,Ed Sheeran,Evolve,315354,100
Song_0009244,Taylor Swift,Anti,284903,6
Song_0009245,Ed Sheeran,Evolve,155277,21
Song_0009246,The Weeknd,After Hours,275066,69
Song_0009247,Rihanna,Future Nostalgia,251238,86
Song_0009248,Justin Bieber,When We All Fall Asleep,249901,84
Song_0009249,Adele,After Hours,314029,79
Song_0009250,Drake,Anti,209454,95
Song_0009251,Adele,25,147788,88
Song_0009252,The Weeknd,After Hours,309055,61
Song_0009253,Adele,Justice,150111,7
Song_0009254,Dua Lipa,Future Nostalgia,319701,71
Song_0009255,Taylor Swift,Future Nostalgia,147620,86
Song_0009256,Imagine Dragons,Future Nostalgia,148269,88
Song_0009257,The Weeknd,Midnights,305820,93
Song_0009258,Dua Lipa,Future Nostalgia,163840,54
Song_0009259,Imagine Dragons,Scorpion,236196,48
Song_0009260,Billie Eilish,Midnights,300101,23
Song_0009261,Taylor Swift,Scorpion,280223,7
Song_0009262,The Weeknd,25,279928,53
Song_0009263,Drake,When We All Fall Asleep,214317,97
Song_0009264,Taylor Swift,When We All Fall Asleep,287391,35
Song_0009265,Imagine Dragons,Scorpion,267909,96
Song_0009266,Dua Lipa,Midnights,225926,96
Song_0009267,Adele,Midnights,244739,7
Song_0009268,The Weeknd,Future Nostalgia,186571,14
Song_0009269,Rihanna,Justice,312179,41
Song_0009270,Dua Lipa,25,291953,2
Song_0009271,Justin Bieber,Future Nostalgia,252182,84
Song_0009272,Justin Bieber,Divide,234543,9
Song_0009273,Adele,Evolve,241426,20
Song_0009274,Drake,25,125162,20
Song_0009275,Imagine Dragons,Anti,291991,52
Song_0009276,Justin Bieber,Justice,256900,96
Song_0009277,Imagine Dragons,Divide,190036,80
Song_0009278,Taylor Swift,After Hours,272482,27
Song_0009279,Ed Sheeran,After Hours,229846,2
Song_0009280,Billie Eilish,25,255820,70
Song_0009281,Rihanna,When We All Fall Asleep,153395,23
Song_0009282,Adele,Future Nostalgia,160590,35
Song_0009283,Taylor Swift,Divide,308949,98
Song_0009284,Billie Eilish,Divide,174355,47
Song_0009285,The Weeknd,Future Nostalgia,253070,33
Song_0009286,Imagine Dragons,Justice,211826,96
Song_0009287,The Weeknd,Justice,202348,61
Song_0009288,Imagine Dragons,Scorpion,305875,29
Song_0009289,Justin Bieber,Midnights,127740,19
Song_0009290,Ed Sheeran,25,260239,56
Song_0009291,Imagine Dragons,Justice,228930,54
Song_0009292,Rihanna,Evolve,254772,27
Song_0009293,The Weeknd,Evolve,319150,39
Song_0009294,Billie Eilish,Scorpion,205751,99
Song_0009295,Dua Lipa,Divide,128605,66
Song_0009296,Drake,Evolve,261410,100
Song_0009297,Adele,Divide,149876,33
Song_0009298,Billie Eilish,Future Nostalgia,202724,25
Song_0009299,Taylor Swift,Scorpion,154062,20
Song_0009300,Billie Eilish,Anti,139167,23
Song_0009301,Drake,Divide,203094,5
Song_0009302,Justin Bieber,Midnights,127652,23
Song_0009303,Drake,Future Nostalgia,181073,42
Song_0009304,Taylor Swift,Midnights,247978,68
Song_0009305,Billie Eilish,Divide,158916,58
Song_0009306,Taylor Swift,Anti,261297,33
Song_0009307,Billie Eilish,Justice,193831,15
Song_0009308,Justin Bieber,Scorpion,167768,96
Song_0009309,Justin Bieber,Future Nostalgia,248420,32
Song_0009310,Taylor Swift,Anti,260861,57
Song_0009311,Imagine Dragons,Midnights,187781,15
Song_0009312,Adele,Scorpion,228882,27
Song_0009313,Justin Bieber,25,253688,38
Song_0009314,Billie Eilish,Scorpion,238173,95
Song_0009315,Imagine Dragons,When We All Fall Asleep,318462,50
Song_0009316,Billie Eilish,Anti,277258,23
Song_0009317,Justin Bieber,25,121439,23
Song_0009318,Adele,Future Nostalgia,229236,21
Song_0009319,Drake,Justice,273294,38
Song_0009320,Dua Lipa,Evolve,212280,89
Song_0009321,Ed Sheeran,Midnights,215714,97
Song_0009322,Imagine Dragons,25,166553,80
Song_0009323,Billie Eilish,Anti,192958,45
Song_0009324,Justin Bieber,Anti,247080,25
Song_0009325,Ed Sheeran,After Hours,265667,41
Song_0009326,Drake,When We All Fall Asleep,161910,7
Song_0009327,Imagine Dragons,Future Nostalgia,180117,14
Song_0009328,The Weeknd,When We All Fall Asleep,156568,95
Song_0009329,Rihanna,When We All Fall Asleep,197186,87
Song_0009330,The Weeknd,After Hours,155120,99
Song_0009331,Justin Bieber,Scorpion,247817,39
Song_0009332,Ed Sheeran,Divide,222802,62
Song_0009333,Billie Eilish,Future Nostalgia,257724,91
Song_0009334,Imagine Dragons,When We All Fall Asleep,235594,1
Song_0009335,The Weeknd,Scorpion,306415,48
Song_0009336,Dua Lipa,Future Nostalgia,222958,42
Song_0009337,Taylor Swift,Scorpion,236617,100
Song_0009338,Imagine Dragons,Evolve,233401,74
Song_0009339,The Weeknd,Divide,137897,88
Song_0009340,Drake,Divide,294008,7
Song_0009341,Justin Bieber,Justice,171988,88
Song_0009342,Taylor Swift,Evolve,212112,19
Song_0009343,Ed Sheeran,Scorpion,305444,99
Song_0009344,Imagine Dragons,25,189796,41
Song_0009345,Billie Eilish,Anti,195622,1
Song_0009346,Rihanna,Midnights,226257,70
Song_0009347,Billie Eilish,After Hours,137341,91
Song_0009348,Billie Eilish,Scorpion,177006,79
Song_0009349,Adele,When We All Fall Asleep,247822,77
Song_0009350,Taylor Swift,Anti,183601,37
Song_0009351,Adele,25,198590,55
Song_0009352,Dua Lipa,Justice,231823,59
Song_0009353,Adele,After Hours,121923,23
Song_0009354,Drake,When We All Fall Asleep,126685,33
Song_0009355,Rihanna,After Hours,256774,6
Song_0009356,The Weeknd,When We All Fall Asleep,181668,54
Song_0009357,Drake,Anti,196672,14
Song_0009358,Justin Bieber,25,192474,40
Song_0009359,Ed Sheeran,Future Nostalgia,303254,46
Song_0009360,Adele,25,250770,66
Song_0009361,Imagine Dragons,After Hours,215121,42
Song_0009362,The Weeknd,When We All Fall Asleep,223165,28
Song_0009363,Dua Lipa,When We All Fall Asleep,267917,39
Song_0009364,Adele,Anti,289423,34
Song_0009365,Taylor Swift,When We All Fall Asleep,132376,1
Song_0009366,Ed Sheeran,Evolve,307025,69
Song_0009367,Rihanna,Anti,191253,20
Song_0009368,Ed Sheeran,Evolve,134892,11
Song_0009369,Drake,Future Nostalgia,273326,35
Song_0009370,Taylor Swift,When We All Fall Asleep,238781,3
Song_0009371,The Weeknd,Scorpion,221021,27
Song_0009372,Taylor Swift,25,129884,32
Song_0009373,Drake,Anti,198756,77
Song_0009374,Drake,Future Nostalgia,178538,76
Song_0009375,Ed Sheeran,Anti,252010,53
Song_0009376,Dua Lipa,25,168915,95
Song_0009377,Dua Lipa,Justice,227201,89
Song_0009378,The Weeknd,Scorpion,195039,64
Song_0009379,Imagine Dragons,Future Nostalgia,176608,43
Song_0009380,Imagine Dragons,After Hours,296793,91
Song_0009381,Ed Sheeran,Divide,258199,44
Song_0009382,Imagine Dragons,Evolve,278218,87
Song_0009383,Justin Bieber,Justice,278949,57
Song_0009384,Rihanna,Future Nostalgia,292790,22
Song_0009385,Billie Eilish,After Hours,156416,72
Song_0009386,Justin Bieber,25,136612,77
Song_0009387,Justin Bieber,Midnights,271061,73
Song_0009388,Adele,When We All Fall Asleep,182206,58
Song_0009389,The Weeknd,Midnights,166478,20
Song_0009390,Rihanna,Scorpion,200936,66
Song_0009391,Rihanna,Anti,303254,54
Song_0009392,Billie Eilish,Divide,148825,100
Song_0009393,Dua Lipa,Evolve,186259,71
Song_0009394,The Weeknd,Scorpion,226633,89
Song_0009395,Justin Bieber,Future Nostalgia,261393,100
Song_0009396,Imagine Dragons,Justice,226051,92
Song_0009397,Ed Sheeran,After Hours,167262,81
Song_0009398,Drake,Evolve,310284,82
Song_0009399,Rihanna,Scorpion,235593,1
Song_0009400,Drake,Anti,126544,12
Song_0009401,Rihanna,When We All Fall Asleep,149747,18
Song_0009402,Rihanna,Anti,276297,26
Song_0009403,Rihanna,Midnights,176771,21
Song_0009404,Imagine Dragons,Future Nostalgia,176934,90
Song_0009405,Dua Lipa,Divide,142881,87
Song_0009406,Drake,When We All Fall Asleep,272008,32
Song_0009407,Dua Lipa,25,272146,58
Song_0009408,Dua Lipa,Anti,307616,25
Song_0009409,Drake,Midnights,302189,64
Song_0009410,The Weeknd,Justice,316388,9
Song_0009411,Drake,25,201821,82
Song_0009412,Adele,Future Nostalgia,230562,10
Song_0009413,Taylor Swift,Justice,266767,19
Song_0009414,The Weeknd,Evolve,145770,11
Song_0009415,Taylor Swift,Future Nostalgia,223908,70
Song_0009416,Rihanna,Evolve,264859,63
Song_0009417,Dua Lipa,When We All Fall Asleep,245224,50
Song_0009418,Imagine Dragons,Midnights,210238,71
Song_0009419,Justin Bieber,Future Nostalgia,219000,64
Song_0009420,Billie Eilish,25,129037,56
Song_0009421,Rihanna,After Hours,284737,51
Song_0009422,Drake,Divide,236843,50
Song_0009423,Billie Eilish,Justice,158974,83
Song_0009424,Taylor Swift,Evolve,154445,84
Song_0009425,Dua Lipa,25,167241,42
Song_0009426,Ed Sheeran,Scorpion,137222,8
Song_0009427,Drake,Midnights,266213,54
Song_0009428,Billie Eilish,After Hours,256231,57
Song_0009429,Billie Eilish,Divide,159457,53
Song_0009430,Imagine Dragons,Future Nostalgia,129312,23
Song_0009431,Imagine Dragons,Evolve,251755,16
Song_0009432,The Weeknd,Future Nostalgia,315282,60
Song_0009433,The Weeknd,Scorpion,149900,33
Song_0009434,Billie Eilish,Divide,319539,29
Song_0009435,The Weeknd,Justice,225101,80
Song_0009436,The Weeknd,Midnights,162932,10
Song_0009437,Imagine Dragons,25,181656,83
Song_0009438,Ed Sheeran,After Hours,219715,97
Song_0009439,The Weeknd,Divide,145008,63
Song_0009440,Adele,When We All Fall Asleep,229923,4
Song_0009441,Adele,Midnights,144952,49
Song_0009442,Adele,When We All Fall Asleep,228472,23
Song_0009443,Imagine Dragons,After Hours,223785,81
Song_0009444,Justin Bieber,Midnights,178606,98
Song_0009445,Imagine Dragons,Scorpion,287851,74
Song_0009446,The Weeknd,Justice,270325,10
Song_0009447,Dua Lipa,After Hours,280313,43
Song_0009448,Rihanna,After Hours,300014,80
Song_0009449,Drake,Divide,210682,93
Song_0009450,Justin Bieber,After Hours,204611,27
Song_0009451,Billie Eilish,Future Nostalgia,267017,56
Song_0009452,Adele,Evolve,242371,53
Song_0009453,Ed Sheeran,Future Nostalgia,159744,34
Song_0009454,Taylor Swift,Future Nostalgia,262550,95
Song_0009455,Billie Eilish,Future Nostalgia,202100,35
Song_0009456,Rihanna,Justice,200634,33
Song_0009457,Justin Bieber,25,188957,13
Song_0009458,Drake,When We All Fall Asleep,249616,26
Song_0009459,Taylor Swift,Divide,239811,35
Song_0009460,Taylor Swift,Divide,169886,86
Song_0009461,Justin Bieber,Divide,144669,87
Song_0009462,Ed Sheeran,Evolve,164794,18
Song_0009463,The Weeknd,Anti,187652,44
Song_0009464,Dua Lipa,Justice,144884,52
Song_0009465,Imagine Dragons,Scorpion,169433,29
Song_0009466,Adele,25,180514,29
Song_0009467,Rihanna,When We All Fall Asleep,220558,24
Song_0009468,Billie Eilish,Midnights,125828,40
Song_0009469,The Weeknd,25,123916,24
Song_0009470,Justin Bieber,After Hours,283982,79
Song_0009471,Justin Bieber,Midnights,278149,26
Song_0009472,The Weeknd,Divide,293411,45
Song_0009473,Rihanna,Evolve,266059,34
Song_0009474,Rihanna,Divide,189474,11
Song_0009475,Billie Eilish,Evolve,202878,68
Song_0009476,Imagine Dragons,When We All Fall Asleep,317781,7
Song_0009477,Drake,Divide,297301,91
Song_0009478,Dua Lipa,25,152459,28
Song_0009479,Drake,After Hours,200775,58
Song_0009480,Adele,Midnights,286592,22
Song_0009481,Billie Eilish,After Hours,237886,89
Song_0009482,Justin Bieber,25,131779,83
Song_0009483,Rihanna,Scorpion,201608,65
Song_0009484,Adele,Scorpion,253926,69
Song_0009485,Drake,Evolve,124621,42
Song_0009486,Adele,Anti,140801,56
Song_0009487,Imagine Dragons,Midnights,163682,31
Song_0009488,Adele,Divide,237259,39
Song_0009489,Adele,Divide,217798,28
Song_0009490,Billie Eilish,Scorpion,141872,42
Song_0009491,Justin Bieber,Divide,120673,38
Song_0009492,Imagine Dragons,After Hours,295405,64
Song_0009493,The Weeknd,Evolve,230905,37
Song_0009494,Dua Lipa,Anti,153845,68
Song_0009495,Justin Bieber,Future Nostalgia,142931,77
Song_0009496,Rihanna,Future Nostalgia,159691,41
Song_0009497,Rihanna,25,162460,91
Song_0009498,Billie Eilish,Midnights,205664,34
Song_0009499,Rihanna,After Hours,132473,88
Song_0009500,Justin Bieber,Justice,205760,14
Song_0009501,Dua Lipa,Future Nostalgia,232479,9
Song_0009502,Dua Lipa,Scorpion,317018,86
Song_0009503,Adele,Divide,164486,74
Song_0009504,Dua Lipa,After Hours,286841,21
Song_0009505,Justin Bieber,Midnights,245469,20
Song_0009506,Adele,25,209945,8
Song_0009507,The Weeknd,Anti,140344,17
Song_0009508,Taylor Swift,After Hours,240867,32
Song_0009509,Adele,Divide,278355,52
Song_0009510,Billie Eilish,Divide,315114,83
Song_0009511,Rihanna,Midnights,185097,88
Song_0009512,Dua Lipa,After Hours,125488,41
Song_0009513,Dua Lipa,Scorpion,130243,47
Song_0009514,Adele,Evolve,176507,59
Song_0009515,Dua Lipa,25,193628,10
Song_0009516,Adele,Evolve,206645,8
Song_0009517,Rihanna,Scorpion,290497,36
Song_0009518,Dua Lipa,When We All Fall Asleep,277887,44
Song_0009519,Ed Sheeran,Justice,247739,96
Song_0009520,Adele,Scorpion,293854,63
Song_0009521,Billie Eilish,25,271268,38
Song_0009522,Rihanna,Future Nostalgia,196744,38
Song_0009523,Imagine Dragons,Anti,225839,17
Song_0009524,Adele,Evolve,140793,8
Song_0009525,Justin Bieber,Divide,301648,12
Song_0009526,Adele,Anti,122117,57
Song_0009527,Billie Eilish,Future Nostalgia,140051,7
Song_0009528,Billie Eilish,Justice,236614,81
Song_0009529,Taylor Swift,Justice,253453,92
Song_0009530,Adele,Justice,181226,13
Song_0009531,Ed Sheeran,Future Nostalgia,170416,9
Song_0009532,Justin Bieber,When We All Fall Asleep,256426,8
Song_0009533,Justin Bieber,Divide,242002,52
Song_0009534,Imagine Dragons,Anti,312714,39
Song_0009535,Adele,When We All Fall Asleep,168012,93
Song_0009536,Imagine Dragons,Future Nostalgia,139734,7
Song_0009537,Drake,Scorpion,266899,62
Song_0009538,Adele,After Hours,131976,70
Song_0009539,Adele,Justice,147047,4
Song_0009540,Justin Bieber,When We All Fall Asleep,283318,83
Song_0009541,Drake,Evolve,264738,95
Song_0009542,Drake,When We All Fall Asleep,128924,32
Song_0009543,Dua Lipa,Justice,132079,93
Song_0009544,Adele,Justice,130898,46
Song_0009545,Ed Sheeran,Justice,296109,89
Song_0009546,The Weeknd,Evolve,229654,39
Song_0009547,The Weeknd,Future Nostalgia,253990,33
Song_0009548,Adele,Future Nostalgia,225002,53
Song_0009549,Billie Eilish,Scorpion,174488,7
Song_0009550,Taylor Swift,Anti,161121,56
Song_0009551,Taylor Swift,After Hours,259250,44
Song_0009552,The Weeknd,Scorpion,296920,34
Song_0009553,Justin Bieber,Evolve,201054,3
Song_0009554,Imagine Dragons,Midnights,163422,67
Song_0009555,Billie Eilish,25,317870,34
Song_0009556,Justin Bieber,Evolve,280948,21
Song_0009557,Drake,Future Nostalgia,240598,71
Song_0009558,Dua Lipa,Midnights,300665,19
Song_0009559,Dua Lipa,Divide,278534,6
Song_0009560,Justin Bieber,25,128067,96
Song_0009561,Imagine Dragons,Midnights,170900,76
Song_0009562,Justin Bieber,When We All Fall Asleep,162395,41
Song_0009563,Rihanna,Divide,314229,32
Song_0009564,The Weeknd,Anti,188667,40
Song_0009565,Imagine Dragons,Divide,147874,72
Song_0009566,Justin Bieber,Evolve,136946,99
Song_0009567,Drake,After Hours,194700,40
Song_0009568,Drake,Scorpion,153952,79
Song_0009569,Justin Bieber,Justice,183542,14
Song_0009570,Rihanna,Future Nostalgia,251543,57
Song_0009571,Dua Lipa,Midnights,133415,83
Song_0009572,Taylor Swift,After Hours,315184,61
Song_0009573,Dua Lipa,Future Nostalgia,129243,78
Song_0009574,Ed Sheeran,Midnights,243119,59
Song_0009575,Ed Sheeran,After Hours,150589,97
Song_0009576,Taylor Swift,After Hours,231086,89
Song_0009577,The Weeknd,Anti,132180,24
Song_0009578,Adele,When We All Fall Asleep,315842,42
Song_0009579,Adele,Evolve,286917,65
Song_0009580,Justin Bieber,25,224673,20
Song_0009581,Billie Eilish,Justice,195500,41
Song_0009582,Justin Bieber,When We All Fall Asleep,317717,34
Song_0009583,Dua Lipa,Scorpion,151217,81
Song_0009584,Billie Eilish,Divide,169456,73
Song_0009585,Rihanna,Scorpion,210813,4
Song_0009586,Taylor Swift,Divide,199512,60
Song_0009587,Imagine Dragons,Midnights,206578,69
Song_0009588,Rihanna,Anti,200060,54
Song_0009589,Dua Lipa,Scorpion,218110,52
Song_0009590,Justin Bieber,Justice,271475,99
Song_0009591,Billie Eilish,Justice,305260,16
Song_0009592,The Weeknd,Anti,188183,41
Song_0009593,Taylor Swift,Evolve,204915,94
Song_0009594,Justin Bieber,Divide,253374,49
Song_0009595,Justin Bieber,Midnights,230594,81
Song_0009596,Drake,Evolve,179820,42
Song_0009597,Imagine Dragons,Evolve,229766,74
Song_0009598,Justin Bieber,Divide,121535,55
Song_0009599,Adele,Future Nostalgia,195443,15
Song_0009600,The Weeknd,Future Nostalgia,261494,68
Song_0009601,Dua Lipa,Scorpion,193454,10
Song_0009602,Rihanna,Evolve,271938,62
Song_0009603,Taylor Swift,Justice,138824,43
Song_0009604,The Weeknd,When We All Fall Asleep,317602,38
Song_0009605,Ed Sheeran,Justice,189003,84
Song_0009606,Adele,When We All Fall Asleep,262586,37
Song_0009607,Imagine Dragons,When We All Fall Asleep,222137,5
Song_0009608,Imagine Dragons,After Hours,163671,84
Song_0009609,Adele,25,239093,47
Song_0009610,Taylor Swift,Evolve,234853,37
Song_0009611,Ed Sheeran,Future Nostalgia,258078,48
Song_0009612,Dua Lipa,When We All Fall Asleep,298234,46
Song_0009613,Dua Lipa,Evolve,131685,27
Song_0009614,Taylor Swift,Divide,274892,24
Song_0009615,Ed Sheeran,When We All Fall Asleep,269685,85
Song_0009616,Ed Sheeran,25,139365,97
Song_0009617,Dua Lipa,Anti,282849,16
Song_0009618,Imagine Dragons,Midnights,179164,57
Song_0009619,Billie Eilish,Anti,315679,22
Song_0009620,The Weeknd,Midnights,201419,21
Song_0009621,Justin Bieber,Justice,182175,72
Song_0009622,Justin Bieber,Future Nostalgia,270926,96
Song_0009623,Rihanna,Divide,175576,48
Song_0009624,Rihanna,Scorpion,211389,93
Song_0009625,Adele,Justice,256152,16
Song_0009626,Ed Sheeran,Scorpion,218759,34
Song_0009627,Dua Lipa,Scorpion,257402,79
Song_0009628,Taylor Swift,Justice,127033,29
Song_0009629,Justin Bieber,Anti,292829,21
Song_0009630,Taylor Swift,Evolve,238190,47
Song_0009631,Adele,When We All Fall Asleep,283377,58
Song_0009632,Drake,Scorpion,284830,80
Song_0009633,Drake,Anti,171285,54
Song_0009634,Imagine Dragons,Future Nostalgia,198827,19
Song_0009635,Dua Lipa,Evolve,226386,50
Song_0009636,Dua Lipa,Evolve,317398,24
Song_0009637,Dua Lipa,Anti,237116,88
Song_0009638,Taylor Swift,After Hours,147621,77
Song_0009639,Billie Eilish,Divide,311803,32
Song_0009640,Justin Bieber,25,161418,61
Song_0009641,Billie Eilish,25,174687,19
Song_0009642,Dua Lipa,Anti,283320,3
Song_0009643,Drake,Midnights,231707,99
Song_0009644,Rihanna,After Hours,306891,61
Song_0009645,Taylor Swift,Evolve,193521,35
Song_0009646,Taylor Swift,Future Nostalgia,175669,33
Song_0009647,The Weeknd,After Hours,279016,1
Song_0009648,Imagine Dragons,25,177523,86
Song_0009649,Billie Eilish,Justice,242077,14
Song_0009650,Adele,Justice,316057,15
Song_0009651,Ed Sheeran,Justice,311777,56
Song_0009652,Billie Eilish,Midnights,183997,27
Song_0009653,Dua Lipa,When We All Fall Asleep,289544,50
Song_0009654,Justin Bieber,After Hours,284677,7
Song_0009655,Adele,Scorpion,204733,22
Song_0009656,Adele,Justice,205366,48
Song_0009657,Drake,Evolve,125754,37
Song_0009658,Adele,25,228528,36
Song_0009659,Dua Lipa,Scorpion,196816,70
Song_0009660,Billie Eilish,After Hours,160904,36
Song_0009661,Adele,Divide,211076,38
Song_0009662,Rihanna,Evolve,174517,81
Song_0009663,Billie Eilish,Future Nostalgia,160029,25
Song_0009664,Justin Bieber,When We All Fall Asleep,134977,44
Song_0009665,Ed Sheeran,Midnights,128804,82
Song_0009666,Adele,Justice,131100,74
Song_0009667,Ed Sheeran,After Hours,157707,33
Song_0009668,Imagine Dragons,When We All Fall Asleep,144903,60
Song_0009669,Justin Bieber,Divide,275632,19
Song_0009670,The Weeknd,After Hours,227202,20
Song_0009671,Justin Bieber,Justice,305750,72
Song_0009672,Dua Lipa,Justice,229371,35
Song_0009673,Dua Lipa,Future Nostalgia,157268,94
Song_0009674,Dua Lipa,Future Nostalgia,300463,95
Song_0009675,Taylor Swift,Divide,144576,96
Song_0009676,Drake,Anti,125644,71
Song_0009677,The Weeknd,Justice,317855,32
Song_0009678,Justin Bieber,Justice,135990,55
Song_0009679,Rihanna,Midnights,163582,99
Song_0009680,Imagine Dragons,Anti,283568,37
Song_0009681,Taylor Swift,Anti,313084,52
Song_0009682,Justin Bieber,Anti,196959,90
Song_0009683,Justin Bieber,When We All Fall Asleep,184887,68
Song_0009684,Ed Sheeran,Justice,279101,39
Song_0009685,Billie Eilish,Divide,195638,8
Song_0009686,Ed Sheeran,Evolve,297882,53
Song_0009687,Ed Sheeran,Midnights,289720,90
Song_0009688,Drake,Future Nostalgia,202578,76
Song_0009689,Drake,When We All Fall Asleep,169030,79
Song_0009690,Dua Lipa,Scorpion,191415,17
Song_0009691,Ed Sheeran,Justice,254826,71
Song_0009692,Drake,Evolve,152743,25
Song_0009693,Justin Bieber,Anti,165026,30
Song_0009694,Taylor Swift,Divide,184179,64
Song_0009695,Billie Eilish,Scorpion,255180,9
Song_0009696,Rihanna,Scorpion,313219,81
Song_0009697,Imagine Dragons,After Hours,136200,65
Song_0009698,Ed Sheeran,Divide,194169,1
Song_0009699,Billie Eilish,Anti,203666,31
Song_0009700,Ed Sheeran,25,229932,55
Song_0009701,Justin Bieber,25,300989,50
Song_0009702,Imagine Dragons,Evolve,268939,43
Song_0009703,Billie Eilish,Divide,122846,65
Song_0009704,Imagine Dragons,Future Nostalgia,203213,48
Song_0009705,Imagine Dragons,Anti,131767,25
Song_0009706,Imagine Dragons,After Hours,316999,2
Song_0009707,Rihanna,Justice,260900,31
Song_0009708,Billie Eilish,When We All Fall Asleep,188313,25
Song_0009709,Imagine Dragons,After Hours,271760,87
Song_0009710,Dua Lipa,Evolve,187987,63
Song_0009711,Justin Bieber,Anti,265158,51
Song_0009712,Taylor Swift,Future Nostalgia,212330,43
Song_0009713,Imagine Dragons,When We All Fall Asleep,222251,67
Song_0009714,The Weeknd,Justice,228004,69
Song_0009715,Ed Sheeran,Midnights,163197,35
Song_0009716,Drake,Evolve,192753,64
Song_0009717,Rihanna,Future Nostalgia,122690,36
Song_0009718,Rihanna,Scorpion,273197,45
Song_0009719,Taylor Swift,Anti,301294,90
Song_0009720,Rihanna,When We All Fall Asleep,174940,70
Song_0009721,Adele,Midnights,170192,36
Song_0009722,Adele,Midnights,318002,83
Song_0009723,The Weeknd,When We All Fall Asleep,171944,76
Song_0009724,Imagine Dragons,After Hours,211061,4
Song_0009725,Adele,Scorpion,276591,3
Song_0009726,Drake,25,150231,71
Song_0009727,Dua Lipa,25,139817,69
Song_0009728,Justin Bieber,25,251960,26
Song_0009729,Dua Lipa,Anti,148156,48
Song_0009730,Drake,Anti,142562,60
Song_0009731,Imagine Dragons,Midnights,173703,61
Song_0009732,Justin Bieber,Divide,259588,64
Song_0009733,Rihanna,Evolve,125624,59
Song_0009734,Billie Eilish,Justice,307895,26
Song_0009735,Adele,Scorpion,250240,49
Song_0009736,Ed Sheeran,Midnights,247622,41
Song_0009737,Adele,Anti,125373,36
Song_0009738,Rihanna,After Hours,317276,54
Song_0009739,Drake,Scorpion,155639,64
Song_0009740,Imagine Dragons,After Hours,200912,6
Song_0009741,Drake,25,224323,98
Song_0009742,Justin Bieber,Evolve,251216,75
Song_0009743,Rihanna,Divide,212783,34
Song_0009744,Dua Lipa,Justice,216104,76
Song_0009745,Taylor Swift,Justice,208375,94
Song_0009746,Justin Bieber,Future Nostalgia,303902,36
Song_0009747,Taylor Swift,Anti,292719,34
Song_0009748,Dua Lipa,Justice,254614,44
Song_0009749,Ed Sheeran,Divide,128907,37
Song_0009750,Justin Bieber,25,150803,98
Song_0009751,Rihanna,25,300155,57
Song_0009752,Dua Lipa,After Hours,280251,10
Song_0009753,Billie Eilish,Anti,173661,41
Song_0009754,Taylor Swift,Midnights,163047,21
Song_0009755,Imagine Dragons,Anti,224298,48
Song_0009756,Billie Eilish,Anti,219307,28
Song_0009757,The Weeknd,When We All Fall Asleep,263116,30
Song_0009758,The Weeknd,Anti,195095,81
Song_0009759,Justin Bieber,Divide,281465,54
Song_0009760,Imagine Dragons,Future Nostalgia,185061,7
Song_0009761,Taylor Swift,Evolve,293043,88
Song_0009762,Billie Eilish,When We All Fall Asleep,218376,36
Song_0009763,Ed Sheeran,Evolve,215636,55
Song_0009764,The Weeknd,Midnights,123034,95
Song_0009765,Imagine Dragons,Anti,124439,47
Song_0009766,Ed Sheeran,Scorpion,308587,5
Song_0009767,Drake,After Hours,207956,57
Song_0009768,Ed Sheeran,Divide,132480,39
Song_0009769,The Weeknd,25,189148,41
Song_0009770,Ed Sheeran,Future Nostalgia,142771,52
Song_0009771,The Weeknd,Scorpion,255452,80
Song_0009772,Billie Eilish,Justice,135474,20
Song_0009773,Billie Eilish,Justice,237069,96
Song_0009774,Rihanna,Anti,255375,37
Song_0009775,Drake,Divide,156405,31
Song_0009776,The Weeknd,Anti,233488,8
Song_0009777,Justin Bieber,When We All Fall Asleep,249567,93
Song_0009778,Drake,Evolve,318391,93
Song_0009779,Imagine Dragons,25,163443,41
Song_0009780,Billie Eilish,Divide,131765,55
Song_0009781,The Weeknd,When We All Fall Asleep,243839,77
Song_0009782,Billie Eilish,Divide,194536,1
Song_0009783,Imagine Dragons,Evolve,240571,60
Song_0009784,Taylor Swift,Scorpion,296719,32
Song_0009785,Taylor Swift,Midnights,284718,50
Song_0009786,Drake,Scorpion,309949,59
Song_0009787,Rihanna,Justice,286924,76
Song_0009788,Taylor Swift,Evolve,149450,29
Song_0009789,Taylor Swift,When We All Fall Asleep,138151,65
Song_0009790,Imagine Dragons,When We All Fall Asleep,221861,77
Song_0009791,Dua Lipa,Divide,194199,11
Song_0009792,Justin Bieber,Justice,290492,26
Song_0009793,Justin Bieber,After Hours,134198,6
Song_0009794,Billie Eilish,Evolve,129121,77
Song_0009795,Ed Sheeran,After Hours,219828,89
Song_0009796,Ed Sheeran,Future Nostalgia,136206,70
Song_0009797,Imagine Dragons,Future Nostalgia,253429,29
Song_0009798,Adele,Divide,289605,75
Song_0009799,Imagine Dragons,When We All Fall Asleep,129594,37
Song_0009800,Ed Sheeran,Anti,182794,26
Song_0009801,Adele,Justice,132745,51
Song_0009802,The Weeknd,When We All Fall Asleep,223603,15
Song_0009803,Drake,After Hours,236588,90
Song_0009804,Justin Bieber,When We All Fall Asleep,300020,63
Song_0009805,Rihanna,Scorpion,185991,82
Song_0009806,Justin Bieber,25,178567,27
Song_0009807,Imagine Dragons,25,243632,87
Song_0009808,Rihanna,Future Nostalgia,189984,46
Song_0009809,Drake,Evolve,246835,59
Song_0009810,Ed Sheeran,Midnights,195718,62
Song_0009811,Ed Sheeran,Anti,216523,59
Song_0009812,Justin Bieber,When We All Fall Asleep,243581,67
Song_0009813,Justin Bieber,Evolve,310645,35
Song_0009814,Adele,Justice,124681,35
Song_0009815,Dua Lipa,Justice,246991,68
Song_0009816,Imagine Dragons,Anti,257204,2
Song_0009817,Taylor Swift,Anti,274396,7
Song_0009818,Dua Lipa,Future Nostalgia,308323,74
Song_0009819,Imagine Dragons,Anti,281416,46
Song_0009820,Drake,25,310592,51
Song_0009821,Rihanna,25,302928,82
Song_0009822,The Weeknd,Anti,174129,10
Song_0009823,Imagine Dragons,Future Nostalgia,307618,89
Song_0009824,Rihanna,Divide,305683,64
Song_0009825,Imagine Dragons,After Hours,302236,7
Song_0009826,Rihanna,Evolve,163184,5
Song_0009827,Dua Lipa,Evolve,228123,45
Song_0009828,Ed Sheeran,Anti,208762,25
Song_0009829,Ed Sheeran,Anti,171493,60
Song_0009830,Dua Lipa,Scorpion,208558,64
Song_0009831,The Weeknd,25,268966,40
Song_0009832,Drake,After Hours,268073,15
Song_0009833,Adele,Justice,241841,7
Song_0009834,Dua Lipa,Future Nostalgia,231831,88
Song_0009835,Justin Bieber,After Hours,203394,44
Song_0009836,Ed Sheeran,Justice,150015,65
Song_0009837,Adele,Anti,216778,41
Song_0009838,The Weeknd,Justice,313141,12
Song_0009839,Rihanna,Anti,215269,3
Song_0009840,Drake,Divide,261433,46
Song_0009841,The Weeknd,Anti,251447,57
Song_0009842,Justin Bieber,Anti,273799,47
Song_0009843,The Weeknd,Scorpion,141164,94
Song_0009844,The Weeknd,When We All Fall Asleep,226612,97
Song_0009845,Ed Sheeran,Midnights,312372,48
Song_0009846,Taylor Swift,After Hours,145308,26
Song_0009847,Billie Eilish,Anti,240553,72
Song_0009848,Taylor Swift,Future Nostalgia,120194,54
Song_0009849,Justin Bieber,Midnights,228398,68
Song_0009850,Dua Lipa,25,163635,55
Song_0009851,Taylor Swift,Anti,229018,82
Song_0009852,Ed Sheeran,After Hours,249683,47
Song_0009853,Adele,Divide,225512,87
Song_0009854,Rihanna,Scorpion,127773,61
Song_0009855,Justin Bieber,After Hours,313275,41
Song_0009856,Drake,Justice,293045,58
Song_0009857,The Weeknd,Evolve,126689,23
Song_0009858,Taylor Swift,Future Nostalgia,230911,80
Song_0009859,Adele,Future Nostalgia,184132,41
Song_0009860,Rihanna,Evolve,210721,79
Song_0009861,Imagine Dragons,Future Nostalgia,168181,56
Song_0009862,Drake,When We All Fall Asleep,190070,4
Song_0009863,Ed Sheeran,Scorpion,229229,57
Song_0009864,The Weeknd,When We All Fall Asleep,312449,14
Song_0009865,Dua Lipa,Evolve,283904,54
Song_0009866,Taylor Swift,After Hours,300294,11
Song_0009867,Adele,Midnights,209554,17
Song_0009868,Dua Lipa,Future Nostalgia,273698,50
Song_0009869,Justin Bieber,Future Nostalgia,141368,13
Song_0009870,Ed Sheeran,Evolve,171972,4
Song_0009871,Ed Sheeran,When We All Fall Asleep,171984,70
Song_0009872,Dua Lipa,When We All Fall Asleep,294557,56
Song_0009873,Adele,Divide,206069,78
Song_0009874,Justin Bieber,Midnights,263951,33
Song_0009875,Taylor Swift,Evolve,144660,94
Song_0009876,Justin Bieber,Midnights,319600,57
Song_0009877,Adele,After Hours,211530,27
Song_0009878,Adele,Divide,137554,65
Song_0009879,Taylor Swift,Anti,153199,38
Song_0009880,Drake,Evolve,154917,10
Song_0009881,Billie Eilish,Evolve,226298,99
Song_0009882,Ed Sheeran,Midnights,159022,78
Song_0009883,Rihanna,Evolve,250774,82
Song_0009884,Rihanna,Scorpion,184591,69
Song_0009885,Taylor Swift,Future Nostalgia,181927,9
Song_0009886,Drake,Divide,243556,1
Song_0009887,The Weeknd,Midnights,311398,80
Song_0009888,Justin Bieber,When We All Fall Asleep,177862,26
Song_0009889,Taylor Swift,Future Nostalgia,240045,49
Song_0009890,Ed Sheeran,25,136781,80
Song_0009891,Rihanna,Scorpion,235447,32
Song_0009892,The Weeknd,Justice,272235,48
Song_0009893,The Weeknd,Evolve,158110,75
Song_0009894,The Weeknd,After Hours,139179,13
Song_0009895,Imagine Dragons,Justice,314972,39
Song_0009896,Billie Eilish,Evolve,142527,79
Song_0009897,Imagine Dragons,When We All Fall Asleep,279862,60
Song_0009898,Taylor Swift,Divide,250212,96
Song_0009899,Rihanna,When We All Fall Asleep,133878,27
Song_0009900,Justin Bieber,Anti,167818,73
Song_0009901,Justin Bieber,Anti,255119,41
Song_0009902,Billie Eilish,Justice,219762,66
Song_0009903,The Weeknd,After Hours,273501,26
Song_0009904,Billie Eilish,After Hours,202233,72
Song_0009905,Dua Lipa,Anti,140826,53
Song_0009906,Billie Eilish,When We All Fall Asleep,269864,81
Song_0009907,The Weeknd,Anti,169134,98
Song_0009908,Drake,25,156903,53
Song_0009909,Dua Lipa,Divide,167875,91
Song_0009910,Ed Sheeran,After Hours,135136,96
Song_0009911,Taylor Swift,Scorpion,256500,97
Song_0009912,Imagine Dragons,Divide,173878,92
Song_0009913,Billie Eilish,25,208239,53
Song_0009914,Billie Eilish,Evolve,225737,11
Song_0009915,Rihanna,Future Nostalgia,228520,25
Song_0009916,The Weeknd,Scorpion,169072,12
Song_0009917,Taylor Swift,Midnights,158460,29
Song_0009918,Rihanna,Justice,220662,47
Song_0009919,Adele,25,273664,89
Song_0009920,Drake,After Hours,213869,8
Song_0009921,Adele,Scorpion,134554,87
Song_0009922,Adele,After Hours,177829,97
Song_0009923,Rihanna,When We All Fall Asleep,161157,14
Song_0009924,Ed Sheeran,Justice,269730,96
Song_0009925,Ed Sheeran,When We All Fall Asleep,279543,28
Song_0009926,Dua Lipa,When We All Fall Asleep,184136,11
Song_0009927,The Weeknd,Divide,289511,17
Song_0009928,The Weeknd,Future Nostalgia,187606,1
Song_0009929,Drake,Justice,301049,64
Song_0009930,Imagine Dragons,Midnights,188488,17
Song_0009931,Rihanna,Midnights,302032,40
Song_0009932,The Weeknd,Scorpion,296552,50
Song_0009933,Billie Eilish,After Hours,130672,25
Song_0009934,Justin Bieber,Justice,207394,83
Song_0009935,Imagine Dragons,Midnights,127416,55
Song_0009936,Dua Lipa,Scorpion,156845,19
Song_0009937,Rihanna,When We All Fall Asleep,154040,82
Song_0009938,Ed Sheeran,Evolve,124497,36
Song_0009939,Ed Sheeran,Justice,234008,15
Song_0009940,Dua Lipa,Midnights,154136,71
Song_0009941,The Weeknd,Anti,288390,63
Song_0009942,Rihanna,After Hours,271201,9
Song_0009943,Billie Eilish,Divide,220837,60
Song_0009944,Drake,Justice,299684,31
Song_0009945,Rihanna,25,314126,37
Song_0009946,Rihanna,Anti,262011,47
Song_0009947,Ed Sheeran,When We All Fall Asleep,295099,26
Song_0009948,Imagine Dragons,Future Nostalgia,296603,82
Song_0009949,Justin Bieber,Midnights,252372,86
Song_0009950,Imagine Dragons,Anti,275035,99
Song_0009951,Dua Lipa,When We All Fall Asleep,241457,9
Song_0009952,Justin Bieber,Anti,248753,38
Song_0009953,Dua Lipa,Midnights,127383,32
Song_0009954,Rihanna,Future Nostalgia,277523,17
Song_0009955,Justin Bieber,Evolve,132540,51
Song_0009956,Rihanna,After Hours,241122,89
Song_0009957,Imagine Dragons,Anti,168102,21
Song_0009958,Dua Lipa,25,174765,82
Song_0009959,Taylor Swift,Justice,173111,35
Song_0009960,Drake,Future Nostalgia,124713,98
Song_0009961,Adele,Midnights,309654,69
Song_0009962,Billie Eilish,Divide,267010,70
Song_0009963,Dua Lipa,25,297705,76
Song_0009964,Drake,25,280990,91
Song_0009965,The Weeknd,Divide,304479,78
Song_0009966,The Weeknd,25,133819,26
Song_0009967,The Weeknd,25,177251,6
Song_0009968,Justin Bieber,Divide,148691,37
Song_0009969,Ed Sheeran,Future Nostalgia,124608,14
Song_0009970,Imagine Dragons,Scorpion,238268,33
Song_0009971,Rihanna,25,309356,62
Song_0009972,Adele,Anti,185598,36
Song_0009973,The Weeknd,When We All Fall Asleep,228999,16
Song_0009974,The Weeknd,Justice,316440,49
Song_0009975,Ed Sheeran,Divide,125087,84
Song_0009976,Billie Eilish,Scorpion,287233,22
Song_0009977,Justin Bieber,Divide,187820,29
Song_0009978,Ed Sheeran,Justice,167230,98
Song_0009979,The Weeknd,Midnights,247865,35
Song_0009980,Ed Sheeran,Evolve,270622,97
Song_0009981,Rihanna,Scorpion,300197,34
Song_0009982,Rihanna,When We All Fall Asleep,187012,4
Song_0009983,Justin Bieber,Justice,224496,97
Song_0009984,Taylor Swift,Midnights,247434,97
Song_0009985,Billie Eilish,Anti,158609,39
Song_0009986,Billie Eilish,Anti,186669,35
Song_0009987,Imagine Dragons,Scorpion,211528,83
Song_0009988,Ed Sheeran,Justice,191867,64
Song_0009989,Imagine Dragons,Divide,205784,38
Song_0009990,Taylor Swift,After Hours,142448,67
Song_0009991,Justin Bieber,Divide,304887,81
Song_0009992,Ed Sheeran,Scorpion,264394,68
Song_0009993,Ed Sheeran,Future Nostalgia,276878,56
Song_0009994,Taylor Swift,25,213019,29
Song_0009995,Adele,Future Nostalgia,278767,54
Song_0009996,Drake,Anti,297680,10
Song_0009997,Rihanna,Divide,308253,29
Song_0009998,The Weeknd,After Hours,284499,41
Song_0009999,Drake,Future Nostalgia,273745,57
